current directory: /Users/simonepernice/Desktop/GIT/R_packages_project/gitPage/epimod/vendor/bundle/ruby/2.6.0/gems/commonmarker-0.23.12/ext/commonmarker
/System/Library/Frameworks/Ruby.framework/Versions/2.6/usr/bin/ruby -I /Library/Ruby/Site/2.6.0 -r ./siteconf20260127-29680-1fdlwm9.rb extconf.rb
checking for whether -std=c99 is accepted as CFLAGS... yes
creating Makefile

current directory: /Users/simonepernice/Desktop/GIT/R_packages_project/gitPage/epimod/vendor/bundle/ruby/2.6.0/gems/commonmarker-0.23.12/ext/commonmarker
make "DESTDIR=" clean

current directory: /Users/simonepernice/Desktop/GIT/R_packages_project/gitPage/epimod/vendor/bundle/ruby/2.6.0/gems/commonmarker-0.23.12/ext/commonmarker
make "DESTDIR="
compiling arena.c
compiling autolink.c
compiling blocks.c
compiling buffer.c
compiling cmark.c
compiling cmark_ctype.c
compiling commonmark.c
compiling commonmarker.c
In file included from commonmarker.c:3:
In file included from ./houdini.h:9:
./config.h:8:9: warning: 'HAVE_STDBOOL_H' macro redefined [-Wmacro-redefined]
    8 | #define HAVE_STDBOOL_H
      |         ^
/Library/Developer/CommandLineTools/SDKs/MacOSX.sdk/System/Library/Frameworks/Ruby.framework/Versions/2.6/usr/include/ruby-2.6.0/universal-darwin25/ruby/config.h:25:9: note: previous definition is here
   25 | #define HAVE_STDBOOL_H 1
      |         ^
commonmarker.c:50:43: warning: passing 'const char *' to parameter of type 'void *' discards qualifiers [-Wincompatible-pointer-types-discards-qualifiers]
   50 |   cmark_get_default_mem_allocator()->free(str);
      |                                           ^~~
commonmarker.c:439:21: warning: '(' and '{' tokens introducing statement expression appear in different macro expansion contexts [-Wcompound-token-split-by-macro]
  439 |       return ID2SYM(rb_intern(s));
      |                     ^~~~~~~~~~~~
/Library/Developer/CommandLineTools/SDKs/MacOSX.sdk/System/Library/Frameworks/Ruby.framework/Versions/2.6/usr/include/ruby-2.6.0/ruby/ruby.h:1826:23: note: expanded from macro 'rb_intern'
 1826 |         __extension__ (RUBY_CONST_ID_CACHE((ID), (str))) : \
      |                       ^
/Library/Developer/CommandLineTools/SDKs/MacOSX.sdk/System/Library/Frameworks/Ruby.framework/Versions/2.6/usr/include/ruby-2.6.0/ruby/ruby.h:413:29: note: expanded from macro 'ID2SYM'
  413 | #define ID2SYM(x) RB_ID2SYM(x)
      |                             ^
/Library/Developer/CommandLineTools/SDKs/MacOSX.sdk/System/Library/Frameworks/Ruby.framework/Versions/2.6/usr/include/ruby-2.6.0/ruby/ruby.h:408:33: note: expanded from macro 'RB_ID2SYM'
  408 | #define RB_ID2SYM(x) (rb_id2sym(x))
      |                                 ^
commonmarker.c:439:21: note: '{' token is here
  439 |       return ID2SYM(rb_intern(s));
      |                     ^~~~~~~~~~~~
/Library/Developer/CommandLineTools/SDKs/MacOSX.sdk/System/Library/Frameworks/Ruby.framework/Versions/2.6/usr/include/ruby-2.6.0/ruby/ruby.h:1826:24: note: expanded from macro 'rb_intern'
 1826 |         __extension__ (RUBY_CONST_ID_CACHE((ID), (str))) : \
      |                        ^~~~~~~~~~~~~~~~~~~~~~~~~~~~~~~~
/Library/Developer/CommandLineTools/SDKs/MacOSX.sdk/System/Library/Frameworks/Ruby.framework/Versions/2.6/usr/include/ruby-2.6.0/ruby/ruby.h:1811:5: note: expanded from macro 'RUBY_CONST_ID_CACHE'
 1811 |     {                                                   \
      |     ^
/Library/Developer/CommandLineTools/SDKs/MacOSX.sdk/System/Library/Frameworks/Ruby.framework/Versions/2.6/usr/include/ruby-2.6.0/ruby/ruby.h:413:29: note: expanded from macro 'ID2SYM'
  413 | #define ID2SYM(x) RB_ID2SYM(x)
      |                             ^
/Library/Developer/CommandLineTools/SDKs/MacOSX.sdk/System/Library/Frameworks/Ruby.framework/Versions/2.6/usr/include/ruby-2.6.0/ruby/ruby.h:408:33: note: expanded from macro 'RB_ID2SYM'
  408 | #define RB_ID2SYM(x) (rb_id2sym(x))
      |                                 ^
commonmarker.c:439:21: warning: '}' and ')' tokens terminating statement expression appear in different macro expansion contexts [-Wcompound-token-split-by-macro]
  439 |       return ID2SYM(rb_intern(s));
      |                     ^~~~~~~~~~~~
/Library/Developer/CommandLineTools/SDKs/MacOSX.sdk/System/Library/Frameworks/Ruby.framework/Versions/2.6/usr/include/ruby-2.6.0/ruby/ruby.h:1826:24: note: expanded from macro 'rb_intern'
 1826 |         __extension__ (RUBY_CONST_ID_CACHE((ID), (str))) : \
      |                        ^~~~~~~~~~~~~~~~~~~~~~~~~~~~~~~~
/Library/Developer/CommandLineTools/SDKs/MacOSX.sdk/System/Library/Frameworks/Ruby.framework/Versions/2.6/usr/include/ruby-2.6.0/ruby/ruby.h:1816:5: note: expanded from macro 'RUBY_CONST_ID_CACHE'
 1816 |     }
      |     ^
/Library/Developer/CommandLineTools/SDKs/MacOSX.sdk/System/Library/Frameworks/Ruby.framework/Versions/2.6/usr/include/ruby-2.6.0/ruby/ruby.h:413:29: note: expanded from macro 'ID2SYM'
  413 | #define ID2SYM(x) RB_ID2SYM(x)
      |                             ^
/Library/Developer/CommandLineTools/SDKs/MacOSX.sdk/System/Library/Frameworks/Ruby.framework/Versions/2.6/usr/include/ruby-2.6.0/ruby/ruby.h:408:33: note: expanded from macro 'RB_ID2SYM'
  408 | #define RB_ID2SYM(x) (rb_id2sym(x))
      |                                 ^
commonmarker.c:439:21: note: ')' token is here
  439 |       return ID2SYM(rb_intern(s));
      |                     ^~~~~~~~~~~~
/Library/Developer/CommandLineTools/SDKs/MacOSX.sdk/System/Library/Frameworks/Ruby.framework/Versions/2.6/usr/include/ruby-2.6.0/ruby/ruby.h:1826:56: note: expanded from macro 'rb_intern'
 1826 |         __extension__ (RUBY_CONST_ID_CACHE((ID), (str))) : \
      |                                                        ^
/Library/Developer/CommandLineTools/SDKs/MacOSX.sdk/System/Library/Frameworks/Ruby.framework/Versions/2.6/usr/include/ruby-2.6.0/ruby/ruby.h:413:29: note: expanded from macro 'ID2SYM'
  413 | #define ID2SYM(x) RB_ID2SYM(x)
      |                             ^
/Library/Developer/CommandLineTools/SDKs/MacOSX.sdk/System/Library/Frameworks/Ruby.framework/Versions/2.6/usr/include/ruby-2.6.0/ruby/ruby.h:408:33: note: expanded from macro 'RB_ID2SYM'
  408 | #define RB_ID2SYM(x) (rb_id2sym(x))
      |                                 ^
commonmarker.c:465:24: warning: '(' and '{' tokens introducing statement expression appear in different macro expansion contexts [-Wcompound-token-split-by-macro]
  465 |   rb_hash_aset(result, CSTR2SYM("start_line"), INT2NUM(start_line));
      |                        ^~~~~~~~~~~~~~~~~~~~~~
./commonmarker.h:12:29: note: expanded from macro 'CSTR2SYM'
   12 | #define CSTR2SYM(s) (ID2SYM(rb_intern((s))))
      |                             ^~~~~~~~~~~~~~
/Library/Developer/CommandLineTools/SDKs/MacOSX.sdk/System/Library/Frameworks/Ruby.framework/Versions/2.6/usr/include/ruby-2.6.0/ruby/ruby.h:1826:23: note: expanded from macro 'rb_intern'
 1826 |         __extension__ (RUBY_CONST_ID_CACHE((ID), (str))) : \
      |                       ^
/Library/Developer/CommandLineTools/SDKs/MacOSX.sdk/System/Library/Frameworks/Ruby.framework/Versions/2.6/usr/include/ruby-2.6.0/ruby/ruby.h:413:29: note: expanded from macro 'ID2SYM'
  413 | #define ID2SYM(x) RB_ID2SYM(x)
      |                             ^
/Library/Developer/CommandLineTools/SDKs/MacOSX.sdk/System/Library/Frameworks/Ruby.framework/Versions/2.6/usr/include/ruby-2.6.0/ruby/ruby.h:408:33: note: expanded from macro 'RB_ID2SYM'
  408 | #define RB_ID2SYM(x) (rb_id2sym(x))
      |                                 ^
commonmarker.c:465:24: note: '{' token is here
  465 |   rb_hash_aset(result, CSTR2SYM("start_line"), INT2NUM(start_line));
      |                        ^~~~~~~~~~~~~~~~~~~~~~
./commonmarker.h:12:29: note: expanded from macro 'CSTR2SYM'
   12 | #define CSTR2SYM(s) (ID2SYM(rb_intern((s))))
      |                             ^~~~~~~~~~~~~~
/Library/Developer/CommandLineTools/SDKs/MacOSX.sdk/System/Library/Frameworks/Ruby.framework/Versions/2.6/usr/include/ruby-2.6.0/ruby/ruby.h:1826:24: note: expanded from macro 'rb_intern'
 1826 |         __extension__ (RUBY_CONST_ID_CACHE((ID), (str))) : \
      |                        ^~~~~~~~~~~~~~~~~~~~~~~~~~~~~~~~
/Library/Developer/CommandLineTools/SDKs/MacOSX.sdk/System/Library/Frameworks/Ruby.framework/Versions/2.6/usr/include/ruby-2.6.0/ruby/ruby.h:1811:5: note: expanded from macro 'RUBY_CONST_ID_CACHE'
 1811 |     {                                                   \
      |     ^
/Library/Developer/CommandLineTools/SDKs/MacOSX.sdk/System/Library/Frameworks/Ruby.framework/Versions/2.6/usr/include/ruby-2.6.0/ruby/ruby.h:413:29: note: expanded from macro 'ID2SYM'
  413 | #define ID2SYM(x) RB_ID2SYM(x)
      |                             ^
/Library/Developer/CommandLineTools/SDKs/MacOSX.sdk/System/Library/Frameworks/Ruby.framework/Versions/2.6/usr/include/ruby-2.6.0/ruby/ruby.h:408:33: note: expanded from macro 'RB_ID2SYM'
  408 | #define RB_ID2SYM(x) (rb_id2sym(x))
      |                                 ^
commonmarker.c:465:24: warning: '}' and ')' tokens terminating statement expression appear in different macro expansion contexts [-Wcompound-token-split-by-macro]
  465 |   rb_hash_aset(result, CSTR2SYM("start_line"), INT2NUM(start_line));
      |                        ^~~~~~~~~~~~~~~~~~~~~~
./commonmarker.h:12:29: note: expanded from macro 'CSTR2SYM'
   12 | #define CSTR2SYM(s) (ID2SYM(rb_intern((s))))
      |                             ^~~~~~~~~~~~~~
/Library/Developer/CommandLineTools/SDKs/MacOSX.sdk/System/Library/Frameworks/Ruby.framework/Versions/2.6/usr/include/ruby-2.6.0/ruby/ruby.h:1826:24: note: expanded from macro 'rb_intern'
 1826 |         __extension__ (RUBY_CONST_ID_CACHE((ID), (str))) : \
      |                        ^~~~~~~~~~~~~~~~~~~~~~~~~~~~~~~~
/Library/Developer/CommandLineTools/SDKs/MacOSX.sdk/System/Library/Frameworks/Ruby.framework/Versions/2.6/usr/include/ruby-2.6.0/ruby/ruby.h:1816:5: note: expanded from macro 'RUBY_CONST_ID_CACHE'
 1816 |     }
      |     ^
/Library/Developer/CommandLineTools/SDKs/MacOSX.sdk/System/Library/Frameworks/Ruby.framework/Versions/2.6/usr/include/ruby-2.6.0/ruby/ruby.h:413:29: note: expanded from macro 'ID2SYM'
  413 | #define ID2SYM(x) RB_ID2SYM(x)
      |                             ^
/Library/Developer/CommandLineTools/SDKs/MacOSX.sdk/System/Library/Frameworks/Ruby.framework/Versions/2.6/usr/include/ruby-2.6.0/ruby/ruby.h:408:33: note: expanded from macro 'RB_ID2SYM'
  408 | #define RB_ID2SYM(x) (rb_id2sym(x))
      |                                 ^
commonmarker.c:465:24: note: ')' token is here
  465 |   rb_hash_aset(result, CSTR2SYM("start_line"), INT2NUM(start_line));
      |                        ^~~~~~~~~~~~~~~~~~~~~~
./commonmarker.h:12:29: note: expanded from macro 'CSTR2SYM'
   12 | #define CSTR2SYM(s) (ID2SYM(rb_intern((s))))
      |                             ^~~~~~~~~~~~~~
/Library/Developer/CommandLineTools/SDKs/MacOSX.sdk/System/Library/Frameworks/Ruby.framework/Versions/2.6/usr/include/ruby-2.6.0/ruby/ruby.h:1826:56: note: expanded from macro 'rb_intern'
 1826 |         __extension__ (RUBY_CONST_ID_CACHE((ID), (str))) : \
      |                                                        ^
/Library/Developer/CommandLineTools/SDKs/MacOSX.sdk/System/Library/Frameworks/Ruby.framework/Versions/2.6/usr/include/ruby-2.6.0/ruby/ruby.h:413:29: note: expanded from macro 'ID2SYM'
  413 | #define ID2SYM(x) RB_ID2SYM(x)
      |                             ^
/Library/Developer/CommandLineTools/SDKs/MacOSX.sdk/System/Library/Frameworks/Ruby.framework/Versions/2.6/usr/include/ruby-2.6.0/ruby/ruby.h:408:33: note: expanded from macro 'RB_ID2SYM'
  408 | #define RB_ID2SYM(x) (rb_id2sym(x))
      |                                 ^
commonmarker.c:466:24: warning: '(' and '{' tokens introducing statement expression appear in different macro expansion contexts [-Wcompound-token-split-by-macro]
  466 |   rb_hash_aset(result, CSTR2SYM("start_column"), INT2NUM(start_column));
      |                        ^~~~~~~~~~~~~~~~~~~~~~~~
./commonmarker.h:12:29: note: expanded from macro 'CSTR2SYM'
   12 | #define CSTR2SYM(s) (ID2SYM(rb_intern((s))))
      |                             ^~~~~~~~~~~~~~
/Library/Developer/CommandLineTools/SDKs/MacOSX.sdk/System/Library/Frameworks/Ruby.framework/Versions/2.6/usr/include/ruby-2.6.0/ruby/ruby.h:1826:23: note: expanded from macro 'rb_intern'
 1826 |         __extension__ (RUBY_CONST_ID_CACHE((ID), (str))) : \
      |                       ^
/Library/Developer/CommandLineTools/SDKs/MacOSX.sdk/System/Library/Frameworks/Ruby.framework/Versions/2.6/usr/include/ruby-2.6.0/ruby/ruby.h:413:29: note: expanded from macro 'ID2SYM'
  413 | #define ID2SYM(x) RB_ID2SYM(x)
      |                             ^
/Library/Developer/CommandLineTools/SDKs/MacOSX.sdk/System/Library/Frameworks/Ruby.framework/Versions/2.6/usr/include/ruby-2.6.0/ruby/ruby.h:408:33: note: expanded from macro 'RB_ID2SYM'
  408 | #define RB_ID2SYM(x) (rb_id2sym(x))
      |                                 ^
commonmarker.c:466:24: note: '{' token is here
  466 |   rb_hash_aset(result, CSTR2SYM("start_column"), INT2NUM(start_column));
      |                        ^~~~~~~~~~~~~~~~~~~~~~~~
./commonmarker.h:12:29: note: expanded from macro 'CSTR2SYM'
   12 | #define CSTR2SYM(s) (ID2SYM(rb_intern((s))))
      |                             ^~~~~~~~~~~~~~
/Library/Developer/CommandLineTools/SDKs/MacOSX.sdk/System/Library/Frameworks/Ruby.framework/Versions/2.6/usr/include/ruby-2.6.0/ruby/ruby.h:1826:24: note: expanded from macro 'rb_intern'
 1826 |         __extension__ (RUBY_CONST_ID_CACHE((ID), (str))) : \
      |                        ^~~~~~~~~~~~~~~~~~~~~~~~~~~~~~~~
/Library/Developer/CommandLineTools/SDKs/MacOSX.sdk/System/Library/Frameworks/Ruby.framework/Versions/2.6/usr/include/ruby-2.6.0/ruby/ruby.h:1811:5: note: expanded from macro 'RUBY_CONST_ID_CACHE'
 1811 |     {                                                   \
      |     ^
/Library/Developer/CommandLineTools/SDKs/MacOSX.sdk/System/Library/Frameworks/Ruby.framework/Versions/2.6/usr/include/ruby-2.6.0/ruby/ruby.h:413:29: note: expanded from macro 'ID2SYM'
  413 | #define ID2SYM(x) RB_ID2SYM(x)
      |                             ^
/Library/Developer/CommandLineTools/SDKs/MacOSX.sdk/System/Library/Frameworks/Ruby.framework/Versions/2.6/usr/include/ruby-2.6.0/ruby/ruby.h:408:33: note: expanded from macro 'RB_ID2SYM'
  408 | #define RB_ID2SYM(x) (rb_id2sym(x))
      |                                 ^
commonmarker.c:466:24: warning: '}' and ')' tokens terminating statement expression appear in different macro expansion contexts [-Wcompound-token-split-by-macro]
  466 |   rb_hash_aset(result, CSTR2SYM("start_column"), INT2NUM(start_column));
      |                        ^~~~~~~~~~~~~~~~~~~~~~~~
./commonmarker.h:12:29: note: expanded from macro 'CSTR2SYM'
   12 | #define CSTR2SYM(s) (ID2SYM(rb_intern((s))))
      |                             ^~~~~~~~~~~~~~
/Library/Developer/CommandLineTools/SDKs/MacOSX.sdk/System/Library/Frameworks/Ruby.framework/Versions/2.6/usr/include/ruby-2.6.0/ruby/ruby.h:1826:24: note: expanded from macro 'rb_intern'
 1826 |         __extension__ (RUBY_CONST_ID_CACHE((ID), (str))) : \
      |                        ^~~~~~~~~~~~~~~~~~~~~~~~~~~~~~~~
/Library/Developer/CommandLineTools/SDKs/MacOSX.sdk/System/Library/Frameworks/Ruby.framework/Versions/2.6/usr/include/ruby-2.6.0/ruby/ruby.h:1816:5: note: expanded from macro 'RUBY_CONST_ID_CACHE'
 1816 |     }
      |     ^
/Library/Developer/CommandLineTools/SDKs/MacOSX.sdk/System/Library/Frameworks/Ruby.framework/Versions/2.6/usr/include/ruby-2.6.0/ruby/ruby.h:413:29: note: expanded from macro 'ID2SYM'
  413 | #define ID2SYM(x) RB_ID2SYM(x)
      |                             ^
/Library/Developer/CommandLineTools/SDKs/MacOSX.sdk/System/Library/Frameworks/Ruby.framework/Versions/2.6/usr/include/ruby-2.6.0/ruby/ruby.h:408:33: note: expanded from macro 'RB_ID2SYM'
  408 | #define RB_ID2SYM(x) (rb_id2sym(x))
      |                                 ^
commonmarker.c:466:24: note: ')' token is here
  466 |   rb_hash_aset(result, CSTR2SYM("start_column"), INT2NUM(start_column));
      |                        ^~~~~~~~~~~~~~~~~~~~~~~~
./commonmarker.h:12:29: note: expanded from macro 'CSTR2SYM'
   12 | #define CSTR2SYM(s) (ID2SYM(rb_intern((s))))
      |                             ^~~~~~~~~~~~~~
/Library/Developer/CommandLineTools/SDKs/MacOSX.sdk/System/Library/Frameworks/Ruby.framework/Versions/2.6/usr/include/ruby-2.6.0/ruby/ruby.h:1826:56: note: expanded from macro 'rb_intern'
 1826 |         __extension__ (RUBY_CONST_ID_CACHE((ID), (str))) : \
      |                                                        ^
/Library/Developer/CommandLineTools/SDKs/MacOSX.sdk/System/Library/Frameworks/Ruby.framework/Versions/2.6/usr/include/ruby-2.6.0/ruby/ruby.h:413:29: note: expanded from macro 'ID2SYM'
  413 | #define ID2SYM(x) RB_ID2SYM(x)
      |                             ^
/Library/Developer/CommandLineTools/SDKs/MacOSX.sdk/System/Library/Frameworks/Ruby.framework/Versions/2.6/usr/include/ruby-2.6.0/ruby/ruby.h:408:33: note: expanded from macro 'RB_ID2SYM'
  408 | #define RB_ID2SYM(x) (rb_id2sym(x))
      |                                 ^
commonmarker.c:467:24: warning: '(' and '{' tokens introducing statement expression appear in different macro expansion contexts [-Wcompound-token-split-by-macro]
  467 |   rb_hash_aset(result, CSTR2SYM("end_line"), INT2NUM(end_line));
      |                        ^~~~~~~~~~~~~~~~~~~~
./commonmarker.h:12:29: note: expanded from macro 'CSTR2SYM'
   12 | #define CSTR2SYM(s) (ID2SYM(rb_intern((s))))
      |                             ^~~~~~~~~~~~~~
/Library/Developer/CommandLineTools/SDKs/MacOSX.sdk/System/Library/Frameworks/Ruby.framework/Versions/2.6/usr/include/ruby-2.6.0/ruby/ruby.h:1826:23: note: expanded from macro 'rb_intern'
 1826 |         __extension__ (RUBY_CONST_ID_CACHE((ID), (str))) : \
      |                       ^
/Library/Developer/CommandLineTools/SDKs/MacOSX.sdk/System/Library/Frameworks/Ruby.framework/Versions/2.6/usr/include/ruby-2.6.0/ruby/ruby.h:413:29: note: expanded from macro 'ID2SYM'
  413 | #define ID2SYM(x) RB_ID2SYM(x)
      |                             ^
/Library/Developer/CommandLineTools/SDKs/MacOSX.sdk/System/Library/Frameworks/Ruby.framework/Versions/2.6/usr/include/ruby-2.6.0/ruby/ruby.h:408:33: note: expanded from macro 'RB_ID2SYM'
  408 | #define RB_ID2SYM(x) (rb_id2sym(x))
      |                                 ^
commonmarker.c:467:24: note: '{' token is here
  467 |   rb_hash_aset(result, CSTR2SYM("end_line"), INT2NUM(end_line));
      |                        ^~~~~~~~~~~~~~~~~~~~
./commonmarker.h:12:29: note: expanded from macro 'CSTR2SYM'
   12 | #define CSTR2SYM(s) (ID2SYM(rb_intern((s))))
      |                             ^~~~~~~~~~~~~~
/Library/Developer/CommandLineTools/SDKs/MacOSX.sdk/System/Library/Frameworks/Ruby.framework/Versions/2.6/usr/include/ruby-2.6.0/ruby/ruby.h:1826:24: note: expanded from macro 'rb_intern'
 1826 |         __extension__ (RUBY_CONST_ID_CACHE((ID), (str))) : \
      |                        ^~~~~~~~~~~~~~~~~~~~~~~~~~~~~~~~
/Library/Developer/CommandLineTools/SDKs/MacOSX.sdk/System/Library/Frameworks/Ruby.framework/Versions/2.6/usr/include/ruby-2.6.0/ruby/ruby.h:1811:5: note: expanded from macro 'RUBY_CONST_ID_CACHE'
 1811 |     {                                                   \
      |     ^
/Library/Developer/CommandLineTools/SDKs/MacOSX.sdk/System/Library/Frameworks/Ruby.framework/Versions/2.6/usr/include/ruby-2.6.0/ruby/ruby.h:413:29: note: expanded from macro 'ID2SYM'
  413 | #define ID2SYM(x) RB_ID2SYM(x)
      |                             ^
/Library/Developer/CommandLineTools/SDKs/MacOSX.sdk/System/Library/Frameworks/Ruby.framework/Versions/2.6/usr/include/ruby-2.6.0/ruby/ruby.h:408:33: note: expanded from macro 'RB_ID2SYM'
  408 | #define RB_ID2SYM(x) (rb_id2sym(x))
      |                                 ^
commonmarker.c:467:24: warning: '}' and ')' tokens terminating statement expression appear in different macro expansion contexts [-Wcompound-token-split-by-macro]
  467 |   rb_hash_aset(result, CSTR2SYM("end_line"), INT2NUM(end_line));
      |                        ^~~~~~~~~~~~~~~~~~~~
./commonmarker.h:12:29: note: expanded from macro 'CSTR2SYM'
   12 | #define CSTR2SYM(s) (ID2SYM(rb_intern((s))))
      |                             ^~~~~~~~~~~~~~
/Library/Developer/CommandLineTools/SDKs/MacOSX.sdk/System/Library/Frameworks/Ruby.framework/Versions/2.6/usr/include/ruby-2.6.0/ruby/ruby.h:1826:24: note: expanded from macro 'rb_intern'
 1826 |         __extension__ (RUBY_CONST_ID_CACHE((ID), (str))) : \
      |                        ^~~~~~~~~~~~~~~~~~~~~~~~~~~~~~~~
/Library/Developer/CommandLineTools/SDKs/MacOSX.sdk/System/Library/Frameworks/Ruby.framework/Versions/2.6/usr/include/ruby-2.6.0/ruby/ruby.h:1816:5: note: expanded from macro 'RUBY_CONST_ID_CACHE'
 1816 |     }
      |     ^
/Library/Developer/CommandLineTools/SDKs/MacOSX.sdk/System/Library/Frameworks/Ruby.framework/Versions/2.6/usr/include/ruby-2.6.0/ruby/ruby.h:413:29: note: expanded from macro 'ID2SYM'
  413 | #define ID2SYM(x) RB_ID2SYM(x)
      |                             ^
/Library/Developer/CommandLineTools/SDKs/MacOSX.sdk/System/Library/Frameworks/Ruby.framework/Versions/2.6/usr/include/ruby-2.6.0/ruby/ruby.h:408:33: note: expanded from macro 'RB_ID2SYM'
  408 | #define RB_ID2SYM(x) (rb_id2sym(x))
      |                                 ^
commonmarker.c:467:24: note: ')' token is here
  467 |   rb_hash_aset(result, CSTR2SYM("end_line"), INT2NUM(end_line));
      |                        ^~~~~~~~~~~~~~~~~~~~
./commonmarker.h:12:29: note: expanded from macro 'CSTR2SYM'
   12 | #define CSTR2SYM(s) (ID2SYM(rb_intern((s))))
      |                             ^~~~~~~~~~~~~~
/Library/Developer/CommandLineTools/SDKs/MacOSX.sdk/System/Library/Frameworks/Ruby.framework/Versions/2.6/usr/include/ruby-2.6.0/ruby/ruby.h:1826:56: note: expanded from macro 'rb_intern'
 1826 |         __extension__ (RUBY_CONST_ID_CACHE((ID), (str))) : \
      |                                                        ^
/Library/Developer/CommandLineTools/SDKs/MacOSX.sdk/System/Library/Frameworks/Ruby.framework/Versions/2.6/usr/include/ruby-2.6.0/ruby/ruby.h:413:29: note: expanded from macro 'ID2SYM'
  413 | #define ID2SYM(x) RB_ID2SYM(x)
      |                             ^
/Library/Developer/CommandLineTools/SDKs/MacOSX.sdk/System/Library/Frameworks/Ruby.framework/Versions/2.6/usr/include/ruby-2.6.0/ruby/ruby.h:408:33: note: expanded from macro 'RB_ID2SYM'
  408 | #define RB_ID2SYM(x) (rb_id2sym(x))
      |                                 ^
commonmarker.c:468:24: warning: '(' and '{' tokens introducing statement expression appear in different macro expansion contexts [-Wcompound-token-split-by-macro]
  468 |   rb_hash_aset(result, CSTR2SYM("end_column"), INT2NUM(end_column));
      |                        ^~~~~~~~~~~~~~~~~~~~~~
./commonmarker.h:12:29: note: expanded from macro 'CSTR2SYM'
   12 | #define CSTR2SYM(s) (ID2SYM(rb_intern((s))))
      |                             ^~~~~~~~~~~~~~
/Library/Developer/CommandLineTools/SDKs/MacOSX.sdk/System/Library/Frameworks/Ruby.framework/Versions/2.6/usr/include/ruby-2.6.0/ruby/ruby.h:1826:23: note: expanded from macro 'rb_intern'
 1826 |         __extension__ (RUBY_CONST_ID_CACHE((ID), (str))) : \
      |                       ^
/Library/Developer/CommandLineTools/SDKs/MacOSX.sdk/System/Library/Frameworks/Ruby.framework/Versions/2.6/usr/include/ruby-2.6.0/ruby/ruby.h:413:29: note: expanded from macro 'ID2SYM'
  413 | #define ID2SYM(x) RB_ID2SYM(x)
      |                             ^
/Library/Developer/CommandLineTools/SDKs/MacOSX.sdk/System/Library/Frameworks/Ruby.framework/Versions/2.6/usr/include/ruby-2.6.0/ruby/ruby.h:408:33: note: expanded from macro 'RB_ID2SYM'
  408 | #define RB_ID2SYM(x) (rb_id2sym(x))
      |                                 ^
commonmarker.c:468:24: note: '{' token is here
  468 |   rb_hash_aset(result, CSTR2SYM("end_column"), INT2NUM(end_column));
      |                        ^~~~~~~~~~~~~~~~~~~~~~
./commonmarker.h:12:29: note: expanded from macro 'CSTR2SYM'
   12 | #define CSTR2SYM(s) (ID2SYM(rb_intern((s))))
      |                             ^~~~~~~~~~~~~~
/Library/Developer/CommandLineTools/SDKs/MacOSX.sdk/System/Library/Frameworks/Ruby.framework/Versions/2.6/usr/include/ruby-2.6.0/ruby/ruby.h:1826:24: note: expanded from macro 'rb_intern'
 1826 |         __extension__ (RUBY_CONST_ID_CACHE((ID), (str))) : \
      |                        ^~~~~~~~~~~~~~~~~~~~~~~~~~~~~~~~
/Library/Developer/CommandLineTools/SDKs/MacOSX.sdk/System/Library/Frameworks/Ruby.framework/Versions/2.6/usr/include/ruby-2.6.0/ruby/ruby.h:1811:5: note: expanded from macro 'RUBY_CONST_ID_CACHE'
 1811 |     {                                                   \
      |     ^
/Library/Developer/CommandLineTools/SDKs/MacOSX.sdk/System/Library/Frameworks/Ruby.framework/Versions/2.6/usr/include/ruby-2.6.0/ruby/ruby.h:413:29: note: expanded from macro 'ID2SYM'
  413 | #define ID2SYM(x) RB_ID2SYM(x)
      |                             ^
/Library/Developer/CommandLineTools/SDKs/MacOSX.sdk/System/Library/Frameworks/Ruby.framework/Versions/2.6/usr/include/ruby-2.6.0/ruby/ruby.h:408:33: note: expanded from macro 'RB_ID2SYM'
  408 | #define RB_ID2SYM(x) (rb_id2sym(x))
      |                                 ^
commonmarker.c:468:24: warning: '}' and ')' tokens terminating statement expression appear in different macro expansion contexts [-Wcompound-token-split-by-macro]
  468 |   rb_hash_aset(result, CSTR2SYM("end_column"), INT2NUM(end_column));
      |                        ^~~~~~~~~~~~~~~~~~~~~~
./commonmarker.h:12:29: note: expanded from macro 'CSTR2SYM'
   12 | #define CSTR2SYM(s) (ID2SYM(rb_intern((s))))
      |                             ^~~~~~~~~~~~~~
/Library/Developer/CommandLineTools/SDKs/MacOSX.sdk/System/Library/Frameworks/Ruby.framework/Versions/2.6/usr/include/ruby-2.6.0/ruby/ruby.h:1826:24: note: expanded from macro 'rb_intern'
 1826 |         __extension__ (RUBY_CONST_ID_CACHE((ID), (str))) : \
      |                        ^~~~~~~~~~~~~~~~~~~~~~~~~~~~~~~~
/Library/Developer/CommandLineTools/SDKs/MacOSX.sdk/System/Library/Frameworks/Ruby.framework/Versions/2.6/usr/include/ruby-2.6.0/ruby/ruby.h:1816:5: note: expanded from macro 'RUBY_CONST_ID_CACHE'
 1816 |     }
      |     ^
/Library/Developer/CommandLineTools/SDKs/MacOSX.sdk/System/Library/Frameworks/Ruby.framework/Versions/2.6/usr/include/ruby-2.6.0/ruby/ruby.h:413:29: note: expanded from macro 'ID2SYM'
  413 | #define ID2SYM(x) RB_ID2SYM(x)
      |                             ^
/Library/Developer/CommandLineTools/SDKs/MacOSX.sdk/System/Library/Frameworks/Ruby.framework/Versions/2.6/usr/include/ruby-2.6.0/ruby/ruby.h:408:33: note: expanded from macro 'RB_ID2SYM'
  408 | #define RB_ID2SYM(x) (rb_id2sym(x))
      |                                 ^
commonmarker.c:468:24: note: ')' token is here
  468 |   rb_hash_aset(result, CSTR2SYM("end_column"), INT2NUM(end_column));
      |                        ^~~~~~~~~~~~~~~~~~~~~~
./commonmarker.h:12:29: note: expanded from macro 'CSTR2SYM'
   12 | #define CSTR2SYM(s) (ID2SYM(rb_intern((s))))
      |                             ^~~~~~~~~~~~~~
/Library/Developer/CommandLineTools/SDKs/MacOSX.sdk/System/Library/Frameworks/Ruby.framework/Versions/2.6/usr/include/ruby-2.6.0/ruby/ruby.h:1826:56: note: expanded from macro 'rb_intern'
 1826 |         __extension__ (RUBY_CONST_ID_CACHE((ID), (str))) : \
      |                                                        ^
/Library/Developer/CommandLineTools/SDKs/MacOSX.sdk/System/Library/Frameworks/Ruby.framework/Versions/2.6/usr/include/ruby-2.6.0/ruby/ruby.h:413:29: note: expanded from macro 'ID2SYM'
  413 | #define ID2SYM(x) RB_ID2SYM(x)
      |                             ^
/Library/Developer/CommandLineTools/SDKs/MacOSX.sdk/System/Library/Frameworks/Ruby.framework/Versions/2.6/usr/include/ruby-2.6.0/ruby/ruby.h:408:33: note: expanded from macro 'RB_ID2SYM'
  408 | #define RB_ID2SYM(x) (rb_id2sym(x))
      |                                 ^
commonmarker.c:1225:25: warning: '(' and '{' tokens introducing statement expression appear in different macro expansion contexts [-Wcompound-token-split-by-macro]
 1225 |   sym_document = ID2SYM(rb_intern("document"));
      |                         ^~~~~~~~~~~~~~~~~~~~~
/Library/Developer/CommandLineTools/SDKs/MacOSX.sdk/System/Library/Frameworks/Ruby.framework/Versions/2.6/usr/include/ruby-2.6.0/ruby/ruby.h:1826:23: note: expanded from macro 'rb_intern'
 1826 |         __extension__ (RUBY_CONST_ID_CACHE((ID), (str))) : \
      |                       ^
/Library/Developer/CommandLineTools/SDKs/MacOSX.sdk/System/Library/Frameworks/Ruby.framework/Versions/2.6/usr/include/ruby-2.6.0/ruby/ruby.h:413:29: note: expanded from macro 'ID2SYM'
  413 | #define ID2SYM(x) RB_ID2SYM(x)
      |                             ^
/Library/Developer/CommandLineTools/SDKs/MacOSX.sdk/System/Library/Frameworks/Ruby.framework/Versions/2.6/usr/include/ruby-2.6.0/ruby/ruby.h:408:33: note: expanded from macro 'RB_ID2SYM'
  408 | #define RB_ID2SYM(x) (rb_id2sym(x))
      |                                 ^
commonmarker.c:1225:25: note: '{' token is here
 1225 |   sym_document = ID2SYM(rb_intern("document"));
      |                         ^~~~~~~~~~~~~~~~~~~~~
/Library/Developer/CommandLineTools/SDKs/MacOSX.sdk/System/Library/Frameworks/Ruby.framework/Versions/2.6/usr/include/ruby-2.6.0/ruby/ruby.h:1826:24: note: expanded from macro 'rb_intern'
 1826 |         __extension__ (RUBY_CONST_ID_CACHE((ID), (str))) : \
      |                        ^~~~~~~~~~~~~~~~~~~~~~~~~~~~~~~~
/Library/Developer/CommandLineTools/SDKs/MacOSX.sdk/System/Library/Frameworks/Ruby.framework/Versions/2.6/usr/include/ruby-2.6.0/ruby/ruby.h:1811:5: note: expanded from macro 'RUBY_CONST_ID_CACHE'
 1811 |     {                                                   \
      |     ^
/Library/Developer/CommandLineTools/SDKs/MacOSX.sdk/System/Library/Frameworks/Ruby.framework/Versions/2.6/usr/include/ruby-2.6.0/ruby/ruby.h:413:29: note: expanded from macro 'ID2SYM'
  413 | #define ID2SYM(x) RB_ID2SYM(x)
      |                             ^
/Library/Developer/CommandLineTools/SDKs/MacOSX.sdk/System/Library/Frameworks/Ruby.framework/Versions/2.6/usr/include/ruby-2.6.0/ruby/ruby.h:408:33: note: expanded from macro 'RB_ID2SYM'
  408 | #define RB_ID2SYM(x) (rb_id2sym(x))
      |                                 ^
commonmarker.c:1225:25: warning: '}' and ')' tokens terminating statement expression appear in different macro expansion contexts [-Wcompound-token-split-by-macro]
 1225 |   sym_document = ID2SYM(rb_intern("document"));
      |                         ^~~~~~~~~~~~~~~~~~~~~
/Library/Developer/CommandLineTools/SDKs/MacOSX.sdk/System/Library/Frameworks/Ruby.framework/Versions/2.6/usr/include/ruby-2.6.0/ruby/ruby.h:1826:24: note: expanded from macro 'rb_intern'
 1826 |         __extension__ (RUBY_CONST_ID_CACHE((ID), (str))) : \
      |                        ^~~~~~~~~~~~~~~~~~~~~~~~~~~~~~~~
/Library/Developer/CommandLineTools/SDKs/MacOSX.sdk/System/Library/Frameworks/Ruby.framework/Versions/2.6/usr/include/ruby-2.6.0/ruby/ruby.h:1816:5: note: expanded from macro 'RUBY_CONST_ID_CACHE'
 1816 |     }
      |     ^
/Library/Developer/CommandLineTools/SDKs/MacOSX.sdk/System/Library/Frameworks/Ruby.framework/Versions/2.6/usr/include/ruby-2.6.0/ruby/ruby.h:413:29: note: expanded from macro 'ID2SYM'
  413 | #define ID2SYM(x) RB_ID2SYM(x)
      |                             ^
/Library/Developer/CommandLineTools/SDKs/MacOSX.sdk/System/Library/Frameworks/Ruby.framework/Versions/2.6/usr/include/ruby-2.6.0/ruby/ruby.h:408:33: note: expanded from macro 'RB_ID2SYM'
  408 | #define RB_ID2SYM(x) (rb_id2sym(x))
      |                                 ^
commonmarker.c:1225:25: note: ')' token is here
 1225 |   sym_document = ID2SYM(rb_intern("document"));
      |                         ^~~~~~~~~~~~~~~~~~~~~
/Library/Developer/CommandLineTools/SDKs/MacOSX.sdk/System/Library/Frameworks/Ruby.framework/Versions/2.6/usr/include/ruby-2.6.0/ruby/ruby.h:1826:56: note: expanded from macro 'rb_intern'
 1826 |         __extension__ (RUBY_CONST_ID_CACHE((ID), (str))) : \
      |                                                        ^
/Library/Developer/CommandLineTools/SDKs/MacOSX.sdk/System/Library/Frameworks/Ruby.framework/Versions/2.6/usr/include/ruby-2.6.0/ruby/ruby.h:413:29: note: expanded from macro 'ID2SYM'
  413 | #define ID2SYM(x) RB_ID2SYM(x)
      |                             ^
/Library/Developer/CommandLineTools/SDKs/MacOSX.sdk/System/Library/Frameworks/Ruby.framework/Versions/2.6/usr/include/ruby-2.6.0/ruby/ruby.h:408:33: note: expanded from macro 'RB_ID2SYM'
  408 | #define RB_ID2SYM(x) (rb_id2sym(x))
      |                                 ^
commonmarker.c:1226:27: warning: '(' and '{' tokens introducing statement expression appear in different macro expansion contexts [-Wcompound-token-split-by-macro]
 1226 |   sym_blockquote = ID2SYM(rb_intern("blockquote"));
      |                           ^~~~~~~~~~~~~~~~~~~~~~~
/Library/Developer/CommandLineTools/SDKs/MacOSX.sdk/System/Library/Frameworks/Ruby.framework/Versions/2.6/usr/include/ruby-2.6.0/ruby/ruby.h:1826:23: note: expanded from macro 'rb_intern'
 1826 |         __extension__ (RUBY_CONST_ID_CACHE((ID), (str))) : \
      |                       ^
/Library/Developer/CommandLineTools/SDKs/MacOSX.sdk/System/Library/Frameworks/Ruby.framework/Versions/2.6/usr/include/ruby-2.6.0/ruby/ruby.h:413:29: note: expanded from macro 'ID2SYM'
  413 | #define ID2SYM(x) RB_ID2SYM(x)
      |                             ^
/Library/Developer/CommandLineTools/SDKs/MacOSX.sdk/System/Library/Frameworks/Ruby.framework/Versions/2.6/usr/include/ruby-2.6.0/ruby/ruby.h:408:33: note: expanded from macro 'RB_ID2SYM'
  408 | #define RB_ID2SYM(x) (rb_id2sym(x))
      |                                 ^
commonmarker.c:1226:27: note: '{' token is here
 1226 |   sym_blockquote = ID2SYM(rb_intern("blockquote"));
      |                           ^~~~~~~~~~~~~~~~~~~~~~~
/Library/Developer/CommandLineTools/SDKs/MacOSX.sdk/System/Library/Frameworks/Ruby.framework/Versions/2.6/usr/include/ruby-2.6.0/ruby/ruby.h:1826:24: note: expanded from macro 'rb_intern'
 1826 |         __extension__ (RUBY_CONST_ID_CACHE((ID), (str))) : \
      |                        ^~~~~~~~~~~~~~~~~~~~~~~~~~~~~~~~
/Library/Developer/CommandLineTools/SDKs/MacOSX.sdk/System/Library/Frameworks/Ruby.framework/Versions/2.6/usr/include/ruby-2.6.0/ruby/ruby.h:1811:5: note: expanded from macro 'RUBY_CONST_ID_CACHE'
 1811 |     {                                                   \
      |     ^
/Library/Developer/CommandLineTools/SDKs/MacOSX.sdk/System/Library/Frameworks/Ruby.framework/Versions/2.6/usr/include/ruby-2.6.0/ruby/ruby.h:413:29: note: expanded from macro 'ID2SYM'
  413 | #define ID2SYM(x) RB_ID2SYM(x)
      |                             ^
/Library/Developer/CommandLineTools/SDKs/MacOSX.sdk/System/Library/Frameworks/Ruby.framework/Versions/2.6/usr/include/ruby-2.6.0/ruby/ruby.h:408:33: note: expanded from macro 'RB_ID2SYM'
  408 | #define RB_ID2SYM(x) (rb_id2sym(x))
      |                                 ^
commonmarker.c:1226:27: warning: '}' and ')' tokens terminating statement expression appear in different macro expansion contexts [-Wcompound-token-split-by-macro]
 1226 |   sym_blockquote = ID2SYM(rb_intern("blockquote"));
      |                           ^~~~~~~~~~~~~~~~~~~~~~~
/Library/Developer/CommandLineTools/SDKs/MacOSX.sdk/System/Library/Frameworks/Ruby.framework/Versions/2.6/usr/include/ruby-2.6.0/ruby/ruby.h:1826:24: note: expanded from macro 'rb_intern'
 1826 |         __extension__ (RUBY_CONST_ID_CACHE((ID), (str))) : \
      |                        ^~~~~~~~~~~~~~~~~~~~~~~~~~~~~~~~
/Library/Developer/CommandLineTools/SDKs/MacOSX.sdk/System/Library/Frameworks/Ruby.framework/Versions/2.6/usr/include/ruby-2.6.0/ruby/ruby.h:1816:5: note: expanded from macro 'RUBY_CONST_ID_CACHE'
 1816 |     }
      |     ^
/Library/Developer/CommandLineTools/SDKs/MacOSX.sdk/System/Library/Frameworks/Ruby.framework/Versions/2.6/usr/include/ruby-2.6.0/ruby/ruby.h:413:29: note: expanded from macro 'ID2SYM'
  413 | #define ID2SYM(x) RB_ID2SYM(x)
      |                             ^
/Library/Developer/CommandLineTools/SDKs/MacOSX.sdk/System/Library/Frameworks/Ruby.framework/Versions/2.6/usr/include/ruby-2.6.0/ruby/ruby.h:408:33: note: expanded from macro 'RB_ID2SYM'
  408 | #define RB_ID2SYM(x) (rb_id2sym(x))
      |                                 ^
commonmarker.c:1226:27: note: ')' token is here
 1226 |   sym_blockquote = ID2SYM(rb_intern("blockquote"));
      |                           ^~~~~~~~~~~~~~~~~~~~~~~
/Library/Developer/CommandLineTools/SDKs/MacOSX.sdk/System/Library/Frameworks/Ruby.framework/Versions/2.6/usr/include/ruby-2.6.0/ruby/ruby.h:1826:56: note: expanded from macro 'rb_intern'
 1826 |         __extension__ (RUBY_CONST_ID_CACHE((ID), (str))) : \
      |                                                        ^
/Library/Developer/CommandLineTools/SDKs/MacOSX.sdk/System/Library/Frameworks/Ruby.framework/Versions/2.6/usr/include/ruby-2.6.0/ruby/ruby.h:413:29: note: expanded from macro 'ID2SYM'
  413 | #define ID2SYM(x) RB_ID2SYM(x)
      |                             ^
/Library/Developer/CommandLineTools/SDKs/MacOSX.sdk/System/Library/Frameworks/Ruby.framework/Versions/2.6/usr/include/ruby-2.6.0/ruby/ruby.h:408:33: note: expanded from macro 'RB_ID2SYM'
  408 | #define RB_ID2SYM(x) (rb_id2sym(x))
      |                                 ^
commonmarker.c:1227:21: warning: '(' and '{' tokens introducing statement expression appear in different macro expansion contexts [-Wcompound-token-split-by-macro]
 1227 |   sym_list = ID2SYM(rb_intern("list"));
      |                     ^~~~~~~~~~~~~~~~~
/Library/Developer/CommandLineTools/SDKs/MacOSX.sdk/System/Library/Frameworks/Ruby.framework/Versions/2.6/usr/include/ruby-2.6.0/ruby/ruby.h:1826:23: note: expanded from macro 'rb_intern'
 1826 |         __extension__ (RUBY_CONST_ID_CACHE((ID), (str))) : \
      |                       ^
/Library/Developer/CommandLineTools/SDKs/MacOSX.sdk/System/Library/Frameworks/Ruby.framework/Versions/2.6/usr/include/ruby-2.6.0/ruby/ruby.h:413:29: note: expanded from macro 'ID2SYM'
  413 | #define ID2SYM(x) RB_ID2SYM(x)
      |                             ^
/Library/Developer/CommandLineTools/SDKs/MacOSX.sdk/System/Library/Frameworks/Ruby.framework/Versions/2.6/usr/include/ruby-2.6.0/ruby/ruby.h:408:33: note: expanded from macro 'RB_ID2SYM'
  408 | #define RB_ID2SYM(x) (rb_id2sym(x))
      |                                 ^
commonmarker.c:1227:21: note: '{' token is here
 1227 |   sym_list = ID2SYM(rb_intern("list"));
      |                     ^~~~~~~~~~~~~~~~~
/Library/Developer/CommandLineTools/SDKs/MacOSX.sdk/System/Library/Frameworks/Ruby.framework/Versions/2.6/usr/include/ruby-2.6.0/ruby/ruby.h:1826:24: note: expanded from macro 'rb_intern'
 1826 |         __extension__ (RUBY_CONST_ID_CACHE((ID), (str))) : \
      |                        ^~~~~~~~~~~~~~~~~~~~~~~~~~~~~~~~
/Library/Developer/CommandLineTools/SDKs/MacOSX.sdk/System/Library/Frameworks/Ruby.framework/Versions/2.6/usr/include/ruby-2.6.0/ruby/ruby.h:1811:5: note: expanded from macro 'RUBY_CONST_ID_CACHE'
 1811 |     {                                                   \
      |     ^
/Library/Developer/CommandLineTools/SDKs/MacOSX.sdk/System/Library/Frameworks/Ruby.framework/Versions/2.6/usr/include/ruby-2.6.0/ruby/ruby.h:413:29: note: expanded from macro 'ID2SYM'
  413 | #define ID2SYM(x) RB_ID2SYM(x)
      |                             ^
/Library/Developer/CommandLineTools/SDKs/MacOSX.sdk/System/Library/Frameworks/Ruby.framework/Versions/2.6/usr/include/ruby-2.6.0/ruby/ruby.h:408:33: note: expanded from macro 'RB_ID2SYM'
  408 | #define RB_ID2SYM(x) (rb_id2sym(x))
      |                                 ^
commonmarker.c:1227:21: warning: '}' and ')' tokens terminating statement expression appear in different macro expansion contexts [-Wcompound-token-split-by-macro]
 1227 |   sym_list = ID2SYM(rb_intern("list"));
      |                     ^~~~~~~~~~~~~~~~~
/Library/Developer/CommandLineTools/SDKs/MacOSX.sdk/System/Library/Frameworks/Ruby.framework/Versions/2.6/usr/include/ruby-2.6.0/ruby/ruby.h:1826:24: note: expanded from macro 'rb_intern'
 1826 |         __extension__ (RUBY_CONST_ID_CACHE((ID), (str))) : \
      |                        ^~~~~~~~~~~~~~~~~~~~~~~~~~~~~~~~
/Library/Developer/CommandLineTools/SDKs/MacOSX.sdk/System/Library/Frameworks/Ruby.framework/Versions/2.6/usr/include/ruby-2.6.0/ruby/ruby.h:1816:5: note: expanded from macro 'RUBY_CONST_ID_CACHE'
 1816 |     }
      |     ^
/Library/Developer/CommandLineTools/SDKs/MacOSX.sdk/System/Library/Frameworks/Ruby.framework/Versions/2.6/usr/include/ruby-2.6.0/ruby/ruby.h:413:29: note: expanded from macro 'ID2SYM'
  413 | #define ID2SYM(x) RB_ID2SYM(x)
      |                             ^
/Library/Developer/CommandLineTools/SDKs/MacOSX.sdk/System/Library/Frameworks/Ruby.framework/Versions/2.6/usr/include/ruby-2.6.0/ruby/ruby.h:408:33: note: expanded from macro 'RB_ID2SYM'
  408 | #define RB_ID2SYM(x) (rb_id2sym(x))
      |                                 ^
commonmarker.c:1227:21: note: ')' token is here
 1227 |   sym_list = ID2SYM(rb_intern("list"));
      |                     ^~~~~~~~~~~~~~~~~
/Library/Developer/CommandLineTools/SDKs/MacOSX.sdk/System/Library/Frameworks/Ruby.framework/Versions/2.6/usr/include/ruby-2.6.0/ruby/ruby.h:1826:56: note: expanded from macro 'rb_intern'
 1826 |         __extension__ (RUBY_CONST_ID_CACHE((ID), (str))) : \
      |                                                        ^
/Library/Developer/CommandLineTools/SDKs/MacOSX.sdk/System/Library/Frameworks/Ruby.framework/Versions/2.6/usr/include/ruby-2.6.0/ruby/ruby.h:413:29: note: expanded from macro 'ID2SYM'
  413 | #define ID2SYM(x) RB_ID2SYM(x)
      |                             ^
/Library/Developer/CommandLineTools/SDKs/MacOSX.sdk/System/Library/Frameworks/Ruby.framework/Versions/2.6/usr/include/ruby-2.6.0/ruby/ruby.h:408:33: note: expanded from macro 'RB_ID2SYM'
  408 | #define RB_ID2SYM(x) (rb_id2sym(x))
      |                                 ^
commonmarker.c:1228:26: warning: '(' and '{' tokens introducing statement expression appear in different macro expansion contexts [-Wcompound-token-split-by-macro]
 1228 |   sym_list_item = ID2SYM(rb_intern("list_item"));
      |                          ^~~~~~~~~~~~~~~~~~~~~~
/Library/Developer/CommandLineTools/SDKs/MacOSX.sdk/System/Library/Frameworks/Ruby.framework/Versions/2.6/usr/include/ruby-2.6.0/ruby/ruby.h:1826:23: note: expanded from macro 'rb_intern'
 1826 |         __extension__ (RUBY_CONST_ID_CACHE((ID), (str))) : \
      |                       ^
/Library/Developer/CommandLineTools/SDKs/MacOSX.sdk/System/Library/Frameworks/Ruby.framework/Versions/2.6/usr/include/ruby-2.6.0/ruby/ruby.h:413:29: note: expanded from macro 'ID2SYM'
  413 | #define ID2SYM(x) RB_ID2SYM(x)
      |                             ^
/Library/Developer/CommandLineTools/SDKs/MacOSX.sdk/System/Library/Frameworks/Ruby.framework/Versions/2.6/usr/include/ruby-2.6.0/ruby/ruby.h:408:33: note: expanded from macro 'RB_ID2SYM'
  408 | #define RB_ID2SYM(x) (rb_id2sym(x))
      |                                 ^
commonmarker.c:1228:26: note: '{' token is here
 1228 |   sym_list_item = ID2SYM(rb_intern("list_item"));
      |                          ^~~~~~~~~~~~~~~~~~~~~~
/Library/Developer/CommandLineTools/SDKs/MacOSX.sdk/System/Library/Frameworks/Ruby.framework/Versions/2.6/usr/include/ruby-2.6.0/ruby/ruby.h:1826:24: note: expanded from macro 'rb_intern'
 1826 |         __extension__ (RUBY_CONST_ID_CACHE((ID), (str))) : \
      |                        ^~~~~~~~~~~~~~~~~~~~~~~~~~~~~~~~
/Library/Developer/CommandLineTools/SDKs/MacOSX.sdk/System/Library/Frameworks/Ruby.framework/Versions/2.6/usr/include/ruby-2.6.0/ruby/ruby.h:1811:5: note: expanded from macro 'RUBY_CONST_ID_CACHE'
 1811 |     {                                                   \
      |     ^
/Library/Developer/CommandLineTools/SDKs/MacOSX.sdk/System/Library/Frameworks/Ruby.framework/Versions/2.6/usr/include/ruby-2.6.0/ruby/ruby.h:413:29: note: expanded from macro 'ID2SYM'
  413 | #define ID2SYM(x) RB_ID2SYM(x)
      |                             ^
/Library/Developer/CommandLineTools/SDKs/MacOSX.sdk/System/Library/Frameworks/Ruby.framework/Versions/2.6/usr/include/ruby-2.6.0/ruby/ruby.h:408:33: note: expanded from macro 'RB_ID2SYM'
  408 | #define RB_ID2SYM(x) (rb_id2sym(x))
      |                                 ^
commonmarker.c:1228:26: warning: '}' and ')' tokens terminating statement expression appear in different macro expansion contexts [-Wcompound-token-split-by-macro]
 1228 |   sym_list_item = ID2SYM(rb_intern("list_item"));
      |                          ^~~~~~~~~~~~~~~~~~~~~~
/Library/Developer/CommandLineTools/SDKs/MacOSX.sdk/System/Library/Frameworks/Ruby.framework/Versions/2.6/usr/include/ruby-2.6.0/ruby/ruby.h:1826:24: note: expanded from macro 'rb_intern'
 1826 |         __extension__ (RUBY_CONST_ID_CACHE((ID), (str))) : \
      |                        ^~~~~~~~~~~~~~~~~~~~~~~~~~~~~~~~
/Library/Developer/CommandLineTools/SDKs/MacOSX.sdk/System/Library/Frameworks/Ruby.framework/Versions/2.6/usr/include/ruby-2.6.0/ruby/ruby.h:1816:5: note: expanded from macro 'RUBY_CONST_ID_CACHE'
 1816 |     }
      |     ^
/Library/Developer/CommandLineTools/SDKs/MacOSX.sdk/System/Library/Frameworks/Ruby.framework/Versions/2.6/usr/include/ruby-2.6.0/ruby/ruby.h:413:29: note: expanded from macro 'ID2SYM'
  413 | #define ID2SYM(x) RB_ID2SYM(x)
      |                             ^
/Library/Developer/CommandLineTools/SDKs/MacOSX.sdk/System/Library/Frameworks/Ruby.framework/Versions/2.6/usr/include/ruby-2.6.0/ruby/ruby.h:408:33: note: expanded from macro 'RB_ID2SYM'
  408 | #define RB_ID2SYM(x) (rb_id2sym(x))
      |                                 ^
commonmarker.c:1228:26: note: ')' token is here
 1228 |   sym_list_item = ID2SYM(rb_intern("list_item"));
      |                          ^~~~~~~~~~~~~~~~~~~~~~
/Library/Developer/CommandLineTools/SDKs/MacOSX.sdk/System/Library/Frameworks/Ruby.framework/Versions/2.6/usr/include/ruby-2.6.0/ruby/ruby.h:1826:56: note: expanded from macro 'rb_intern'
 1826 |         __extension__ (RUBY_CONST_ID_CACHE((ID), (str))) : \
      |                                                        ^
/Library/Developer/CommandLineTools/SDKs/MacOSX.sdk/System/Library/Frameworks/Ruby.framework/Versions/2.6/usr/include/ruby-2.6.0/ruby/ruby.h:413:29: note: expanded from macro 'ID2SYM'
  413 | #define ID2SYM(x) RB_ID2SYM(x)
      |                             ^
/Library/Developer/CommandLineTools/SDKs/MacOSX.sdk/System/Library/Frameworks/Ruby.framework/Versions/2.6/usr/include/ruby-2.6.0/ruby/ruby.h:408:33: note: expanded from macro 'RB_ID2SYM'
  408 | #define RB_ID2SYM(x) (rb_id2sym(x))
      |                                 ^
commonmarker.c:1229:27: warning: '(' and '{' tokens introducing statement expression appear in different macro expansion contexts [-Wcompound-token-split-by-macro]
 1229 |   sym_code_block = ID2SYM(rb_intern("code_block"));
      |                           ^~~~~~~~~~~~~~~~~~~~~~~
/Library/Developer/CommandLineTools/SDKs/MacOSX.sdk/System/Library/Frameworks/Ruby.framework/Versions/2.6/usr/include/ruby-2.6.0/ruby/ruby.h:1826:23: note: expanded from macro 'rb_intern'
 1826 |         __extension__ (RUBY_CONST_ID_CACHE((ID), (str))) : \
      |                       ^
/Library/Developer/CommandLineTools/SDKs/MacOSX.sdk/System/Library/Frameworks/Ruby.framework/Versions/2.6/usr/include/ruby-2.6.0/ruby/ruby.h:413:29: note: expanded from macro 'ID2SYM'
  413 | #define ID2SYM(x) RB_ID2SYM(x)
      |                             ^
/Library/Developer/CommandLineTools/SDKs/MacOSX.sdk/System/Library/Frameworks/Ruby.framework/Versions/2.6/usr/include/ruby-2.6.0/ruby/ruby.h:408:33: note: expanded from macro 'RB_ID2SYM'
  408 | #define RB_ID2SYM(x) (rb_id2sym(x))
      |                                 ^
commonmarker.c:1229:27: note: '{' token is here
 1229 |   sym_code_block = ID2SYM(rb_intern("code_block"));
      |                           ^~~~~~~~~~~~~~~~~~~~~~~
/Library/Developer/CommandLineTools/SDKs/MacOSX.sdk/System/Library/Frameworks/Ruby.framework/Versions/2.6/usr/include/ruby-2.6.0/ruby/ruby.h:1826:24: note: expanded from macro 'rb_intern'
 1826 |         __extension__ (RUBY_CONST_ID_CACHE((ID), (str))) : \
      |                        ^~~~~~~~~~~~~~~~~~~~~~~~~~~~~~~~
/Library/Developer/CommandLineTools/SDKs/MacOSX.sdk/System/Library/Frameworks/Ruby.framework/Versions/2.6/usr/include/ruby-2.6.0/ruby/ruby.h:1811:5: note: expanded from macro 'RUBY_CONST_ID_CACHE'
 1811 |     {                                                   \
      |     ^
/Library/Developer/CommandLineTools/SDKs/MacOSX.sdk/System/Library/Frameworks/Ruby.framework/Versions/2.6/usr/include/ruby-2.6.0/ruby/ruby.h:413:29: note: expanded from macro 'ID2SYM'
  413 | #define ID2SYM(x) RB_ID2SYM(x)
      |                             ^
/Library/Developer/CommandLineTools/SDKs/MacOSX.sdk/System/Library/Frameworks/Ruby.framework/Versions/2.6/usr/include/ruby-2.6.0/ruby/ruby.h:408:33: note: expanded from macro 'RB_ID2SYM'
  408 | #define RB_ID2SYM(x) (rb_id2sym(x))
      |                                 ^
commonmarker.c:1229:27: warning: '}' and ')' tokens terminating statement expression appear in different macro expansion contexts [-Wcompound-token-split-by-macro]
 1229 |   sym_code_block = ID2SYM(rb_intern("code_block"));
      |                           ^~~~~~~~~~~~~~~~~~~~~~~
/Library/Developer/CommandLineTools/SDKs/MacOSX.sdk/System/Library/Frameworks/Ruby.framework/Versions/2.6/usr/include/ruby-2.6.0/ruby/ruby.h:1826:24: note: expanded from macro 'rb_intern'
 1826 |         __extension__ (RUBY_CONST_ID_CACHE((ID), (str))) : \
      |                        ^~~~~~~~~~~~~~~~~~~~~~~~~~~~~~~~
/Library/Developer/CommandLineTools/SDKs/MacOSX.sdk/System/Library/Frameworks/Ruby.framework/Versions/2.6/usr/include/ruby-2.6.0/ruby/ruby.h:1816:5: note: expanded from macro 'RUBY_CONST_ID_CACHE'
 1816 |     }
      |     ^
/Library/Developer/CommandLineTools/SDKs/MacOSX.sdk/System/Library/Frameworks/Ruby.framework/Versions/2.6/usr/include/ruby-2.6.0/ruby/ruby.h:413:29: note: expanded from macro 'ID2SYM'
  413 | #define ID2SYM(x) RB_ID2SYM(x)
      |                             ^
/Library/Developer/CommandLineTools/SDKs/MacOSX.sdk/System/Library/Frameworks/Ruby.framework/Versions/2.6/usr/include/ruby-2.6.0/ruby/ruby.h:408:33: note: expanded from macro 'RB_ID2SYM'
  408 | #define RB_ID2SYM(x) (rb_id2sym(x))
      |                                 ^
commonmarker.c:1229:27: note: ')' token is here
 1229 |   sym_code_block = ID2SYM(rb_intern("code_block"));
      |                           ^~~~~~~~~~~~~~~~~~~~~~~
/Library/Developer/CommandLineTools/SDKs/MacOSX.sdk/System/Library/Frameworks/Ruby.framework/Versions/2.6/usr/include/ruby-2.6.0/ruby/ruby.h:1826:56: note: expanded from macro 'rb_intern'
 1826 |         __extension__ (RUBY_CONST_ID_CACHE((ID), (str))) : \
      |                                                        ^
/Library/Developer/CommandLineTools/SDKs/MacOSX.sdk/System/Library/Frameworks/Ruby.framework/Versions/2.6/usr/include/ruby-2.6.0/ruby/ruby.h:413:29: note: expanded from macro 'ID2SYM'
  413 | #define ID2SYM(x) RB_ID2SYM(x)
      |                             ^
/Library/Developer/CommandLineTools/SDKs/MacOSX.sdk/System/Library/Frameworks/Ruby.framework/Versions/2.6/usr/include/ruby-2.6.0/ruby/ruby.h:408:33: note: expanded from macro 'RB_ID2SYM'
  408 | #define RB_ID2SYM(x) (rb_id2sym(x))
      |                                 ^
commonmarker.c:1230:21: warning: '(' and '{' tokens introducing statement expression appear in different macro expansion contexts [-Wcompound-token-split-by-macro]
 1230 |   sym_html = ID2SYM(rb_intern("html"));
      |                     ^~~~~~~~~~~~~~~~~
/Library/Developer/CommandLineTools/SDKs/MacOSX.sdk/System/Library/Frameworks/Ruby.framework/Versions/2.6/usr/include/ruby-2.6.0/ruby/ruby.h:1826:23: note: expanded from macro 'rb_intern'
 1826 |         __extension__ (RUBY_CONST_ID_CACHE((ID), (str))) : \
      |                       ^
/Library/Developer/CommandLineTools/SDKs/MacOSX.sdk/System/Library/Frameworks/Ruby.framework/Versions/2.6/usr/include/ruby-2.6.0/ruby/ruby.h:413:29: note: expanded from macro 'ID2SYM'
  413 | #define ID2SYM(x) RB_ID2SYM(x)
      |                             ^
/Library/Developer/CommandLineTools/SDKs/MacOSX.sdk/System/Library/Frameworks/Ruby.framework/Versions/2.6/usr/include/ruby-2.6.0/ruby/ruby.h:408:33: note: expanded from macro 'RB_ID2SYM'
  408 | #define RB_ID2SYM(x) (rb_id2sym(x))
      |                                 ^
commonmarker.c:1230:21: note: '{' token is here
 1230 |   sym_html = ID2SYM(rb_intern("html"));
      |                     ^~~~~~~~~~~~~~~~~
/Library/Developer/CommandLineTools/SDKs/MacOSX.sdk/System/Library/Frameworks/Ruby.framework/Versions/2.6/usr/include/ruby-2.6.0/ruby/ruby.h:1826:24: note: expanded from macro 'rb_intern'
 1826 |         __extension__ (RUBY_CONST_ID_CACHE((ID), (str))) : \
      |                        ^~~~~~~~~~~~~~~~~~~~~~~~~~~~~~~~
/Library/Developer/CommandLineTools/SDKs/MacOSX.sdk/System/Library/Frameworks/Ruby.framework/Versions/2.6/usr/include/ruby-2.6.0/ruby/ruby.h:1811:5: note: expanded from macro 'RUBY_CONST_ID_CACHE'
 1811 |     {                                                   \
      |     ^
/Library/Developer/CommandLineTools/SDKs/MacOSX.sdk/System/Library/Frameworks/Ruby.framework/Versions/2.6/usr/include/ruby-2.6.0/ruby/ruby.h:413:29: note: expanded from macro 'ID2SYM'
  413 | #define ID2SYM(x) RB_ID2SYM(x)
      |                             ^
/Library/Developer/CommandLineTools/SDKs/MacOSX.sdk/System/Library/Frameworks/Ruby.framework/Versions/2.6/usr/include/ruby-2.6.0/ruby/ruby.h:408:33: note: expanded from macro 'RB_ID2SYM'
  408 | #define RB_ID2SYM(x) (rb_id2sym(x))
      |                                 ^
commonmarker.c:1230:21: warning: '}' and ')' tokens terminating statement expression appear in different macro expansion contexts [-Wcompound-token-split-by-macro]
 1230 |   sym_html = ID2SYM(rb_intern("html"));
      |                     ^~~~~~~~~~~~~~~~~
/Library/Developer/CommandLineTools/SDKs/MacOSX.sdk/System/Library/Frameworks/Ruby.framework/Versions/2.6/usr/include/ruby-2.6.0/ruby/ruby.h:1826:24: note: expanded from macro 'rb_intern'
 1826 |         __extension__ (RUBY_CONST_ID_CACHE((ID), (str))) : \
      |                        ^~~~~~~~~~~~~~~~~~~~~~~~~~~~~~~~
/Library/Developer/CommandLineTools/SDKs/MacOSX.sdk/System/Library/Frameworks/Ruby.framework/Versions/2.6/usr/include/ruby-2.6.0/ruby/ruby.h:1816:5: note: expanded from macro 'RUBY_CONST_ID_CACHE'
 1816 |     }
      |     ^
/Library/Developer/CommandLineTools/SDKs/MacOSX.sdk/System/Library/Frameworks/Ruby.framework/Versions/2.6/usr/include/ruby-2.6.0/ruby/ruby.h:413:29: note: expanded from macro 'ID2SYM'
  413 | #define ID2SYM(x) RB_ID2SYM(x)
      |                             ^
/Library/Developer/CommandLineTools/SDKs/MacOSX.sdk/System/Library/Frameworks/Ruby.framework/Versions/2.6/usr/include/ruby-2.6.0/ruby/ruby.h:408:33: note: expanded from macro 'RB_ID2SYM'
  408 | #define RB_ID2SYM(x) (rb_id2sym(x))
      |                                 ^
commonmarker.c:1230:21: note: ')' token is here
 1230 |   sym_html = ID2SYM(rb_intern("html"));
      |                     ^~~~~~~~~~~~~~~~~
/Library/Developer/CommandLineTools/SDKs/MacOSX.sdk/System/Library/Frameworks/Ruby.framework/Versions/2.6/usr/include/ruby-2.6.0/ruby/ruby.h:1826:56: note: expanded from macro 'rb_intern'
 1826 |         __extension__ (RUBY_CONST_ID_CACHE((ID), (str))) : \
      |                                                        ^
/Library/Developer/CommandLineTools/SDKs/MacOSX.sdk/System/Library/Frameworks/Ruby.framework/Versions/2.6/usr/include/ruby-2.6.0/ruby/ruby.h:413:29: note: expanded from macro 'ID2SYM'
  413 | #define ID2SYM(x) RB_ID2SYM(x)
      |                             ^
/Library/Developer/CommandLineTools/SDKs/MacOSX.sdk/System/Library/Frameworks/Ruby.framework/Versions/2.6/usr/include/ruby-2.6.0/ruby/ruby.h:408:33: note: expanded from macro 'RB_ID2SYM'
  408 | #define RB_ID2SYM(x) (rb_id2sym(x))
      |                                 ^
commonmarker.c:1231:26: warning: '(' and '{' tokens introducing statement expression appear in different macro expansion contexts [-Wcompound-token-split-by-macro]
 1231 |   sym_paragraph = ID2SYM(rb_intern("paragraph"));
      |                          ^~~~~~~~~~~~~~~~~~~~~~
/Library/Developer/CommandLineTools/SDKs/MacOSX.sdk/System/Library/Frameworks/Ruby.framework/Versions/2.6/usr/include/ruby-2.6.0/ruby/ruby.h:1826:23: note: expanded from macro 'rb_intern'
 1826 |         __extension__ (RUBY_CONST_ID_CACHE((ID), (str))) : \
      |                       ^
/Library/Developer/CommandLineTools/SDKs/MacOSX.sdk/System/Library/Frameworks/Ruby.framework/Versions/2.6/usr/include/ruby-2.6.0/ruby/ruby.h:413:29: note: expanded from macro 'ID2SYM'
  413 | #define ID2SYM(x) RB_ID2SYM(x)
      |                             ^
/Library/Developer/CommandLineTools/SDKs/MacOSX.sdk/System/Library/Frameworks/Ruby.framework/Versions/2.6/usr/include/ruby-2.6.0/ruby/ruby.h:408:33: note: expanded from macro 'RB_ID2SYM'
  408 | #define RB_ID2SYM(x) (rb_id2sym(x))
      |                                 ^
commonmarker.c:1231:26: note: '{' token is here
 1231 |   sym_paragraph = ID2SYM(rb_intern("paragraph"));
      |                          ^~~~~~~~~~~~~~~~~~~~~~
/Library/Developer/CommandLineTools/SDKs/MacOSX.sdk/System/Library/Frameworks/Ruby.framework/Versions/2.6/usr/include/ruby-2.6.0/ruby/ruby.h:1826:24: note: expanded from macro 'rb_intern'
 1826 |         __extension__ (RUBY_CONST_ID_CACHE((ID), (str))) : \
      |                        ^~~~~~~~~~~~~~~~~~~~~~~~~~~~~~~~
/Library/Developer/CommandLineTools/SDKs/MacOSX.sdk/System/Library/Frameworks/Ruby.framework/Versions/2.6/usr/include/ruby-2.6.0/ruby/ruby.h:1811:5: note: expanded from macro 'RUBY_CONST_ID_CACHE'
 1811 |     {                                                   \
      |     ^
/Library/Developer/CommandLineTools/SDKs/MacOSX.sdk/System/Library/Frameworks/Ruby.framework/Versions/2.6/usr/include/ruby-2.6.0/ruby/ruby.h:413:29: note: expanded from macro 'ID2SYM'
  413 | #define ID2SYM(x) RB_ID2SYM(x)
      |                             ^
/Library/Developer/CommandLineTools/SDKs/MacOSX.sdk/System/Library/Frameworks/Ruby.framework/Versions/2.6/usr/include/ruby-2.6.0/ruby/ruby.h:408:33: note: expanded from macro 'RB_ID2SYM'
  408 | #define RB_ID2SYM(x) (rb_id2sym(x))
      |                                 ^
commonmarker.c:1231:26: warning: '}' and ')' tokens terminating statement expression appear in different macro expansion contexts [-Wcompound-token-split-by-macro]
 1231 |   sym_paragraph = ID2SYM(rb_intern("paragraph"));
      |                          ^~~~~~~~~~~~~~~~~~~~~~
/Library/Developer/CommandLineTools/SDKs/MacOSX.sdk/System/Library/Frameworks/Ruby.framework/Versions/2.6/usr/include/ruby-2.6.0/ruby/ruby.h:1826:24: note: expanded from macro 'rb_intern'
 1826 |         __extension__ (RUBY_CONST_ID_CACHE((ID), (str))) : \
      |                        ^~~~~~~~~~~~~~~~~~~~~~~~~~~~~~~~
/Library/Developer/CommandLineTools/SDKs/MacOSX.sdk/System/Library/Frameworks/Ruby.framework/Versions/2.6/usr/include/ruby-2.6.0/ruby/ruby.h:1816:5: note: expanded from macro 'RUBY_CONST_ID_CACHE'
 1816 |     }
      |     ^
/Library/Developer/CommandLineTools/SDKs/MacOSX.sdk/System/Library/Frameworks/Ruby.framework/Versions/2.6/usr/include/ruby-2.6.0/ruby/ruby.h:413:29: note: expanded from macro 'ID2SYM'
  413 | #define ID2SYM(x) RB_ID2SYM(x)
      |                             ^
/Library/Developer/CommandLineTools/SDKs/MacOSX.sdk/System/Library/Frameworks/Ruby.framework/Versions/2.6/usr/include/ruby-2.6.0/ruby/ruby.h:408:33: note: expanded from macro 'RB_ID2SYM'
  408 | #define RB_ID2SYM(x) (rb_id2sym(x))
      |                                 ^
commonmarker.c:1231:26: note: ')' token is here
 1231 |   sym_paragraph = ID2SYM(rb_intern("paragraph"));
      |                          ^~~~~~~~~~~~~~~~~~~~~~
/Library/Developer/CommandLineTools/SDKs/MacOSX.sdk/System/Library/Frameworks/Ruby.framework/Versions/2.6/usr/include/ruby-2.6.0/ruby/ruby.h:1826:56: note: expanded from macro 'rb_intern'
 1826 |         __extension__ (RUBY_CONST_ID_CACHE((ID), (str))) : \
      |                                                        ^
/Library/Developer/CommandLineTools/SDKs/MacOSX.sdk/System/Library/Frameworks/Ruby.framework/Versions/2.6/usr/include/ruby-2.6.0/ruby/ruby.h:413:29: note: expanded from macro 'ID2SYM'
  413 | #define ID2SYM(x) RB_ID2SYM(x)
      |                             ^
/Library/Developer/CommandLineTools/SDKs/MacOSX.sdk/System/Library/Frameworks/Ruby.framework/Versions/2.6/usr/include/ruby-2.6.0/ruby/ruby.h:408:33: note: expanded from macro 'RB_ID2SYM'
  408 | #define RB_ID2SYM(x) (rb_id2sym(x))
      |                                 ^
commonmarker.c:1232:23: warning: '(' and '{' tokens introducing statement expression appear in different macro expansion contexts [-Wcompound-token-split-by-macro]
 1232 |   sym_header = ID2SYM(rb_intern("header"));
      |                       ^~~~~~~~~~~~~~~~~~~
/Library/Developer/CommandLineTools/SDKs/MacOSX.sdk/System/Library/Frameworks/Ruby.framework/Versions/2.6/usr/include/ruby-2.6.0/ruby/ruby.h:1826:23: note: expanded from macro 'rb_intern'
 1826 |         __extension__ (RUBY_CONST_ID_CACHE((ID), (str))) : \
      |                       ^
/Library/Developer/CommandLineTools/SDKs/MacOSX.sdk/System/Library/Frameworks/Ruby.framework/Versions/2.6/usr/include/ruby-2.6.0/ruby/ruby.h:413:29: note: expanded from macro 'ID2SYM'
  413 | #define ID2SYM(x) RB_ID2SYM(x)
      |                             ^
/Library/Developer/CommandLineTools/SDKs/MacOSX.sdk/System/Library/Frameworks/Ruby.framework/Versions/2.6/usr/include/ruby-2.6.0/ruby/ruby.h:408:33: note: expanded from macro 'RB_ID2SYM'
  408 | #define RB_ID2SYM(x) (rb_id2sym(x))
      |                                 ^
commonmarker.c:1232:23: note: '{' token is here
 1232 |   sym_header = ID2SYM(rb_intern("header"));
      |                       ^~~~~~~~~~~~~~~~~~~
/Library/Developer/CommandLineTools/SDKs/MacOSX.sdk/System/Library/Frameworks/Ruby.framework/Versions/2.6/usr/include/ruby-2.6.0/ruby/ruby.h:1826:24: note: expanded from macro 'rb_intern'
 1826 |         __extension__ (RUBY_CONST_ID_CACHE((ID), (str))) : \
      |                        ^~~~~~~~~~~~~~~~~~~~~~~~~~~~~~~~
/Library/Developer/CommandLineTools/SDKs/MacOSX.sdk/System/Library/Frameworks/Ruby.framework/Versions/2.6/usr/include/ruby-2.6.0/ruby/ruby.h:1811:5: note: expanded from macro 'RUBY_CONST_ID_CACHE'
 1811 |     {                                                   \
      |     ^
/Library/Developer/CommandLineTools/SDKs/MacOSX.sdk/System/Library/Frameworks/Ruby.framework/Versions/2.6/usr/include/ruby-2.6.0/ruby/ruby.h:413:29: note: expanded from macro 'ID2SYM'
  413 | #define ID2SYM(x) RB_ID2SYM(x)
      |                             ^
/Library/Developer/CommandLineTools/SDKs/MacOSX.sdk/System/Library/Frameworks/Ruby.framework/Versions/2.6/usr/include/ruby-2.6.0/ruby/ruby.h:408:33: note: expanded from macro 'RB_ID2SYM'
  408 | #define RB_ID2SYM(x) (rb_id2sym(x))
      |                                 ^
commonmarker.c:1232:23: warning: '}' and ')' tokens terminating statement expression appear in different macro expansion contexts [-Wcompound-token-split-by-macro]
 1232 |   sym_header = ID2SYM(rb_intern("header"));
      |                       ^~~~~~~~~~~~~~~~~~~
/Library/Developer/CommandLineTools/SDKs/MacOSX.sdk/System/Library/Frameworks/Ruby.framework/Versions/2.6/usr/include/ruby-2.6.0/ruby/ruby.h:1826:24: note: expanded from macro 'rb_intern'
 1826 |         __extension__ (RUBY_CONST_ID_CACHE((ID), (str))) : \
      |                        ^~~~~~~~~~~~~~~~~~~~~~~~~~~~~~~~
/Library/Developer/CommandLineTools/SDKs/MacOSX.sdk/System/Library/Frameworks/Ruby.framework/Versions/2.6/usr/include/ruby-2.6.0/ruby/ruby.h:1816:5: note: expanded from macro 'RUBY_CONST_ID_CACHE'
 1816 |     }
      |     ^
/Library/Developer/CommandLineTools/SDKs/MacOSX.sdk/System/Library/Frameworks/Ruby.framework/Versions/2.6/usr/include/ruby-2.6.0/ruby/ruby.h:413:29: note: expanded from macro 'ID2SYM'
  413 | #define ID2SYM(x) RB_ID2SYM(x)
      |                             ^
/Library/Developer/CommandLineTools/SDKs/MacOSX.sdk/System/Library/Frameworks/Ruby.framework/Versions/2.6/usr/include/ruby-2.6.0/ruby/ruby.h:408:33: note: expanded from macro 'RB_ID2SYM'
  408 | #define RB_ID2SYM(x) (rb_id2sym(x))
      |                                 ^
commonmarker.c:1232:23: note: ')' token is here
 1232 |   sym_header = ID2SYM(rb_intern("header"));
      |                       ^~~~~~~~~~~~~~~~~~~
/Library/Developer/CommandLineTools/SDKs/MacOSX.sdk/System/Library/Frameworks/Ruby.framework/Versions/2.6/usr/include/ruby-2.6.0/ruby/ruby.h:1826:56: note: expanded from macro 'rb_intern'
 1826 |         __extension__ (RUBY_CONST_ID_CACHE((ID), (str))) : \
      |                                                        ^
/Library/Developer/CommandLineTools/SDKs/MacOSX.sdk/System/Library/Frameworks/Ruby.framework/Versions/2.6/usr/include/ruby-2.6.0/ruby/ruby.h:413:29: note: expanded from macro 'ID2SYM'
  413 | #define ID2SYM(x) RB_ID2SYM(x)
      |                             ^
/Library/Developer/CommandLineTools/SDKs/MacOSX.sdk/System/Library/Frameworks/Ruby.framework/Versions/2.6/usr/include/ruby-2.6.0/ruby/ruby.h:408:33: note: expanded from macro 'RB_ID2SYM'
  408 | #define RB_ID2SYM(x) (rb_id2sym(x))
      |                                 ^
commonmarker.c:1233:22: warning: '(' and '{' tokens introducing statement expression appear in different macro expansion contexts [-Wcompound-token-split-by-macro]
 1233 |   sym_hrule = ID2SYM(rb_intern("hrule"));
      |                      ^~~~~~~~~~~~~~~~~~
/Library/Developer/CommandLineTools/SDKs/MacOSX.sdk/System/Library/Frameworks/Ruby.framework/Versions/2.6/usr/include/ruby-2.6.0/ruby/ruby.h:1826:23: note: expanded from macro 'rb_intern'
 1826 |         __extension__ (RUBY_CONST_ID_CACHE((ID), (str))) : \
      |                       ^
/Library/Developer/CommandLineTools/SDKs/MacOSX.sdk/System/Library/Frameworks/Ruby.framework/Versions/2.6/usr/include/ruby-2.6.0/ruby/ruby.h:413:29: note: expanded from macro 'ID2SYM'
  413 | #define ID2SYM(x) RB_ID2SYM(x)
      |                             ^
/Library/Developer/CommandLineTools/SDKs/MacOSX.sdk/System/Library/Frameworks/Ruby.framework/Versions/2.6/usr/include/ruby-2.6.0/ruby/ruby.h:408:33: note: expanded from macro 'RB_ID2SYM'
  408 | #define RB_ID2SYM(x) (rb_id2sym(x))
      |                                 ^
commonmarker.c:1233:22: note: '{' token is here
 1233 |   sym_hrule = ID2SYM(rb_intern("hrule"));
      |                      ^~~~~~~~~~~~~~~~~~
/Library/Developer/CommandLineTools/SDKs/MacOSX.sdk/System/Library/Frameworks/Ruby.framework/Versions/2.6/usr/include/ruby-2.6.0/ruby/ruby.h:1826:24: note: expanded from macro 'rb_intern'
 1826 |         __extension__ (RUBY_CONST_ID_CACHE((ID), (str))) : \
      |                        ^~~~~~~~~~~~~~~~~~~~~~~~~~~~~~~~
/Library/Developer/CommandLineTools/SDKs/MacOSX.sdk/System/Library/Frameworks/Ruby.framework/Versions/2.6/usr/include/ruby-2.6.0/ruby/ruby.h:1811:5: note: expanded from macro 'RUBY_CONST_ID_CACHE'
 1811 |     {                                                   \
      |     ^
/Library/Developer/CommandLineTools/SDKs/MacOSX.sdk/System/Library/Frameworks/Ruby.framework/Versions/2.6/usr/include/ruby-2.6.0/ruby/ruby.h:413:29: note: expanded from macro 'ID2SYM'
  413 | #define ID2SYM(x) RB_ID2SYM(x)
      |                             ^
/Library/Developer/CommandLineTools/SDKs/MacOSX.sdk/System/Library/Frameworks/Ruby.framework/Versions/2.6/usr/include/ruby-2.6.0/ruby/ruby.h:408:33: note: expanded from macro 'RB_ID2SYM'
  408 | #define RB_ID2SYM(x) (rb_id2sym(x))
      |                                 ^
commonmarker.c:1233:22: warning: '}' and ')' tokens terminating statement expression appear in different macro expansion contexts [-Wcompound-token-split-by-macro]
 1233 |   sym_hrule = ID2SYM(rb_intern("hrule"));
      |                      ^~~~~~~~~~~~~~~~~~
/Library/Developer/CommandLineTools/SDKs/MacOSX.sdk/System/Library/Frameworks/Ruby.framework/Versions/2.6/usr/include/ruby-2.6.0/ruby/ruby.h:1826:24: note: expanded from macro 'rb_intern'
 1826 |         __extension__ (RUBY_CONST_ID_CACHE((ID), (str))) : \
      |                        ^~~~~~~~~~~~~~~~~~~~~~~~~~~~~~~~
/Library/Developer/CommandLineTools/SDKs/MacOSX.sdk/System/Library/Frameworks/Ruby.framework/Versions/2.6/usr/include/ruby-2.6.0/ruby/ruby.h:1816:5: note: expanded from macro 'RUBY_CONST_ID_CACHE'
 1816 |     }
      |     ^
/Library/Developer/CommandLineTools/SDKs/MacOSX.sdk/System/Library/Frameworks/Ruby.framework/Versions/2.6/usr/include/ruby-2.6.0/ruby/ruby.h:413:29: note: expanded from macro 'ID2SYM'
  413 | #define ID2SYM(x) RB_ID2SYM(x)
      |                             ^
/Library/Developer/CommandLineTools/SDKs/MacOSX.sdk/System/Library/Frameworks/Ruby.framework/Versions/2.6/usr/include/ruby-2.6.0/ruby/ruby.h:408:33: note: expanded from macro 'RB_ID2SYM'
  408 | #define RB_ID2SYM(x) (rb_id2sym(x))
      |                                 ^
commonmarker.c:1233:22: note: ')' token is here
 1233 |   sym_hrule = ID2SYM(rb_intern("hrule"));
      |                      ^~~~~~~~~~~~~~~~~~
/Library/Developer/CommandLineTools/SDKs/MacOSX.sdk/System/Library/Frameworks/Ruby.framework/Versions/2.6/usr/include/ruby-2.6.0/ruby/ruby.h:1826:56: note: expanded from macro 'rb_intern'
 1826 |         __extension__ (RUBY_CONST_ID_CACHE((ID), (str))) : \
      |                                                        ^
/Library/Developer/CommandLineTools/SDKs/MacOSX.sdk/System/Library/Frameworks/Ruby.framework/Versions/2.6/usr/include/ruby-2.6.0/ruby/ruby.h:413:29: note: expanded from macro 'ID2SYM'
  413 | #define ID2SYM(x) RB_ID2SYM(x)
      |                             ^
/Library/Developer/CommandLineTools/SDKs/MacOSX.sdk/System/Library/Frameworks/Ruby.framework/Versions/2.6/usr/include/ruby-2.6.0/ruby/ruby.h:408:33: note: expanded from macro 'RB_ID2SYM'
  408 | #define RB_ID2SYM(x) (rb_id2sym(x))
      |                                 ^
commonmarker.c:1234:21: warning: '(' and '{' tokens introducing statement expression appear in different macro expansion contexts [-Wcompound-token-split-by-macro]
 1234 |   sym_text = ID2SYM(rb_intern("text"));
      |                     ^~~~~~~~~~~~~~~~~
/Library/Developer/CommandLineTools/SDKs/MacOSX.sdk/System/Library/Frameworks/Ruby.framework/Versions/2.6/usr/include/ruby-2.6.0/ruby/ruby.h:1826:23: note: expanded from macro 'rb_intern'
 1826 |         __extension__ (RUBY_CONST_ID_CACHE((ID), (str))) : \
      |                       ^
/Library/Developer/CommandLineTools/SDKs/MacOSX.sdk/System/Library/Frameworks/Ruby.framework/Versions/2.6/usr/include/ruby-2.6.0/ruby/ruby.h:413:29: note: expanded from macro 'ID2SYM'
  413 | #define ID2SYM(x) RB_ID2SYM(x)
      |                             ^
/Library/Developer/CommandLineTools/SDKs/MacOSX.sdk/System/Library/Frameworks/Ruby.framework/Versions/2.6/usr/include/ruby-2.6.0/ruby/ruby.h:408:33: note: expanded from macro 'RB_ID2SYM'
  408 | #define RB_ID2SYM(x) (rb_id2sym(x))
      |                                 ^
commonmarker.c:1234:21: note: '{' token is here
 1234 |   sym_text = ID2SYM(rb_intern("text"));
      |                     ^~~~~~~~~~~~~~~~~
/Library/Developer/CommandLineTools/SDKs/MacOSX.sdk/System/Library/Frameworks/Ruby.framework/Versions/2.6/usr/include/ruby-2.6.0/ruby/ruby.h:1826:24: note: expanded from macro 'rb_intern'
 1826 |         __extension__ (RUBY_CONST_ID_CACHE((ID), (str))) : \
      |                        ^~~~~~~~~~~~~~~~~~~~~~~~~~~~~~~~
/Library/Developer/CommandLineTools/SDKs/MacOSX.sdk/System/Library/Frameworks/Ruby.framework/Versions/2.6/usr/include/ruby-2.6.0/ruby/ruby.h:1811:5: note: expanded from macro 'RUBY_CONST_ID_CACHE'
 1811 |     {                                                   \
      |     ^
/Library/Developer/CommandLineTools/SDKs/MacOSX.sdk/System/Library/Frameworks/Ruby.framework/Versions/2.6/usr/include/ruby-2.6.0/ruby/ruby.h:413:29: note: expanded from macro 'ID2SYM'
  413 | #define ID2SYM(x) RB_ID2SYM(x)
      |                             ^
/Library/Developer/CommandLineTools/SDKs/MacOSX.sdk/System/Library/Frameworks/Ruby.framework/Versions/2.6/usr/include/ruby-2.6.0/ruby/ruby.h:408:33: note: expanded from macro 'RB_ID2SYM'
  408 | #define RB_ID2SYM(x) (rb_id2sym(x))
      |                                 ^
commonmarker.c:1234:21: warning: '}' and ')' tokens terminating statement expression appear in different macro expansion contexts [-Wcompound-token-split-by-macro]
 1234 |   sym_text = ID2SYM(rb_intern("text"));
      |                     ^~~~~~~~~~~~~~~~~
/Library/Developer/CommandLineTools/SDKs/MacOSX.sdk/System/Library/Frameworks/Ruby.framework/Versions/2.6/usr/include/ruby-2.6.0/ruby/ruby.h:1826:24: note: expanded from macro 'rb_intern'
 1826 |         __extension__ (RUBY_CONST_ID_CACHE((ID), (str))) : \
      |                        ^~~~~~~~~~~~~~~~~~~~~~~~~~~~~~~~
/Library/Developer/CommandLineTools/SDKs/MacOSX.sdk/System/Library/Frameworks/Ruby.framework/Versions/2.6/usr/include/ruby-2.6.0/ruby/ruby.h:1816:5: note: expanded from macro 'RUBY_CONST_ID_CACHE'
 1816 |     }
      |     ^
/Library/Developer/CommandLineTools/SDKs/MacOSX.sdk/System/Library/Frameworks/Ruby.framework/Versions/2.6/usr/include/ruby-2.6.0/ruby/ruby.h:413:29: note: expanded from macro 'ID2SYM'
  413 | #define ID2SYM(x) RB_ID2SYM(x)
      |                             ^
/Library/Developer/CommandLineTools/SDKs/MacOSX.sdk/System/Library/Frameworks/Ruby.framework/Versions/2.6/usr/include/ruby-2.6.0/ruby/ruby.h:408:33: note: expanded from macro 'RB_ID2SYM'
  408 | #define RB_ID2SYM(x) (rb_id2sym(x))
      |                                 ^
commonmarker.c:1234:21: note: ')' token is here
 1234 |   sym_text = ID2SYM(rb_intern("text"));
      |                     ^~~~~~~~~~~~~~~~~
/Library/Developer/CommandLineTools/SDKs/MacOSX.sdk/System/Library/Frameworks/Ruby.framework/Versions/2.6/usr/include/ruby-2.6.0/ruby/ruby.h:1826:56: note: expanded from macro 'rb_intern'
 1826 |         __extension__ (RUBY_CONST_ID_CACHE((ID), (str))) : \
      |                                                        ^
/Library/Developer/CommandLineTools/SDKs/MacOSX.sdk/System/Library/Frameworks/Ruby.framework/Versions/2.6/usr/include/ruby-2.6.0/ruby/ruby.h:413:29: note: expanded from macro 'ID2SYM'
  413 | #define ID2SYM(x) RB_ID2SYM(x)
      |                             ^
/Library/Developer/CommandLineTools/SDKs/MacOSX.sdk/System/Library/Frameworks/Ruby.framework/Versions/2.6/usr/include/ruby-2.6.0/ruby/ruby.h:408:33: note: expanded from macro 'RB_ID2SYM'
  408 | #define RB_ID2SYM(x) (rb_id2sym(x))
      |                                 ^
commonmarker.c:1235:26: warning: '(' and '{' tokens introducing statement expression appear in different macro expansion contexts [-Wcompound-token-split-by-macro]
 1235 |   sym_softbreak = ID2SYM(rb_intern("softbreak"));
      |                          ^~~~~~~~~~~~~~~~~~~~~~
/Library/Developer/CommandLineTools/SDKs/MacOSX.sdk/System/Library/Frameworks/Ruby.framework/Versions/2.6/usr/include/ruby-2.6.0/ruby/ruby.h:1826:23: note: expanded from macro 'rb_intern'
 1826 |         __extension__ (RUBY_CONST_ID_CACHE((ID), (str))) : \
      |                       ^
/Library/Developer/CommandLineTools/SDKs/MacOSX.sdk/System/Library/Frameworks/Ruby.framework/Versions/2.6/usr/include/ruby-2.6.0/ruby/ruby.h:413:29: note: expanded from macro 'ID2SYM'
  413 | #define ID2SYM(x) RB_ID2SYM(x)
      |                             ^
/Library/Developer/CommandLineTools/SDKs/MacOSX.sdk/System/Library/Frameworks/Ruby.framework/Versions/2.6/usr/include/ruby-2.6.0/ruby/ruby.h:408:33: note: expanded from macro 'RB_ID2SYM'
  408 | #define RB_ID2SYM(x) (rb_id2sym(x))
      |                                 ^
commonmarker.c:1235:26: note: '{' token is here
 1235 |   sym_softbreak = ID2SYM(rb_intern("softbreak"));
      |                          ^~~~~~~~~~~~~~~~~~~~~~
/Library/Developer/CommandLineTools/SDKs/MacOSX.sdk/System/Library/Frameworks/Ruby.framework/Versions/2.6/usr/include/ruby-2.6.0/ruby/ruby.h:1826:24: note: expanded from macro 'rb_intern'
 1826 |         __extension__ (RUBY_CONST_ID_CACHE((ID), (str))) : \
      |                        ^~~~~~~~~~~~~~~~~~~~~~~~~~~~~~~~
/Library/Developer/CommandLineTools/SDKs/MacOSX.sdk/System/Library/Frameworks/Ruby.framework/Versions/2.6/usr/include/ruby-2.6.0/ruby/ruby.h:1811:5: note: expanded from macro 'RUBY_CONST_ID_CACHE'
 1811 |     {                                                   \
      |     ^
/Library/Developer/CommandLineTools/SDKs/MacOSX.sdk/System/Library/Frameworks/Ruby.framework/Versions/2.6/usr/include/ruby-2.6.0/ruby/ruby.h:413:29: note: expanded from macro 'ID2SYM'
  413 | #define ID2SYM(x) RB_ID2SYM(x)
      |                             ^
/Library/Developer/CommandLineTools/SDKs/MacOSX.sdk/System/Library/Frameworks/Ruby.framework/Versions/2.6/usr/include/ruby-2.6.0/ruby/ruby.h:408:33: note: expanded from macro 'RB_ID2SYM'
  408 | #define RB_ID2SYM(x) (rb_id2sym(x))
      |                                 ^
commonmarker.c:1235:26: warning: '}' and ')' tokens terminating statement expression appear in different macro expansion contexts [-Wcompound-token-split-by-macro]
 1235 |   sym_softbreak = ID2SYM(rb_intern("softbreak"));
      |                          ^~~~~~~~~~~~~~~~~~~~~~
/Library/Developer/CommandLineTools/SDKs/MacOSX.sdk/System/Library/Frameworks/Ruby.framework/Versions/2.6/usr/include/ruby-2.6.0/ruby/ruby.h:1826:24: note: expanded from macro 'rb_intern'
 1826 |         __extension__ (RUBY_CONST_ID_CACHE((ID), (str))) : \
      |                        ^~~~~~~~~~~~~~~~~~~~~~~~~~~~~~~~
/Library/Developer/CommandLineTools/SDKs/MacOSX.sdk/System/Library/Frameworks/Ruby.framework/Versions/2.6/usr/include/ruby-2.6.0/ruby/ruby.h:1816:5: note: expanded from macro 'RUBY_CONST_ID_CACHE'
 1816 |     }
      |     ^
/Library/Developer/CommandLineTools/SDKs/MacOSX.sdk/System/Library/Frameworks/Ruby.framework/Versions/2.6/usr/include/ruby-2.6.0/ruby/ruby.h:413:29: note: expanded from macro 'ID2SYM'
  413 | #define ID2SYM(x) RB_ID2SYM(x)
      |                             ^
/Library/Developer/CommandLineTools/SDKs/MacOSX.sdk/System/Library/Frameworks/Ruby.framework/Versions/2.6/usr/include/ruby-2.6.0/ruby/ruby.h:408:33: note: expanded from macro 'RB_ID2SYM'
  408 | #define RB_ID2SYM(x) (rb_id2sym(x))
      |                                 ^
commonmarker.c:1235:26: note: ')' token is here
 1235 |   sym_softbreak = ID2SYM(rb_intern("softbreak"));
      |                          ^~~~~~~~~~~~~~~~~~~~~~
/Library/Developer/CommandLineTools/SDKs/MacOSX.sdk/System/Library/Frameworks/Ruby.framework/Versions/2.6/usr/include/ruby-2.6.0/ruby/ruby.h:1826:56: note: expanded from macro 'rb_intern'
 1826 |         __extension__ (RUBY_CONST_ID_CACHE((ID), (str))) : \
      |                                                        ^
/Library/Developer/CommandLineTools/SDKs/MacOSX.sdk/System/Library/Frameworks/Ruby.framework/Versions/2.6/usr/include/ruby-2.6.0/ruby/ruby.h:413:29: note: expanded from macro 'ID2SYM'
  413 | #define ID2SYM(x) RB_ID2SYM(x)
      |                             ^
/Library/Developer/CommandLineTools/SDKs/MacOSX.sdk/System/Library/Frameworks/Ruby.framework/Versions/2.6/usr/include/ruby-2.6.0/ruby/ruby.h:408:33: note: expanded from macro 'RB_ID2SYM'
  408 | #define RB_ID2SYM(x) (rb_id2sym(x))
      |                                 ^
commonmarker.c:1236:26: warning: '(' and '{' tokens introducing statement expression appear in different macro expansion contexts [-Wcompound-token-split-by-macro]
 1236 |   sym_linebreak = ID2SYM(rb_intern("linebreak"));
      |                          ^~~~~~~~~~~~~~~~~~~~~~
/Library/Developer/CommandLineTools/SDKs/MacOSX.sdk/System/Library/Frameworks/Ruby.framework/Versions/2.6/usr/include/ruby-2.6.0/ruby/ruby.h:1826:23: note: expanded from macro 'rb_intern'
 1826 |         __extension__ (RUBY_CONST_ID_CACHE((ID), (str))) : \
      |                       ^
/Library/Developer/CommandLineTools/SDKs/MacOSX.sdk/System/Library/Frameworks/Ruby.framework/Versions/2.6/usr/include/ruby-2.6.0/ruby/ruby.h:413:29: note: expanded from macro 'ID2SYM'
  413 | #define ID2SYM(x) RB_ID2SYM(x)
      |                             ^
/Library/Developer/CommandLineTools/SDKs/MacOSX.sdk/System/Library/Frameworks/Ruby.framework/Versions/2.6/usr/include/ruby-2.6.0/ruby/ruby.h:408:33: note: expanded from macro 'RB_ID2SYM'
  408 | #define RB_ID2SYM(x) (rb_id2sym(x))
      |                                 ^
commonmarker.c:1236:26: note: '{' token is here
 1236 |   sym_linebreak = ID2SYM(rb_intern("linebreak"));
      |                          ^~~~~~~~~~~~~~~~~~~~~~
/Library/Developer/CommandLineTools/SDKs/MacOSX.sdk/System/Library/Frameworks/Ruby.framework/Versions/2.6/usr/include/ruby-2.6.0/ruby/ruby.h:1826:24: note: expanded from macro 'rb_intern'
 1826 |         __extension__ (RUBY_CONST_ID_CACHE((ID), (str))) : \
      |                        ^~~~~~~~~~~~~~~~~~~~~~~~~~~~~~~~
/Library/Developer/CommandLineTools/SDKs/MacOSX.sdk/System/Library/Frameworks/Ruby.framework/Versions/2.6/usr/include/ruby-2.6.0/ruby/ruby.h:1811:5: note: expanded from macro 'RUBY_CONST_ID_CACHE'
 1811 |     {                                                   \
      |     ^
/Library/Developer/CommandLineTools/SDKs/MacOSX.sdk/System/Library/Frameworks/Ruby.framework/Versions/2.6/usr/include/ruby-2.6.0/ruby/ruby.h:413:29: note: expanded from macro 'ID2SYM'
  413 | #define ID2SYM(x) RB_ID2SYM(x)
      |                             ^
/Library/Developer/CommandLineTools/SDKs/MacOSX.sdk/System/Library/Frameworks/Ruby.framework/Versions/2.6/usr/include/ruby-2.6.0/ruby/ruby.h:408:33: note: expanded from macro 'RB_ID2SYM'
  408 | #define RB_ID2SYM(x) (rb_id2sym(x))
      |                                 ^
commonmarker.c:1236:26: warning: '}' and ')' tokens terminating statement expression appear in different macro expansion contexts [-Wcompound-token-split-by-macro]
 1236 |   sym_linebreak = ID2SYM(rb_intern("linebreak"));
      |                          ^~~~~~~~~~~~~~~~~~~~~~
/Library/Developer/CommandLineTools/SDKs/MacOSX.sdk/System/Library/Frameworks/Ruby.framework/Versions/2.6/usr/include/ruby-2.6.0/ruby/ruby.h:1826:24: note: expanded from macro 'rb_intern'
 1826 |         __extension__ (RUBY_CONST_ID_CACHE((ID), (str))) : \
      |                        ^~~~~~~~~~~~~~~~~~~~~~~~~~~~~~~~
/Library/Developer/CommandLineTools/SDKs/MacOSX.sdk/System/Library/Frameworks/Ruby.framework/Versions/2.6/usr/include/ruby-2.6.0/ruby/ruby.h:1816:5: note: expanded from macro 'RUBY_CONST_ID_CACHE'
 1816 |     }
      |     ^
/Library/Developer/CommandLineTools/SDKs/MacOSX.sdk/System/Library/Frameworks/Ruby.framework/Versions/2.6/usr/include/ruby-2.6.0/ruby/ruby.h:413:29: note: expanded from macro 'ID2SYM'
  413 | #define ID2SYM(x) RB_ID2SYM(x)
      |                             ^
/Library/Developer/CommandLineTools/SDKs/MacOSX.sdk/System/Library/Frameworks/Ruby.framework/Versions/2.6/usr/include/ruby-2.6.0/ruby/ruby.h:408:33: note: expanded from macro 'RB_ID2SYM'
  408 | #define RB_ID2SYM(x) (rb_id2sym(x))
      |                                 ^
commonmarker.c:1236:26: note: ')' token is here
 1236 |   sym_linebreak = ID2SYM(rb_intern("linebreak"));
      |                          ^~~~~~~~~~~~~~~~~~~~~~
/Library/Developer/CommandLineTools/SDKs/MacOSX.sdk/System/Library/Frameworks/Ruby.framework/Versions/2.6/usr/include/ruby-2.6.0/ruby/ruby.h:1826:56: note: expanded from macro 'rb_intern'
 1826 |         __extension__ (RUBY_CONST_ID_CACHE((ID), (str))) : \
      |                                                        ^
/Library/Developer/CommandLineTools/SDKs/MacOSX.sdk/System/Library/Frameworks/Ruby.framework/Versions/2.6/usr/include/ruby-2.6.0/ruby/ruby.h:413:29: note: expanded from macro 'ID2SYM'
  413 | #define ID2SYM(x) RB_ID2SYM(x)
      |                             ^
/Library/Developer/CommandLineTools/SDKs/MacOSX.sdk/System/Library/Frameworks/Ruby.framework/Versions/2.6/usr/include/ruby-2.6.0/ruby/ruby.h:408:33: note: expanded from macro 'RB_ID2SYM'
  408 | #define RB_ID2SYM(x) (rb_id2sym(x))
      |                                 ^
commonmarker.c:1237:21: warning: '(' and '{' tokens introducing statement expression appear in different macro expansion contexts [-Wcompound-token-split-by-macro]
 1237 |   sym_code = ID2SYM(rb_intern("code"));
      |                     ^~~~~~~~~~~~~~~~~
/Library/Developer/CommandLineTools/SDKs/MacOSX.sdk/System/Library/Frameworks/Ruby.framework/Versions/2.6/usr/include/ruby-2.6.0/ruby/ruby.h:1826:23: note: expanded from macro 'rb_intern'
 1826 |         __extension__ (RUBY_CONST_ID_CACHE((ID), (str))) : \
      |                       ^
/Library/Developer/CommandLineTools/SDKs/MacOSX.sdk/System/Library/Frameworks/Ruby.framework/Versions/2.6/usr/include/ruby-2.6.0/ruby/ruby.h:413:29: note: expanded from macro 'ID2SYM'
  413 | #define ID2SYM(x) RB_ID2SYM(x)
      |                             ^
/Library/Developer/CommandLineTools/SDKs/MacOSX.sdk/System/Library/Frameworks/Ruby.framework/Versions/2.6/usr/include/ruby-2.6.0/ruby/ruby.h:408:33: note: expanded from macro 'RB_ID2SYM'
  408 | #define RB_ID2SYM(x) (rb_id2sym(x))
      |                                 ^
commonmarker.c:1237:21: note: '{' token is here
 1237 |   sym_code = ID2SYM(rb_intern("code"));
      |                     ^~~~~~~~~~~~~~~~~
/Library/Developer/CommandLineTools/SDKs/MacOSX.sdk/System/Library/Frameworks/Ruby.framework/Versions/2.6/usr/include/ruby-2.6.0/ruby/ruby.h:1826:24: note: expanded from macro 'rb_intern'
 1826 |         __extension__ (RUBY_CONST_ID_CACHE((ID), (str))) : \
      |                        ^~~~~~~~~~~~~~~~~~~~~~~~~~~~~~~~
/Library/Developer/CommandLineTools/SDKs/MacOSX.sdk/System/Library/Frameworks/Ruby.framework/Versions/2.6/usr/include/ruby-2.6.0/ruby/ruby.h:1811:5: note: expanded from macro 'RUBY_CONST_ID_CACHE'
 1811 |     {                                                   \
      |     ^
/Library/Developer/CommandLineTools/SDKs/MacOSX.sdk/System/Library/Frameworks/Ruby.framework/Versions/2.6/usr/include/ruby-2.6.0/ruby/ruby.h:413:29: note: expanded from macro 'ID2SYM'
  413 | #define ID2SYM(x) RB_ID2SYM(x)
      |                             ^
/Library/Developer/CommandLineTools/SDKs/MacOSX.sdk/System/Library/Frameworks/Ruby.framework/Versions/2.6/usr/include/ruby-2.6.0/ruby/ruby.h:408:33: note: expanded from macro 'RB_ID2SYM'
  408 | #define RB_ID2SYM(x) (rb_id2sym(x))
      |                                 ^
commonmarker.c:1237:21: warning: '}' and ')' tokens terminating statement expression appear in different macro expansion contexts [-Wcompound-token-split-by-macro]
 1237 |   sym_code = ID2SYM(rb_intern("code"));
      |                     ^~~~~~~~~~~~~~~~~
/Library/Developer/CommandLineTools/SDKs/MacOSX.sdk/System/Library/Frameworks/Ruby.framework/Versions/2.6/usr/include/ruby-2.6.0/ruby/ruby.h:1826:24: note: expanded from macro 'rb_intern'
 1826 |         __extension__ (RUBY_CONST_ID_CACHE((ID), (str))) : \
      |                        ^~~~~~~~~~~~~~~~~~~~~~~~~~~~~~~~
/Library/Developer/CommandLineTools/SDKs/MacOSX.sdk/System/Library/Frameworks/Ruby.framework/Versions/2.6/usr/include/ruby-2.6.0/ruby/ruby.h:1816:5: note: expanded from macro 'RUBY_CONST_ID_CACHE'
 1816 |     }
      |     ^
/Library/Developer/CommandLineTools/SDKs/MacOSX.sdk/System/Library/Frameworks/Ruby.framework/Versions/2.6/usr/include/ruby-2.6.0/ruby/ruby.h:413:29: note: expanded from macro 'ID2SYM'
  413 | #define ID2SYM(x) RB_ID2SYM(x)
      |                             ^
/Library/Developer/CommandLineTools/SDKs/MacOSX.sdk/System/Library/Frameworks/Ruby.framework/Versions/2.6/usr/include/ruby-2.6.0/ruby/ruby.h:408:33: note: expanded from macro 'RB_ID2SYM'
  408 | #define RB_ID2SYM(x) (rb_id2sym(x))
      |                                 ^
commonmarker.c:1237:21: note: ')' token is here
 1237 |   sym_code = ID2SYM(rb_intern("code"));
      |                     ^~~~~~~~~~~~~~~~~
/Library/Developer/CommandLineTools/SDKs/MacOSX.sdk/System/Library/Frameworks/Ruby.framework/Versions/2.6/usr/include/ruby-2.6.0/ruby/ruby.h:1826:56: note: expanded from macro 'rb_intern'
 1826 |         __extension__ (RUBY_CONST_ID_CACHE((ID), (str))) : \
      |                                                        ^
/Library/Developer/CommandLineTools/SDKs/MacOSX.sdk/System/Library/Frameworks/Ruby.framework/Versions/2.6/usr/include/ruby-2.6.0/ruby/ruby.h:413:29: note: expanded from macro 'ID2SYM'
  413 | #define ID2SYM(x) RB_ID2SYM(x)
      |                             ^
/Library/Developer/CommandLineTools/SDKs/MacOSX.sdk/System/Library/Frameworks/Ruby.framework/Versions/2.6/usr/include/ruby-2.6.0/ruby/ruby.h:408:33: note: expanded from macro 'RB_ID2SYM'
  408 | #define RB_ID2SYM(x) (rb_id2sym(x))
      |                                 ^
commonmarker.c:1238:28: warning: '(' and '{' tokens introducing statement expression appear in different macro expansion contexts [-Wcompound-token-split-by-macro]
 1238 |   sym_inline_html = ID2SYM(rb_intern("inline_html"));
      |                            ^~~~~~~~~~~~~~~~~~~~~~~~
/Library/Developer/CommandLineTools/SDKs/MacOSX.sdk/System/Library/Frameworks/Ruby.framework/Versions/2.6/usr/include/ruby-2.6.0/ruby/ruby.h:1826:23: note: expanded from macro 'rb_intern'
 1826 |         __extension__ (RUBY_CONST_ID_CACHE((ID), (str))) : \
      |                       ^
/Library/Developer/CommandLineTools/SDKs/MacOSX.sdk/System/Library/Frameworks/Ruby.framework/Versions/2.6/usr/include/ruby-2.6.0/ruby/ruby.h:413:29: note: expanded from macro 'ID2SYM'
  413 | #define ID2SYM(x) RB_ID2SYM(x)
      |                             ^
/Library/Developer/CommandLineTools/SDKs/MacOSX.sdk/System/Library/Frameworks/Ruby.framework/Versions/2.6/usr/include/ruby-2.6.0/ruby/ruby.h:408:33: note: expanded from macro 'RB_ID2SYM'
  408 | #define RB_ID2SYM(x) (rb_id2sym(x))
      |                                 ^
commonmarker.c:1238:28: note: '{' token is here
 1238 |   sym_inline_html = ID2SYM(rb_intern("inline_html"));
      |                            ^~~~~~~~~~~~~~~~~~~~~~~~
/Library/Developer/CommandLineTools/SDKs/MacOSX.sdk/System/Library/Frameworks/Ruby.framework/Versions/2.6/usr/include/ruby-2.6.0/ruby/ruby.h:1826:24: note: expanded from macro 'rb_intern'
 1826 |         __extension__ (RUBY_CONST_ID_CACHE((ID), (str))) : \
      |                        ^~~~~~~~~~~~~~~~~~~~~~~~~~~~~~~~
/Library/Developer/CommandLineTools/SDKs/MacOSX.sdk/System/Library/Frameworks/Ruby.framework/Versions/2.6/usr/include/ruby-2.6.0/ruby/ruby.h:1811:5: note: expanded from macro 'RUBY_CONST_ID_CACHE'
 1811 |     {                                                   \
      |     ^
/Library/Developer/CommandLineTools/SDKs/MacOSX.sdk/System/Library/Frameworks/Ruby.framework/Versions/2.6/usr/include/ruby-2.6.0/ruby/ruby.h:413:29: note: expanded from macro 'ID2SYM'
  413 | #define ID2SYM(x) RB_ID2SYM(x)
      |                             ^
/Library/Developer/CommandLineTools/SDKs/MacOSX.sdk/System/Library/Frameworks/Ruby.framework/Versions/2.6/usr/include/ruby-2.6.0/ruby/ruby.h:408:33: note: expanded from macro 'RB_ID2SYM'
  408 | #define RB_ID2SYM(x) (rb_id2sym(x))
      |                                 ^
commonmarker.c:1238:28: warning: '}' and ')' tokens terminating statement expression appear in different macro expansion contexts [-Wcompound-token-split-by-macro]
 1238 |   sym_inline_html = ID2SYM(rb_intern("inline_html"));
      |                            ^~~~~~~~~~~~~~~~~~~~~~~~
/Library/Developer/CommandLineTools/SDKs/MacOSX.sdk/System/Library/Frameworks/Ruby.framework/Versions/2.6/usr/include/ruby-2.6.0/ruby/ruby.h:1826:24: note: expanded from macro 'rb_intern'
 1826 |         __extension__ (RUBY_CONST_ID_CACHE((ID), (str))) : \
      |                        ^~~~~~~~~~~~~~~~~~~~~~~~~~~~~~~~
/Library/Developer/CommandLineTools/SDKs/MacOSX.sdk/System/Library/Frameworks/Ruby.framework/Versions/2.6/usr/include/ruby-2.6.0/ruby/ruby.h:1816:5: note: expanded from macro 'RUBY_CONST_ID_CACHE'
 1816 |     }
      |     ^
/Library/Developer/CommandLineTools/SDKs/MacOSX.sdk/System/Library/Frameworks/Ruby.framework/Versions/2.6/usr/include/ruby-2.6.0/ruby/ruby.h:413:29: note: expanded from macro 'ID2SYM'
  413 | #define ID2SYM(x) RB_ID2SYM(x)
      |                             ^
/Library/Developer/CommandLineTools/SDKs/MacOSX.sdk/System/Library/Frameworks/Ruby.framework/Versions/2.6/usr/include/ruby-2.6.0/ruby/ruby.h:408:33: note: expanded from macro 'RB_ID2SYM'
  408 | #define RB_ID2SYM(x) (rb_id2sym(x))
      |                                 ^
commonmarker.c:1238:28: note: ')' token is here
 1238 |   sym_inline_html = ID2SYM(rb_intern("inline_html"));
      |                            ^~~~~~~~~~~~~~~~~~~~~~~~
/Library/Developer/CommandLineTools/SDKs/MacOSX.sdk/System/Library/Frameworks/Ruby.framework/Versions/2.6/usr/include/ruby-2.6.0/ruby/ruby.h:1826:56: note: expanded from macro 'rb_intern'
 1826 |         __extension__ (RUBY_CONST_ID_CACHE((ID), (str))) : \
      |                                                        ^
/Library/Developer/CommandLineTools/SDKs/MacOSX.sdk/System/Library/Frameworks/Ruby.framework/Versions/2.6/usr/include/ruby-2.6.0/ruby/ruby.h:413:29: note: expanded from macro 'ID2SYM'
  413 | #define ID2SYM(x) RB_ID2SYM(x)
      |                             ^
/Library/Developer/CommandLineTools/SDKs/MacOSX.sdk/System/Library/Frameworks/Ruby.framework/Versions/2.6/usr/include/ruby-2.6.0/ruby/ruby.h:408:33: note: expanded from macro 'RB_ID2SYM'
  408 | #define RB_ID2SYM(x) (rb_id2sym(x))
      |                                 ^
commonmarker.c:1239:21: warning: '(' and '{' tokens introducing statement expression appear in different macro expansion contexts [-Wcompound-token-split-by-macro]
 1239 |   sym_emph = ID2SYM(rb_intern("emph"));
      |                     ^~~~~~~~~~~~~~~~~
/Library/Developer/CommandLineTools/SDKs/MacOSX.sdk/System/Library/Frameworks/Ruby.framework/Versions/2.6/usr/include/ruby-2.6.0/ruby/ruby.h:1826:23: note: expanded from macro 'rb_intern'
 1826 |         __extension__ (RUBY_CONST_ID_CACHE((ID), (str))) : \
      |                       ^
/Library/Developer/CommandLineTools/SDKs/MacOSX.sdk/System/Library/Frameworks/Ruby.framework/Versions/2.6/usr/include/ruby-2.6.0/ruby/ruby.h:413:29: note: expanded from macro 'ID2SYM'
  413 | #define ID2SYM(x) RB_ID2SYM(x)
      |                             ^
/Library/Developer/CommandLineTools/SDKs/MacOSX.sdk/System/Library/Frameworks/Ruby.framework/Versions/2.6/usr/include/ruby-2.6.0/ruby/ruby.h:408:33: note: expanded from macro 'RB_ID2SYM'
  408 | #define RB_ID2SYM(x) (rb_id2sym(x))
      |                                 ^
commonmarker.c:1239:21: note: '{' token is here
 1239 |   sym_emph = ID2SYM(rb_intern("emph"));
      |                     ^~~~~~~~~~~~~~~~~
/Library/Developer/CommandLineTools/SDKs/MacOSX.sdk/System/Library/Frameworks/Ruby.framework/Versions/2.6/usr/include/ruby-2.6.0/ruby/ruby.h:1826:24: note: expanded from macro 'rb_intern'
 1826 |         __extension__ (RUBY_CONST_ID_CACHE((ID), (str))) : \
      |                        ^~~~~~~~~~~~~~~~~~~~~~~~~~~~~~~~
/Library/Developer/CommandLineTools/SDKs/MacOSX.sdk/System/Library/Frameworks/Ruby.framework/Versions/2.6/usr/include/ruby-2.6.0/ruby/ruby.h:1811:5: note: expanded from macro 'RUBY_CONST_ID_CACHE'
 1811 |     {                                                   \
      |     ^
/Library/Developer/CommandLineTools/SDKs/MacOSX.sdk/System/Library/Frameworks/Ruby.framework/Versions/2.6/usr/include/ruby-2.6.0/ruby/ruby.h:413:29: note: expanded from macro 'ID2SYM'
  413 | #define ID2SYM(x) RB_ID2SYM(x)
      |                             ^
/Library/Developer/CommandLineTools/SDKs/MacOSX.sdk/System/Library/Frameworks/Ruby.framework/Versions/2.6/usr/include/ruby-2.6.0/ruby/ruby.h:408:33: note: expanded from macro 'RB_ID2SYM'
  408 | #define RB_ID2SYM(x) (rb_id2sym(x))
      |                                 ^
commonmarker.c:1239:21: warning: '}' and ')' tokens terminating statement expression appear in different macro expansion contexts [-Wcompound-token-split-by-macro]
 1239 |   sym_emph = ID2SYM(rb_intern("emph"));
      |                     ^~~~~~~~~~~~~~~~~
/Library/Developer/CommandLineTools/SDKs/MacOSX.sdk/System/Library/Frameworks/Ruby.framework/Versions/2.6/usr/include/ruby-2.6.0/ruby/ruby.h:1826:24: note: expanded from macro 'rb_intern'
 1826 |         __extension__ (RUBY_CONST_ID_CACHE((ID), (str))) : \
      |                        ^~~~~~~~~~~~~~~~~~~~~~~~~~~~~~~~
/Library/Developer/CommandLineTools/SDKs/MacOSX.sdk/System/Library/Frameworks/Ruby.framework/Versions/2.6/usr/include/ruby-2.6.0/ruby/ruby.h:1816:5: note: expanded from macro 'RUBY_CONST_ID_CACHE'
 1816 |     }
      |     ^
/Library/Developer/CommandLineTools/SDKs/MacOSX.sdk/System/Library/Frameworks/Ruby.framework/Versions/2.6/usr/include/ruby-2.6.0/ruby/ruby.h:413:29: note: expanded from macro 'ID2SYM'
  413 | #define ID2SYM(x) RB_ID2SYM(x)
      |                             ^
/Library/Developer/CommandLineTools/SDKs/MacOSX.sdk/System/Library/Frameworks/Ruby.framework/Versions/2.6/usr/include/ruby-2.6.0/ruby/ruby.h:408:33: note: expanded from macro 'RB_ID2SYM'
  408 | #define RB_ID2SYM(x) (rb_id2sym(x))
      |                                 ^
commonmarker.c:1239:21: note: ')' token is here
 1239 |   sym_emph = ID2SYM(rb_intern("emph"));
      |                     ^~~~~~~~~~~~~~~~~
/Library/Developer/CommandLineTools/SDKs/MacOSX.sdk/System/Library/Frameworks/Ruby.framework/Versions/2.6/usr/include/ruby-2.6.0/ruby/ruby.h:1826:56: note: expanded from macro 'rb_intern'
 1826 |         __extension__ (RUBY_CONST_ID_CACHE((ID), (str))) : \
      |                                                        ^
/Library/Developer/CommandLineTools/SDKs/MacOSX.sdk/System/Library/Frameworks/Ruby.framework/Versions/2.6/usr/include/ruby-2.6.0/ruby/ruby.h:413:29: note: expanded from macro 'ID2SYM'
  413 | #define ID2SYM(x) RB_ID2SYM(x)
      |                             ^
/Library/Developer/CommandLineTools/SDKs/MacOSX.sdk/System/Library/Frameworks/Ruby.framework/Versions/2.6/usr/include/ruby-2.6.0/ruby/ruby.h:408:33: note: expanded from macro 'RB_ID2SYM'
  408 | #define RB_ID2SYM(x) (rb_id2sym(x))
      |                                 ^
commonmarker.c:1240:23: warning: '(' and '{' tokens introducing statement expression appear in different macro expansion contexts [-Wcompound-token-split-by-macro]
 1240 |   sym_strong = ID2SYM(rb_intern("strong"));
      |                       ^~~~~~~~~~~~~~~~~~~
/Library/Developer/CommandLineTools/SDKs/MacOSX.sdk/System/Library/Frameworks/Ruby.framework/Versions/2.6/usr/include/ruby-2.6.0/ruby/ruby.h:1826:23: note: expanded from macro 'rb_intern'
 1826 |         __extension__ (RUBY_CONST_ID_CACHE((ID), (str))) : \
      |                       ^
/Library/Developer/CommandLineTools/SDKs/MacOSX.sdk/System/Library/Frameworks/Ruby.framework/Versions/2.6/usr/include/ruby-2.6.0/ruby/ruby.h:413:29: note: expanded from macro 'ID2SYM'
  413 | #define ID2SYM(x) RB_ID2SYM(x)
      |                             ^
/Library/Developer/CommandLineTools/SDKs/MacOSX.sdk/System/Library/Frameworks/Ruby.framework/Versions/2.6/usr/include/ruby-2.6.0/ruby/ruby.h:408:33: note: expanded from macro 'RB_ID2SYM'
  408 | #define RB_ID2SYM(x) (rb_id2sym(x))
      |                                 ^
commonmarker.c:1240:23: note: '{' token is here
 1240 |   sym_strong = ID2SYM(rb_intern("strong"));
      |                       ^~~~~~~~~~~~~~~~~~~
/Library/Developer/CommandLineTools/SDKs/MacOSX.sdk/System/Library/Frameworks/Ruby.framework/Versions/2.6/usr/include/ruby-2.6.0/ruby/ruby.h:1826:24: note: expanded from macro 'rb_intern'
 1826 |         __extension__ (RUBY_CONST_ID_CACHE((ID), (str))) : \
      |                        ^~~~~~~~~~~~~~~~~~~~~~~~~~~~~~~~
/Library/Developer/CommandLineTools/SDKs/MacOSX.sdk/System/Library/Frameworks/Ruby.framework/Versions/2.6/usr/include/ruby-2.6.0/ruby/ruby.h:1811:5: note: expanded from macro 'RUBY_CONST_ID_CACHE'
 1811 |     {                                                   \
      |     ^
/Library/Developer/CommandLineTools/SDKs/MacOSX.sdk/System/Library/Frameworks/Ruby.framework/Versions/2.6/usr/include/ruby-2.6.0/ruby/ruby.h:413:29: note: expanded from macro 'ID2SYM'
  413 | #define ID2SYM(x) RB_ID2SYM(x)
      |                             ^
/Library/Developer/CommandLineTools/SDKs/MacOSX.sdk/System/Library/Frameworks/Ruby.framework/Versions/2.6/usr/include/ruby-2.6.0/ruby/ruby.h:408:33: note: expanded from macro 'RB_ID2SYM'
  408 | #define RB_ID2SYM(x) (rb_id2sym(x))
      |                                 ^
commonmarker.c:1240:23: warning: '}' and ')' tokens terminating statement expression appear in different macro expansion contexts [-Wcompound-token-split-by-macro]
 1240 |   sym_strong = ID2SYM(rb_intern("strong"));
      |                       ^~~~~~~~~~~~~~~~~~~
/Library/Developer/CommandLineTools/SDKs/MacOSX.sdk/System/Library/Frameworks/Ruby.framework/Versions/2.6/usr/include/ruby-2.6.0/ruby/ruby.h:1826:24: note: expanded from macro 'rb_intern'
 1826 |         __extension__ (RUBY_CONST_ID_CACHE((ID), (str))) : \
      |                        ^~~~~~~~~~~~~~~~~~~~~~~~~~~~~~~~
/Library/Developer/CommandLineTools/SDKs/MacOSX.sdk/System/Library/Frameworks/Ruby.framework/Versions/2.6/usr/include/ruby-2.6.0/ruby/ruby.h:1816:5: note: expanded from macro 'RUBY_CONST_ID_CACHE'
 1816 |     }
      |     ^
/Library/Developer/CommandLineTools/SDKs/MacOSX.sdk/System/Library/Frameworks/Ruby.framework/Versions/2.6/usr/include/ruby-2.6.0/ruby/ruby.h:413:29: note: expanded from macro 'ID2SYM'
  413 | #define ID2SYM(x) RB_ID2SYM(x)
      |                             ^
/Library/Developer/CommandLineTools/SDKs/MacOSX.sdk/System/Library/Frameworks/Ruby.framework/Versions/2.6/usr/include/ruby-2.6.0/ruby/ruby.h:408:33: note: expanded from macro 'RB_ID2SYM'
  408 | #define RB_ID2SYM(x) (rb_id2sym(x))
      |                                 ^
commonmarker.c:1240:23: note: ')' token is here
 1240 |   sym_strong = ID2SYM(rb_intern("strong"));
      |                       ^~~~~~~~~~~~~~~~~~~
/Library/Developer/CommandLineTools/SDKs/MacOSX.sdk/System/Library/Frameworks/Ruby.framework/Versions/2.6/usr/include/ruby-2.6.0/ruby/ruby.h:1826:56: note: expanded from macro 'rb_intern'
 1826 |         __extension__ (RUBY_CONST_ID_CACHE((ID), (str))) : \
      |                                                        ^
/Library/Developer/CommandLineTools/SDKs/MacOSX.sdk/System/Library/Frameworks/Ruby.framework/Versions/2.6/usr/include/ruby-2.6.0/ruby/ruby.h:413:29: note: expanded from macro 'ID2SYM'
  413 | #define ID2SYM(x) RB_ID2SYM(x)
      |                             ^
/Library/Developer/CommandLineTools/SDKs/MacOSX.sdk/System/Library/Frameworks/Ruby.framework/Versions/2.6/usr/include/ruby-2.6.0/ruby/ruby.h:408:33: note: expanded from macro 'RB_ID2SYM'
  408 | #define RB_ID2SYM(x) (rb_id2sym(x))
      |                                 ^
commonmarker.c:1241:21: warning: '(' and '{' tokens introducing statement expression appear in different macro expansion contexts [-Wcompound-token-split-by-macro]
 1241 |   sym_link = ID2SYM(rb_intern("link"));
      |                     ^~~~~~~~~~~~~~~~~
/Library/Developer/CommandLineTools/SDKs/MacOSX.sdk/System/Library/Frameworks/Ruby.framework/Versions/2.6/usr/include/ruby-2.6.0/ruby/ruby.h:1826:23: note: expanded from macro 'rb_intern'
 1826 |         __extension__ (RUBY_CONST_ID_CACHE((ID), (str))) : \
      |                       ^
/Library/Developer/CommandLineTools/SDKs/MacOSX.sdk/System/Library/Frameworks/Ruby.framework/Versions/2.6/usr/include/ruby-2.6.0/ruby/ruby.h:413:29: note: expanded from macro 'ID2SYM'
  413 | #define ID2SYM(x) RB_ID2SYM(x)
      |                             ^
/Library/Developer/CommandLineTools/SDKs/MacOSX.sdk/System/Library/Frameworks/Ruby.framework/Versions/2.6/usr/include/ruby-2.6.0/ruby/ruby.h:408:33: note: expanded from macro 'RB_ID2SYM'
  408 | #define RB_ID2SYM(x) (rb_id2sym(x))
      |                                 ^
commonmarker.c:1241:21: note: '{' token is here
 1241 |   sym_link = ID2SYM(rb_intern("link"));
      |                     ^~~~~~~~~~~~~~~~~
/Library/Developer/CommandLineTools/SDKs/MacOSX.sdk/System/Library/Frameworks/Ruby.framework/Versions/2.6/usr/include/ruby-2.6.0/ruby/ruby.h:1826:24: note: expanded from macro 'rb_intern'
 1826 |         __extension__ (RUBY_CONST_ID_CACHE((ID), (str))) : \
      |                        ^~~~~~~~~~~~~~~~~~~~~~~~~~~~~~~~
/Library/Developer/CommandLineTools/SDKs/MacOSX.sdk/System/Library/Frameworks/Ruby.framework/Versions/2.6/usr/include/ruby-2.6.0/ruby/ruby.h:1811:5: note: expanded from macro 'RUBY_CONST_ID_CACHE'
 1811 |     {                                                   \
      |     ^
/Library/Developer/CommandLineTools/SDKs/MacOSX.sdk/System/Library/Frameworks/Ruby.framework/Versions/2.6/usr/include/ruby-2.6.0/ruby/ruby.h:413:29: note: expanded from macro 'ID2SYM'
  413 | #define ID2SYM(x) RB_ID2SYM(x)
      |                             ^
/Library/Developer/CommandLineTools/SDKs/MacOSX.sdk/System/Library/Frameworks/Ruby.framework/Versions/2.6/usr/include/ruby-2.6.0/ruby/ruby.h:408:33: note: expanded from macro 'RB_ID2SYM'
  408 | #define RB_ID2SYM(x) (rb_id2sym(x))
      |                                 ^
commonmarker.c:1241:21: warning: '}' and ')' tokens terminating statement expression appear in different macro expansion contexts [-Wcompound-token-split-by-macro]
 1241 |   sym_link = ID2SYM(rb_intern("link"));
      |                     ^~~~~~~~~~~~~~~~~
/Library/Developer/CommandLineTools/SDKs/MacOSX.sdk/System/Library/Frameworks/Ruby.framework/Versions/2.6/usr/include/ruby-2.6.0/ruby/ruby.h:1826:24: note: expanded from macro 'rb_intern'
 1826 |         __extension__ (RUBY_CONST_ID_CACHE((ID), (str))) : \
      |                        ^~~~~~~~~~~~~~~~~~~~~~~~~~~~~~~~
/Library/Developer/CommandLineTools/SDKs/MacOSX.sdk/System/Library/Frameworks/Ruby.framework/Versions/2.6/usr/include/ruby-2.6.0/ruby/ruby.h:1816:5: note: expanded from macro 'RUBY_CONST_ID_CACHE'
 1816 |     }
      |     ^
/Library/Developer/CommandLineTools/SDKs/MacOSX.sdk/System/Library/Frameworks/Ruby.framework/Versions/2.6/usr/include/ruby-2.6.0/ruby/ruby.h:413:29: note: expanded from macro 'ID2SYM'
  413 | #define ID2SYM(x) RB_ID2SYM(x)
      |                             ^
/Library/Developer/CommandLineTools/SDKs/MacOSX.sdk/System/Library/Frameworks/Ruby.framework/Versions/2.6/usr/include/ruby-2.6.0/ruby/ruby.h:408:33: note: expanded from macro 'RB_ID2SYM'
  408 | #define RB_ID2SYM(x) (rb_id2sym(x))
      |                                 ^
commonmarker.c:1241:21: note: ')' token is here
 1241 |   sym_link = ID2SYM(rb_intern("link"));
      |                     ^~~~~~~~~~~~~~~~~
/Library/Developer/CommandLineTools/SDKs/MacOSX.sdk/System/Library/Frameworks/Ruby.framework/Versions/2.6/usr/include/ruby-2.6.0/ruby/ruby.h:1826:56: note: expanded from macro 'rb_intern'
 1826 |         __extension__ (RUBY_CONST_ID_CACHE((ID), (str))) : \
      |                                                        ^
/Library/Developer/CommandLineTools/SDKs/MacOSX.sdk/System/Library/Frameworks/Ruby.framework/Versions/2.6/usr/include/ruby-2.6.0/ruby/ruby.h:413:29: note: expanded from macro 'ID2SYM'
  413 | #define ID2SYM(x) RB_ID2SYM(x)
      |                             ^
/Library/Developer/CommandLineTools/SDKs/MacOSX.sdk/System/Library/Frameworks/Ruby.framework/Versions/2.6/usr/include/ruby-2.6.0/ruby/ruby.h:408:33: note: expanded from macro 'RB_ID2SYM'
  408 | #define RB_ID2SYM(x) (rb_id2sym(x))
      |                                 ^
commonmarker.c:1242:22: warning: '(' and '{' tokens introducing statement expression appear in different macro expansion contexts [-Wcompound-token-split-by-macro]
 1242 |   sym_image = ID2SYM(rb_intern("image"));
      |                      ^~~~~~~~~~~~~~~~~~
/Library/Developer/CommandLineTools/SDKs/MacOSX.sdk/System/Library/Frameworks/Ruby.framework/Versions/2.6/usr/include/ruby-2.6.0/ruby/ruby.h:1826:23: note: expanded from macro 'rb_intern'
 1826 |         __extension__ (RUBY_CONST_ID_CACHE((ID), (str))) : \
      |                       ^
/Library/Developer/CommandLineTools/SDKs/MacOSX.sdk/System/Library/Frameworks/Ruby.framework/Versions/2.6/usr/include/ruby-2.6.0/ruby/ruby.h:413:29: note: expanded from macro 'ID2SYM'
  413 | #define ID2SYM(x) RB_ID2SYM(x)
      |                             ^
/Library/Developer/CommandLineTools/SDKs/MacOSX.sdk/System/Library/Frameworks/Ruby.framework/Versions/2.6/usr/include/ruby-2.6.0/ruby/ruby.h:408:33: note: expanded from macro 'RB_ID2SYM'
  408 | #define RB_ID2SYM(x) (rb_id2sym(x))
      |                                 ^
commonmarker.c:1242:22: note: '{' token is here
 1242 |   sym_image = ID2SYM(rb_intern("image"));
      |                      ^~~~~~~~~~~~~~~~~~
/Library/Developer/CommandLineTools/SDKs/MacOSX.sdk/System/Library/Frameworks/Ruby.framework/Versions/2.6/usr/include/ruby-2.6.0/ruby/ruby.h:1826:24: note: expanded from macro 'rb_intern'
 1826 |         __extension__ (RUBY_CONST_ID_CACHE((ID), (str))) : \
      |                        ^~~~~~~~~~~~~~~~~~~~~~~~~~~~~~~~
/Library/Developer/CommandLineTools/SDKs/MacOSX.sdk/System/Library/Frameworks/Ruby.framework/Versions/2.6/usr/include/ruby-2.6.0/ruby/ruby.h:1811:5: note: expanded from macro 'RUBY_CONST_ID_CACHE'
 1811 |     {                                                   \
      |     ^
/Library/Developer/CommandLineTools/SDKs/MacOSX.sdk/System/Library/Frameworks/Ruby.framework/Versions/2.6/usr/include/ruby-2.6.0/ruby/ruby.h:413:29: note: expanded from macro 'ID2SYM'
  413 | #define ID2SYM(x) RB_ID2SYM(x)
      |                             ^
/Library/Developer/CommandLineTools/SDKs/MacOSX.sdk/System/Library/Frameworks/Ruby.framework/Versions/2.6/usr/include/ruby-2.6.0/ruby/ruby.h:408:33: note: expanded from macro 'RB_ID2SYM'
  408 | #define RB_ID2SYM(x) (rb_id2sym(x))
      |                                 ^
commonmarker.c:1242:22: warning: '}' and ')' tokens terminating statement expression appear in different macro expansion contexts [-Wcompound-token-split-by-macro]
 1242 |   sym_image = ID2SYM(rb_intern("image"));
      |                      ^~~~~~~~~~~~~~~~~~
/Library/Developer/CommandLineTools/SDKs/MacOSX.sdk/System/Library/Frameworks/Ruby.framework/Versions/2.6/usr/include/ruby-2.6.0/ruby/ruby.h:1826:24: note: expanded from macro 'rb_intern'
 1826 |         __extension__ (RUBY_CONST_ID_CACHE((ID), (str))) : \
      |                        ^~~~~~~~~~~~~~~~~~~~~~~~~~~~~~~~
/Library/Developer/CommandLineTools/SDKs/MacOSX.sdk/System/Library/Frameworks/Ruby.framework/Versions/2.6/usr/include/ruby-2.6.0/ruby/ruby.h:1816:5: note: expanded from macro 'RUBY_CONST_ID_CACHE'
 1816 |     }
      |     ^
/Library/Developer/CommandLineTools/SDKs/MacOSX.sdk/System/Library/Frameworks/Ruby.framework/Versions/2.6/usr/include/ruby-2.6.0/ruby/ruby.h:413:29: note: expanded from macro 'ID2SYM'
  413 | #define ID2SYM(x) RB_ID2SYM(x)
      |                             ^
/Library/Developer/CommandLineTools/SDKs/MacOSX.sdk/System/Library/Frameworks/Ruby.framework/Versions/2.6/usr/include/ruby-2.6.0/ruby/ruby.h:408:33: note: expanded from macro 'RB_ID2SYM'
  408 | #define RB_ID2SYM(x) (rb_id2sym(x))
      |                                 ^
commonmarker.c:1242:22: note: ')' token is here
 1242 |   sym_image = ID2SYM(rb_intern("image"));
      |                      ^~~~~~~~~~~~~~~~~~
/Library/Developer/CommandLineTools/SDKs/MacOSX.sdk/System/Library/Frameworks/Ruby.framework/Versions/2.6/usr/include/ruby-2.6.0/ruby/ruby.h:1826:56: note: expanded from macro 'rb_intern'
 1826 |         __extension__ (RUBY_CONST_ID_CACHE((ID), (str))) : \
      |                                                        ^
/Library/Developer/CommandLineTools/SDKs/MacOSX.sdk/System/Library/Frameworks/Ruby.framework/Versions/2.6/usr/include/ruby-2.6.0/ruby/ruby.h:413:29: note: expanded from macro 'ID2SYM'
  413 | #define ID2SYM(x) RB_ID2SYM(x)
      |                             ^
/Library/Developer/CommandLineTools/SDKs/MacOSX.sdk/System/Library/Frameworks/Ruby.framework/Versions/2.6/usr/include/ruby-2.6.0/ruby/ruby.h:408:33: note: expanded from macro 'RB_ID2SYM'
  408 | #define RB_ID2SYM(x) (rb_id2sym(x))
      |                                 ^
commonmarker.c:1243:35: warning: '(' and '{' tokens introducing statement expression appear in different macro expansion contexts [-Wcompound-token-split-by-macro]
 1243 |   sym_footnote_reference = ID2SYM(rb_intern("footnote_reference"));
      |                                   ^~~~~~~~~~~~~~~~~~~~~~~~~~~~~~~
/Library/Developer/CommandLineTools/SDKs/MacOSX.sdk/System/Library/Frameworks/Ruby.framework/Versions/2.6/usr/include/ruby-2.6.0/ruby/ruby.h:1826:23: note: expanded from macro 'rb_intern'
 1826 |         __extension__ (RUBY_CONST_ID_CACHE((ID), (str))) : \
      |                       ^
/Library/Developer/CommandLineTools/SDKs/MacOSX.sdk/System/Library/Frameworks/Ruby.framework/Versions/2.6/usr/include/ruby-2.6.0/ruby/ruby.h:413:29: note: expanded from macro 'ID2SYM'
  413 | #define ID2SYM(x) RB_ID2SYM(x)
      |                             ^
/Library/Developer/CommandLineTools/SDKs/MacOSX.sdk/System/Library/Frameworks/Ruby.framework/Versions/2.6/usr/include/ruby-2.6.0/ruby/ruby.h:408:33: note: expanded from macro 'RB_ID2SYM'
  408 | #define RB_ID2SYM(x) (rb_id2sym(x))
      |                                 ^
commonmarker.c:1243:35: note: '{' token is here
 1243 |   sym_footnote_reference = ID2SYM(rb_intern("footnote_reference"));
      |                                   ^~~~~~~~~~~~~~~~~~~~~~~~~~~~~~~
/Library/Developer/CommandLineTools/SDKs/MacOSX.sdk/System/Library/Frameworks/Ruby.framework/Versions/2.6/usr/include/ruby-2.6.0/ruby/ruby.h:1826:24: note: expanded from macro 'rb_intern'
 1826 |         __extension__ (RUBY_CONST_ID_CACHE((ID), (str))) : \
      |                        ^~~~~~~~~~~~~~~~~~~~~~~~~~~~~~~~
/Library/Developer/CommandLineTools/SDKs/MacOSX.sdk/System/Library/Frameworks/Ruby.framework/Versions/2.6/usr/include/ruby-2.6.0/ruby/ruby.h:1811:5: note: expanded from macro 'RUBY_CONST_ID_CACHE'
 1811 |     {                                                   \
      |     ^
/Library/Developer/CommandLineTools/SDKs/MacOSX.sdk/System/Library/Frameworks/Ruby.framework/Versions/2.6/usr/include/ruby-2.6.0/ruby/ruby.h:413:29: note: expanded from macro 'ID2SYM'
  413 | #define ID2SYM(x) RB_ID2SYM(x)
      |                             ^
/Library/Developer/CommandLineTools/SDKs/MacOSX.sdk/System/Library/Frameworks/Ruby.framework/Versions/2.6/usr/include/ruby-2.6.0/ruby/ruby.h:408:33: note: expanded from macro 'RB_ID2SYM'
  408 | #define RB_ID2SYM(x) (rb_id2sym(x))
      |                                 ^
commonmarker.c:1243:35: warning: '}' and ')' tokens terminating statement expression appear in different macro expansion contexts [-Wcompound-token-split-by-macro]
 1243 |   sym_footnote_reference = ID2SYM(rb_intern("footnote_reference"));
      |                                   ^~~~~~~~~~~~~~~~~~~~~~~~~~~~~~~
/Library/Developer/CommandLineTools/SDKs/MacOSX.sdk/System/Library/Frameworks/Ruby.framework/Versions/2.6/usr/include/ruby-2.6.0/ruby/ruby.h:1826:24: note: expanded from macro 'rb_intern'
 1826 |         __extension__ (RUBY_CONST_ID_CACHE((ID), (str))) : \
      |                        ^~~~~~~~~~~~~~~~~~~~~~~~~~~~~~~~
/Library/Developer/CommandLineTools/SDKs/MacOSX.sdk/System/Library/Frameworks/Ruby.framework/Versions/2.6/usr/include/ruby-2.6.0/ruby/ruby.h:1816:5: note: expanded from macro 'RUBY_CONST_ID_CACHE'
 1816 |     }
      |     ^
/Library/Developer/CommandLineTools/SDKs/MacOSX.sdk/System/Library/Frameworks/Ruby.framework/Versions/2.6/usr/include/ruby-2.6.0/ruby/ruby.h:413:29: note: expanded from macro 'ID2SYM'
  413 | #define ID2SYM(x) RB_ID2SYM(x)
      |                             ^
/Library/Developer/CommandLineTools/SDKs/MacOSX.sdk/System/Library/Frameworks/Ruby.framework/Versions/2.6/usr/include/ruby-2.6.0/ruby/ruby.h:408:33: note: expanded from macro 'RB_ID2SYM'
  408 | #define RB_ID2SYM(x) (rb_id2sym(x))
      |                                 ^
commonmarker.c:1243:35: note: ')' token is here
 1243 |   sym_footnote_reference = ID2SYM(rb_intern("footnote_reference"));
      |                                   ^~~~~~~~~~~~~~~~~~~~~~~~~~~~~~~
/Library/Developer/CommandLineTools/SDKs/MacOSX.sdk/System/Library/Frameworks/Ruby.framework/Versions/2.6/usr/include/ruby-2.6.0/ruby/ruby.h:1826:56: note: expanded from macro 'rb_intern'
 1826 |         __extension__ (RUBY_CONST_ID_CACHE((ID), (str))) : \
      |                                                        ^
/Library/Developer/CommandLineTools/SDKs/MacOSX.sdk/System/Library/Frameworks/Ruby.framework/Versions/2.6/usr/include/ruby-2.6.0/ruby/ruby.h:413:29: note: expanded from macro 'ID2SYM'
  413 | #define ID2SYM(x) RB_ID2SYM(x)
      |                             ^
/Library/Developer/CommandLineTools/SDKs/MacOSX.sdk/System/Library/Frameworks/Ruby.framework/Versions/2.6/usr/include/ruby-2.6.0/ruby/ruby.h:408:33: note: expanded from macro 'RB_ID2SYM'
  408 | #define RB_ID2SYM(x) (rb_id2sym(x))
      |                                 ^
commonmarker.c:1244:36: warning: '(' and '{' tokens introducing statement expression appear in different macro expansion contexts [-Wcompound-token-split-by-macro]
 1244 |   sym_footnote_definition = ID2SYM(rb_intern("footnote_definition"));
      |                                    ^~~~~~~~~~~~~~~~~~~~~~~~~~~~~~~~
/Library/Developer/CommandLineTools/SDKs/MacOSX.sdk/System/Library/Frameworks/Ruby.framework/Versions/2.6/usr/include/ruby-2.6.0/ruby/ruby.h:1826:23: note: expanded from macro 'rb_intern'
 1826 |         __extension__ (RUBY_CONST_ID_CACHE((ID), (str))) : \
      |                       ^
/Library/Developer/CommandLineTools/SDKs/MacOSX.sdk/System/Library/Frameworks/Ruby.framework/Versions/2.6/usr/include/ruby-2.6.0/ruby/ruby.h:413:29: note: expanded from macro 'ID2SYM'
  413 | #define ID2SYM(x) RB_ID2SYM(x)
      |                             ^
/Library/Developer/CommandLineTools/SDKs/MacOSX.sdk/System/Library/Frameworks/Ruby.framework/Versions/2.6/usr/include/ruby-2.6.0/ruby/ruby.h:408:33: note: expanded from macro 'RB_ID2SYM'
  408 | #define RB_ID2SYM(x) (rb_id2sym(x))
      |                                 ^
commonmarker.c:1244:36: note: '{' token is here
 1244 |   sym_footnote_definition = ID2SYM(rb_intern("footnote_definition"));
      |                                    ^~~~~~~~~~~~~~~~~~~~~~~~~~~~~~~~
/Library/Developer/CommandLineTools/SDKs/MacOSX.sdk/System/Library/Frameworks/Ruby.framework/Versions/2.6/usr/include/ruby-2.6.0/ruby/ruby.h:1826:24: note: expanded from macro 'rb_intern'
 1826 |         __extension__ (RUBY_CONST_ID_CACHE((ID), (str))) : \
      |                        ^~~~~~~~~~~~~~~~~~~~~~~~~~~~~~~~
/Library/Developer/CommandLineTools/SDKs/MacOSX.sdk/System/Library/Frameworks/Ruby.framework/Versions/2.6/usr/include/ruby-2.6.0/ruby/ruby.h:1811:5: note: expanded from macro 'RUBY_CONST_ID_CACHE'
 1811 |     {                                                   \
      |     ^
/Library/Developer/CommandLineTools/SDKs/MacOSX.sdk/System/Library/Frameworks/Ruby.framework/Versions/2.6/usr/include/ruby-2.6.0/ruby/ruby.h:413:29: note: expanded from macro 'ID2SYM'
  413 | #define ID2SYM(x) RB_ID2SYM(x)
      |                             ^
/Library/Developer/CommandLineTools/SDKs/MacOSX.sdk/System/Library/Frameworks/Ruby.framework/Versions/2.6/usr/include/ruby-2.6.0/ruby/ruby.h:408:33: note: expanded from macro 'RB_ID2SYM'
  408 | #define RB_ID2SYM(x) (rb_id2sym(x))
      |                                 ^
commonmarker.c:1244:36: warning: '}' and ')' tokens terminating statement expression appear in different macro expansion contexts [-Wcompound-token-split-by-macro]
 1244 |   sym_footnote_definition = ID2SYM(rb_intern("footnote_definition"));
      |                                    ^~~~~~~~~~~~~~~~~~~~~~~~~~~~~~~~
/Library/Developer/CommandLineTools/SDKs/MacOSX.sdk/System/Library/Frameworks/Ruby.framework/Versions/2.6/usr/include/ruby-2.6.0/ruby/ruby.h:1826:24: note: expanded from macro 'rb_intern'
 1826 |         __extension__ (RUBY_CONST_ID_CACHE((ID), (str))) : \
      |                        ^~~~~~~~~~~~~~~~~~~~~~~~~~~~~~~~
/Library/Developer/CommandLineTools/SDKs/MacOSX.sdk/System/Library/Frameworks/Ruby.framework/Versions/2.6/usr/include/ruby-2.6.0/ruby/ruby.h:1816:5: note: expanded from macro 'RUBY_CONST_ID_CACHE'
 1816 |     }
      |     ^
/Library/Developer/CommandLineTools/SDKs/MacOSX.sdk/System/Library/Frameworks/Ruby.framework/Versions/2.6/usr/include/ruby-2.6.0/ruby/ruby.h:413:29: note: expanded from macro 'ID2SYM'
  413 | #define ID2SYM(x) RB_ID2SYM(x)
      |                             ^
/Library/Developer/CommandLineTools/SDKs/MacOSX.sdk/System/Library/Frameworks/Ruby.framework/Versions/2.6/usr/include/ruby-2.6.0/ruby/ruby.h:408:33: note: expanded from macro 'RB_ID2SYM'
  408 | #define RB_ID2SYM(x) (rb_id2sym(x))
      |                                 ^
commonmarker.c:1244:36: note: ')' token is here
 1244 |   sym_footnote_definition = ID2SYM(rb_intern("footnote_definition"));
      |                                    ^~~~~~~~~~~~~~~~~~~~~~~~~~~~~~~~
/Library/Developer/CommandLineTools/SDKs/MacOSX.sdk/System/Library/Frameworks/Ruby.framework/Versions/2.6/usr/include/ruby-2.6.0/ruby/ruby.h:1826:56: note: expanded from macro 'rb_intern'
 1826 |         __extension__ (RUBY_CONST_ID_CACHE((ID), (str))) : \
      |                                                        ^
/Library/Developer/CommandLineTools/SDKs/MacOSX.sdk/System/Library/Frameworks/Ruby.framework/Versions/2.6/usr/include/ruby-2.6.0/ruby/ruby.h:413:29: note: expanded from macro 'ID2SYM'
  413 | #define ID2SYM(x) RB_ID2SYM(x)
      |                             ^
/Library/Developer/CommandLineTools/SDKs/MacOSX.sdk/System/Library/Frameworks/Ruby.framework/Versions/2.6/usr/include/ruby-2.6.0/ruby/ruby.h:408:33: note: expanded from macro 'RB_ID2SYM'
  408 | #define RB_ID2SYM(x) (rb_id2sym(x))
      |                                 ^
commonmarker.c:1246:28: warning: '(' and '{' tokens introducing statement expression appear in different macro expansion contexts [-Wcompound-token-split-by-macro]
 1246 |   sym_bullet_list = ID2SYM(rb_intern("bullet_list"));
      |                            ^~~~~~~~~~~~~~~~~~~~~~~~
/Library/Developer/CommandLineTools/SDKs/MacOSX.sdk/System/Library/Frameworks/Ruby.framework/Versions/2.6/usr/include/ruby-2.6.0/ruby/ruby.h:1826:23: note: expanded from macro 'rb_intern'
 1826 |         __extension__ (RUBY_CONST_ID_CACHE((ID), (str))) : \
      |                       ^
/Library/Developer/CommandLineTools/SDKs/MacOSX.sdk/System/Library/Frameworks/Ruby.framework/Versions/2.6/usr/include/ruby-2.6.0/ruby/ruby.h:413:29: note: expanded from macro 'ID2SYM'
  413 | #define ID2SYM(x) RB_ID2SYM(x)
      |                             ^
/Library/Developer/CommandLineTools/SDKs/MacOSX.sdk/System/Library/Frameworks/Ruby.framework/Versions/2.6/usr/include/ruby-2.6.0/ruby/ruby.h:408:33: note: expanded from macro 'RB_ID2SYM'
  408 | #define RB_ID2SYM(x) (rb_id2sym(x))
      |                                 ^
commonmarker.c:1246:28: note: '{' token is here
 1246 |   sym_bullet_list = ID2SYM(rb_intern("bullet_list"));
      |                            ^~~~~~~~~~~~~~~~~~~~~~~~
/Library/Developer/CommandLineTools/SDKs/MacOSX.sdk/System/Library/Frameworks/Ruby.framework/Versions/2.6/usr/include/ruby-2.6.0/ruby/ruby.h:1826:24: note: expanded from macro 'rb_intern'
 1826 |         __extension__ (RUBY_CONST_ID_CACHE((ID), (str))) : \
      |                        ^~~~~~~~~~~~~~~~~~~~~~~~~~~~~~~~
/Library/Developer/CommandLineTools/SDKs/MacOSX.sdk/System/Library/Frameworks/Ruby.framework/Versions/2.6/usr/include/ruby-2.6.0/ruby/ruby.h:1811:5: note: expanded from macro 'RUBY_CONST_ID_CACHE'
 1811 |     {                                                   \
      |     ^
/Library/Developer/CommandLineTools/SDKs/MacOSX.sdk/System/Library/Frameworks/Ruby.framework/Versions/2.6/usr/include/ruby-2.6.0/ruby/ruby.h:413:29: note: expanded from macro 'ID2SYM'
  413 | #define ID2SYM(x) RB_ID2SYM(x)
      |                             ^
/Library/Developer/CommandLineTools/SDKs/MacOSX.sdk/System/Library/Frameworks/Ruby.framework/Versions/2.6/usr/include/ruby-2.6.0/ruby/ruby.h:408:33: note: expanded from macro 'RB_ID2SYM'
  408 | #define RB_ID2SYM(x) (rb_id2sym(x))
      |                                 ^
commonmarker.c:1246:28: warning: '}' and ')' tokens terminating statement expression appear in different macro expansion contexts [-Wcompound-token-split-by-macro]
 1246 |   sym_bullet_list = ID2SYM(rb_intern("bullet_list"));
      |                            ^~~~~~~~~~~~~~~~~~~~~~~~
/Library/Developer/CommandLineTools/SDKs/MacOSX.sdk/System/Library/Frameworks/Ruby.framework/Versions/2.6/usr/include/ruby-2.6.0/ruby/ruby.h:1826:24: note: expanded from macro 'rb_intern'
 1826 |         __extension__ (RUBY_CONST_ID_CACHE((ID), (str))) : \
      |                        ^~~~~~~~~~~~~~~~~~~~~~~~~~~~~~~~
/Library/Developer/CommandLineTools/SDKs/MacOSX.sdk/System/Library/Frameworks/Ruby.framework/Versions/2.6/usr/include/ruby-2.6.0/ruby/ruby.h:1816:5: note: expanded from macro 'RUBY_CONST_ID_CACHE'
 1816 |     }
      |     ^
/Library/Developer/CommandLineTools/SDKs/MacOSX.sdk/System/Library/Frameworks/Ruby.framework/Versions/2.6/usr/include/ruby-2.6.0/ruby/ruby.h:413:29: note: expanded from macro 'ID2SYM'
  413 | #define ID2SYM(x) RB_ID2SYM(x)
      |                             ^
/Library/Developer/CommandLineTools/SDKs/MacOSX.sdk/System/Library/Frameworks/Ruby.framework/Versions/2.6/usr/include/ruby-2.6.0/ruby/ruby.h:408:33: note: expanded from macro 'RB_ID2SYM'
  408 | #define RB_ID2SYM(x) (rb_id2sym(x))
      |                                 ^
commonmarker.c:1246:28: note: ')' token is here
 1246 |   sym_bullet_list = ID2SYM(rb_intern("bullet_list"));
      |                            ^~~~~~~~~~~~~~~~~~~~~~~~
/Library/Developer/CommandLineTools/SDKs/MacOSX.sdk/System/Library/Frameworks/Ruby.framework/Versions/2.6/usr/include/ruby-2.6.0/ruby/ruby.h:1826:56: note: expanded from macro 'rb_intern'
 1826 |         __extension__ (RUBY_CONST_ID_CACHE((ID), (str))) : \
      |                                                        ^
/Library/Developer/CommandLineTools/SDKs/MacOSX.sdk/System/Library/Frameworks/Ruby.framework/Versions/2.6/usr/include/ruby-2.6.0/ruby/ruby.h:413:29: note: expanded from macro 'ID2SYM'
  413 | #define ID2SYM(x) RB_ID2SYM(x)
      |                             ^
/Library/Developer/CommandLineTools/SDKs/MacOSX.sdk/System/Library/Frameworks/Ruby.framework/Versions/2.6/usr/include/ruby-2.6.0/ruby/ruby.h:408:33: note: expanded from macro 'RB_ID2SYM'
  408 | #define RB_ID2SYM(x) (rb_id2sym(x))
      |                                 ^
commonmarker.c:1247:29: warning: '(' and '{' tokens introducing statement expression appear in different macro expansion contexts [-Wcompound-token-split-by-macro]
 1247 |   sym_ordered_list = ID2SYM(rb_intern("ordered_list"));
      |                             ^~~~~~~~~~~~~~~~~~~~~~~~~
/Library/Developer/CommandLineTools/SDKs/MacOSX.sdk/System/Library/Frameworks/Ruby.framework/Versions/2.6/usr/include/ruby-2.6.0/ruby/ruby.h:1826:23: note: expanded from macro 'rb_intern'
 1826 |         __extension__ (RUBY_CONST_ID_CACHE((ID), (str))) : \
      |                       ^
/Library/Developer/CommandLineTools/SDKs/MacOSX.sdk/System/Library/Frameworks/Ruby.framework/Versions/2.6/usr/include/ruby-2.6.0/ruby/ruby.h:413:29: note: expanded from macro 'ID2SYM'
  413 | #define ID2SYM(x) RB_ID2SYM(x)
      |                             ^
/Library/Developer/CommandLineTools/SDKs/MacOSX.sdk/System/Library/Frameworks/Ruby.framework/Versions/2.6/usr/include/ruby-2.6.0/ruby/ruby.h:408:33: note: expanded from macro 'RB_ID2SYM'
  408 | #define RB_ID2SYM(x) (rb_id2sym(x))
      |                                 ^
commonmarker.c:1247:29: note: '{' token is here
 1247 |   sym_ordered_list = ID2SYM(rb_intern("ordered_list"));
      |                             ^~~~~~~~~~~~~~~~~~~~~~~~~
/Library/Developer/CommandLineTools/SDKs/MacOSX.sdk/System/Library/Frameworks/Ruby.framework/Versions/2.6/usr/include/ruby-2.6.0/ruby/ruby.h:1826:24: note: expanded from macro 'rb_intern'
 1826 |         __extension__ (RUBY_CONST_ID_CACHE((ID), (str))) : \
      |                        ^~~~~~~~~~~~~~~~~~~~~~~~~~~~~~~~
/Library/Developer/CommandLineTools/SDKs/MacOSX.sdk/System/Library/Frameworks/Ruby.framework/Versions/2.6/usr/include/ruby-2.6.0/ruby/ruby.h:1811:5: note: expanded from macro 'RUBY_CONST_ID_CACHE'
 1811 |     {                                                   \
      |     ^
/Library/Developer/CommandLineTools/SDKs/MacOSX.sdk/System/Library/Frameworks/Ruby.framework/Versions/2.6/usr/include/ruby-2.6.0/ruby/ruby.h:413:29: note: expanded from macro 'ID2SYM'
  413 | #define ID2SYM(x) RB_ID2SYM(x)
      |                             ^
/Library/Developer/CommandLineTools/SDKs/MacOSX.sdk/System/Library/Frameworks/Ruby.framework/Versions/2.6/usr/include/ruby-2.6.0/ruby/ruby.h:408:33: note: expanded from macro 'RB_ID2SYM'
  408 | #define RB_ID2SYM(x) (rb_id2sym(x))
      |                                 ^
commonmarker.c:1247:29: warning: '}' and ')' tokens terminating statement expression appear in different macro expansion contexts [-Wcompound-token-split-by-macro]
 1247 |   sym_ordered_list = ID2SYM(rb_intern("ordered_list"));
      |                             ^~~~~~~~~~~~~~~~~~~~~~~~~
/Library/Developer/CommandLineTools/SDKs/MacOSX.sdk/System/Library/Frameworks/Ruby.framework/Versions/2.6/usr/include/ruby-2.6.0/ruby/ruby.h:1826:24: note: expanded from macro 'rb_intern'
 1826 |         __extension__ (RUBY_CONST_ID_CACHE((ID), (str))) : \
      |                        ^~~~~~~~~~~~~~~~~~~~~~~~~~~~~~~~
/Library/Developer/CommandLineTools/SDKs/MacOSX.sdk/System/Library/Frameworks/Ruby.framework/Versions/2.6/usr/include/ruby-2.6.0/ruby/ruby.h:1816:5: note: expanded from macro 'RUBY_CONST_ID_CACHE'
 1816 |     }
      |     ^
/Library/Developer/CommandLineTools/SDKs/MacOSX.sdk/System/Library/Frameworks/Ruby.framework/Versions/2.6/usr/include/ruby-2.6.0/ruby/ruby.h:413:29: note: expanded from macro 'ID2SYM'
  413 | #define ID2SYM(x) RB_ID2SYM(x)
      |                             ^
/Library/Developer/CommandLineTools/SDKs/MacOSX.sdk/System/Library/Frameworks/Ruby.framework/Versions/2.6/usr/include/ruby-2.6.0/ruby/ruby.h:408:33: note: expanded from macro 'RB_ID2SYM'
  408 | #define RB_ID2SYM(x) (rb_id2sym(x))
      |                                 ^
commonmarker.c:1247:29: note: ')' token is here
 1247 |   sym_ordered_list = ID2SYM(rb_intern("ordered_list"));
      |                             ^~~~~~~~~~~~~~~~~~~~~~~~~
/Library/Developer/CommandLineTools/SDKs/MacOSX.sdk/System/Library/Frameworks/Ruby.framework/Versions/2.6/usr/include/ruby-2.6.0/ruby/ruby.h:1826:56: note: expanded from macro 'rb_intern'
 1826 |         __extension__ (RUBY_CONST_ID_CACHE((ID), (str))) : \
      |                                                        ^
/Library/Developer/CommandLineTools/SDKs/MacOSX.sdk/System/Library/Frameworks/Ruby.framework/Versions/2.6/usr/include/ruby-2.6.0/ruby/ruby.h:413:29: note: expanded from macro 'ID2SYM'
  413 | #define ID2SYM(x) RB_ID2SYM(x)
      |                             ^
/Library/Developer/CommandLineTools/SDKs/MacOSX.sdk/System/Library/Frameworks/Ruby.framework/Versions/2.6/usr/include/ruby-2.6.0/ruby/ruby.h:408:33: note: expanded from macro 'RB_ID2SYM'
  408 | #define RB_ID2SYM(x) (rb_id2sym(x))
      |                                 ^
commonmarker.c:1249:21: warning: '(' and '{' tokens introducing statement expression appear in different macro expansion contexts [-Wcompound-token-split-by-macro]
 1249 |   sym_left = ID2SYM(rb_intern("left"));
      |                     ^~~~~~~~~~~~~~~~~
/Library/Developer/CommandLineTools/SDKs/MacOSX.sdk/System/Library/Frameworks/Ruby.framework/Versions/2.6/usr/include/ruby-2.6.0/ruby/ruby.h:1826:23: note: expanded from macro 'rb_intern'
 1826 |         __extension__ (RUBY_CONST_ID_CACHE((ID), (str))) : \
      |                       ^
/Library/Developer/CommandLineTools/SDKs/MacOSX.sdk/System/Library/Frameworks/Ruby.framework/Versions/2.6/usr/include/ruby-2.6.0/ruby/ruby.h:413:29: note: expanded from macro 'ID2SYM'
  413 | #define ID2SYM(x) RB_ID2SYM(x)
      |                             ^
/Library/Developer/CommandLineTools/SDKs/MacOSX.sdk/System/Library/Frameworks/Ruby.framework/Versions/2.6/usr/include/ruby-2.6.0/ruby/ruby.h:408:33: note: expanded from macro 'RB_ID2SYM'
  408 | #define RB_ID2SYM(x) (rb_id2sym(x))
      |                                 ^
commonmarker.c:1249:21: note: '{' token is here
 1249 |   sym_left = ID2SYM(rb_intern("left"));
      |                     ^~~~~~~~~~~~~~~~~
/Library/Developer/CommandLineTools/SDKs/MacOSX.sdk/System/Library/Frameworks/Ruby.framework/Versions/2.6/usr/include/ruby-2.6.0/ruby/ruby.h:1826:24: note: expanded from macro 'rb_intern'
 1826 |         __extension__ (RUBY_CONST_ID_CACHE((ID), (str))) : \
      |                        ^~~~~~~~~~~~~~~~~~~~~~~~~~~~~~~~
/Library/Developer/CommandLineTools/SDKs/MacOSX.sdk/System/Library/Frameworks/Ruby.framework/Versions/2.6/usr/include/ruby-2.6.0/ruby/ruby.h:1811:5: note: expanded from macro 'RUBY_CONST_ID_CACHE'
 1811 |     {                                                   \
      |     ^
/Library/Developer/CommandLineTools/SDKs/MacOSX.sdk/System/Library/Frameworks/Ruby.framework/Versions/2.6/usr/include/ruby-2.6.0/ruby/ruby.h:413:29: note: expanded from macro 'ID2SYM'
  413 | #define ID2SYM(x) RB_ID2SYM(x)
      |                             ^
/Library/Developer/CommandLineTools/SDKs/MacOSX.sdk/System/Library/Frameworks/Ruby.framework/Versions/2.6/usr/include/ruby-2.6.0/ruby/ruby.h:408:33: note: expanded from macro 'RB_ID2SYM'
  408 | #define RB_ID2SYM(x) (rb_id2sym(x))
      |                                 ^
commonmarker.c:1249:21: warning: '}' and ')' tokens terminating statement expression appear in different macro expansion contexts [-Wcompound-token-split-by-macro]
 1249 |   sym_left = ID2SYM(rb_intern("left"));
      |                     ^~~~~~~~~~~~~~~~~
/Library/Developer/CommandLineTools/SDKs/MacOSX.sdk/System/Library/Frameworks/Ruby.framework/Versions/2.6/usr/include/ruby-2.6.0/ruby/ruby.h:1826:24: note: expanded from macro 'rb_intern'
 1826 |         __extension__ (RUBY_CONST_ID_CACHE((ID), (str))) : \
      |                        ^~~~~~~~~~~~~~~~~~~~~~~~~~~~~~~~
/Library/Developer/CommandLineTools/SDKs/MacOSX.sdk/System/Library/Frameworks/Ruby.framework/Versions/2.6/usr/include/ruby-2.6.0/ruby/ruby.h:1816:5: note: expanded from macro 'RUBY_CONST_ID_CACHE'
 1816 |     }
      |     ^
/Library/Developer/CommandLineTools/SDKs/MacOSX.sdk/System/Library/Frameworks/Ruby.framework/Versions/2.6/usr/include/ruby-2.6.0/ruby/ruby.h:413:29: note: expanded from macro 'ID2SYM'
  413 | #define ID2SYM(x) RB_ID2SYM(x)
      |                             ^
/Library/Developer/CommandLineTools/SDKs/MacOSX.sdk/System/Library/Frameworks/Ruby.framework/Versions/2.6/usr/include/ruby-2.6.0/ruby/ruby.h:408:33: note: expanded from macro 'RB_ID2SYM'
  408 | #define RB_ID2SYM(x) (rb_id2sym(x))
      |                                 ^
commonmarker.c:1249:21: note: ')' token is here
 1249 |   sym_left = ID2SYM(rb_intern("left"));
      |                     ^~~~~~~~~~~~~~~~~
/Library/Developer/CommandLineTools/SDKs/MacOSX.sdk/System/Library/Frameworks/Ruby.framework/Versions/2.6/usr/include/ruby-2.6.0/ruby/ruby.h:1826:56: note: expanded from macro 'rb_intern'
 1826 |         __extension__ (RUBY_CONST_ID_CACHE((ID), (str))) : \
      |                                                        ^
/Library/Developer/CommandLineTools/SDKs/MacOSX.sdk/System/Library/Frameworks/Ruby.framework/Versions/2.6/usr/include/ruby-2.6.0/ruby/ruby.h:413:29: note: expanded from macro 'ID2SYM'
  413 | #define ID2SYM(x) RB_ID2SYM(x)
      |                             ^
/Library/Developer/CommandLineTools/SDKs/MacOSX.sdk/System/Library/Frameworks/Ruby.framework/Versions/2.6/usr/include/ruby-2.6.0/ruby/ruby.h:408:33: note: expanded from macro 'RB_ID2SYM'
  408 | #define RB_ID2SYM(x) (rb_id2sym(x))
      |                                 ^
commonmarker.c:1250:22: warning: '(' and '{' tokens introducing statement expression appear in different macro expansion contexts [-Wcompound-token-split-by-macro]
 1250 |   sym_right = ID2SYM(rb_intern("right"));
      |                      ^~~~~~~~~~~~~~~~~~
/Library/Developer/CommandLineTools/SDKs/MacOSX.sdk/System/Library/Frameworks/Ruby.framework/Versions/2.6/usr/include/ruby-2.6.0/ruby/ruby.h:1826:23: note: expanded from macro 'rb_intern'
 1826 |         __extension__ (RUBY_CONST_ID_CACHE((ID), (str))) : \
      |                       ^
/Library/Developer/CommandLineTools/SDKs/MacOSX.sdk/System/Library/Frameworks/Ruby.framework/Versions/2.6/usr/include/ruby-2.6.0/ruby/ruby.h:413:29: note: expanded from macro 'ID2SYM'
  413 | #define ID2SYM(x) RB_ID2SYM(x)
      |                             ^
/Library/Developer/CommandLineTools/SDKs/MacOSX.sdk/System/Library/Frameworks/Ruby.framework/Versions/2.6/usr/include/ruby-2.6.0/ruby/ruby.h:408:33: note: expanded from macro 'RB_ID2SYM'
  408 | #define RB_ID2SYM(x) (rb_id2sym(x))
      |                                 ^
commonmarker.c:1250:22: note: '{' token is here
 1250 |   sym_right = ID2SYM(rb_intern("right"));
      |                      ^~~~~~~~~~~~~~~~~~
/Library/Developer/CommandLineTools/SDKs/MacOSX.sdk/System/Library/Frameworks/Ruby.framework/Versions/2.6/usr/include/ruby-2.6.0/ruby/ruby.h:1826:24: note: expanded from macro 'rb_intern'
 1826 |         __extension__ (RUBY_CONST_ID_CACHE((ID), (str))) : \
      |                        ^~~~~~~~~~~~~~~~~~~~~~~~~~~~~~~~
/Library/Developer/CommandLineTools/SDKs/MacOSX.sdk/System/Library/Frameworks/Ruby.framework/Versions/2.6/usr/include/ruby-2.6.0/ruby/ruby.h:1811:5: note: expanded from macro 'RUBY_CONST_ID_CACHE'
 1811 |     {                                                   \
      |     ^
/Library/Developer/CommandLineTools/SDKs/MacOSX.sdk/System/Library/Frameworks/Ruby.framework/Versions/2.6/usr/include/ruby-2.6.0/ruby/ruby.h:413:29: note: expanded from macro 'ID2SYM'
  413 | #define ID2SYM(x) RB_ID2SYM(x)
      |                             ^
/Library/Developer/CommandLineTools/SDKs/MacOSX.sdk/System/Library/Frameworks/Ruby.framework/Versions/2.6/usr/include/ruby-2.6.0/ruby/ruby.h:408:33: note: expanded from macro 'RB_ID2SYM'
  408 | #define RB_ID2SYM(x) (rb_id2sym(x))
      |                                 ^
commonmarker.c:1250:22: warning: '}' and ')' tokens terminating statement expression appear in different macro expansion contexts [-Wcompound-token-split-by-macro]
 1250 |   sym_right = ID2SYM(rb_intern("right"));
      |                      ^~~~~~~~~~~~~~~~~~
/Library/Developer/CommandLineTools/SDKs/MacOSX.sdk/System/Library/Frameworks/Ruby.framework/Versions/2.6/usr/include/ruby-2.6.0/ruby/ruby.h:1826:24: note: expanded from macro 'rb_intern'
 1826 |         __extension__ (RUBY_CONST_ID_CACHE((ID), (str))) : \
      |                        ^~~~~~~~~~~~~~~~~~~~~~~~~~~~~~~~
/Library/Developer/CommandLineTools/SDKs/MacOSX.sdk/System/Library/Frameworks/Ruby.framework/Versions/2.6/usr/include/ruby-2.6.0/ruby/ruby.h:1816:5: note: expanded from macro 'RUBY_CONST_ID_CACHE'
 1816 |     }
      |     ^
/Library/Developer/CommandLineTools/SDKs/MacOSX.sdk/System/Library/Frameworks/Ruby.framework/Versions/2.6/usr/include/ruby-2.6.0/ruby/ruby.h:413:29: note: expanded from macro 'ID2SYM'
  413 | #define ID2SYM(x) RB_ID2SYM(x)
      |                             ^
/Library/Developer/CommandLineTools/SDKs/MacOSX.sdk/System/Library/Frameworks/Ruby.framework/Versions/2.6/usr/include/ruby-2.6.0/ruby/ruby.h:408:33: note: expanded from macro 'RB_ID2SYM'
  408 | #define RB_ID2SYM(x) (rb_id2sym(x))
      |                                 ^
commonmarker.c:1250:22: note: ')' token is here
 1250 |   sym_right = ID2SYM(rb_intern("right"));
      |                      ^~~~~~~~~~~~~~~~~~
/Library/Developer/CommandLineTools/SDKs/MacOSX.sdk/System/Library/Frameworks/Ruby.framework/Versions/2.6/usr/include/ruby-2.6.0/ruby/ruby.h:1826:56: note: expanded from macro 'rb_intern'
 1826 |         __extension__ (RUBY_CONST_ID_CACHE((ID), (str))) : \
      |                                                        ^
/Library/Developer/CommandLineTools/SDKs/MacOSX.sdk/System/Library/Frameworks/Ruby.framework/Versions/2.6/usr/include/ruby-2.6.0/ruby/ruby.h:413:29: note: expanded from macro 'ID2SYM'
  413 | #define ID2SYM(x) RB_ID2SYM(x)
      |                             ^
/Library/Developer/CommandLineTools/SDKs/MacOSX.sdk/System/Library/Frameworks/Ruby.framework/Versions/2.6/usr/include/ruby-2.6.0/ruby/ruby.h:408:33: note: expanded from macro 'RB_ID2SYM'
  408 | #define RB_ID2SYM(x) (rb_id2sym(x))
      |                                 ^
commonmarker.c:1251:23: warning: '(' and '{' tokens introducing statement expression appear in different macro expansion contexts [-Wcompound-token-split-by-macro]
 1251 |   sym_center = ID2SYM(rb_intern("center"));
      |                       ^~~~~~~~~~~~~~~~~~~
/Library/Developer/CommandLineTools/SDKs/MacOSX.sdk/System/Library/Frameworks/Ruby.framework/Versions/2.6/usr/include/ruby-2.6.0/ruby/ruby.h:1826:23: note: expanded from macro 'rb_intern'
 1826 |         __extension__ (RUBY_CONST_ID_CACHE((ID), (str))) : \
      |                       ^
/Library/Developer/CommandLineTools/SDKs/MacOSX.sdk/System/Library/Frameworks/Ruby.framework/Versions/2.6/usr/include/ruby-2.6.0/ruby/ruby.h:413:29: note: expanded from macro 'ID2SYM'
  413 | #define ID2SYM(x) RB_ID2SYM(x)
      |                             ^
/Library/Developer/CommandLineTools/SDKs/MacOSX.sdk/System/Library/Frameworks/Ruby.framework/Versions/2.6/usr/include/ruby-2.6.0/ruby/ruby.h:408:33: note: expanded from macro 'RB_ID2SYM'
  408 | #define RB_ID2SYM(x) (rb_id2sym(x))
      |                                 ^
commonmarker.c:1251:23: note: '{' token is here
 1251 |   sym_center = ID2SYM(rb_intern("center"));
      |                       ^~~~~~~~~~~~~~~~~~~
/Library/Developer/CommandLineTools/SDKs/MacOSX.sdk/System/Library/Frameworks/Ruby.framework/Versions/2.6/usr/include/ruby-2.6.0/ruby/ruby.h:1826:24: note: expanded from macro 'rb_intern'
 1826 |         __extension__ (RUBY_CONST_ID_CACHE((ID), (str))) : \
      |                        ^~~~~~~~~~~~~~~~~~~~~~~~~~~~~~~~
/Library/Developer/CommandLineTools/SDKs/MacOSX.sdk/System/Library/Frameworks/Ruby.framework/Versions/2.6/usr/include/ruby-2.6.0/ruby/ruby.h:1811:5: note: expanded from macro 'RUBY_CONST_ID_CACHE'
 1811 |     {                                                   \
      |     ^
/Library/Developer/CommandLineTools/SDKs/MacOSX.sdk/System/Library/Frameworks/Ruby.framework/Versions/2.6/usr/include/ruby-2.6.0/ruby/ruby.h:413:29: note: expanded from macro 'ID2SYM'
  413 | #define ID2SYM(x) RB_ID2SYM(x)
      |                             ^
/Library/Developer/CommandLineTools/SDKs/MacOSX.sdk/System/Library/Frameworks/Ruby.framework/Versions/2.6/usr/include/ruby-2.6.0/ruby/ruby.h:408:33: note: expanded from macro 'RB_ID2SYM'
  408 | #define RB_ID2SYM(x) (rb_id2sym(x))
      |                                 ^
commonmarker.c:1251:23: warning: '}' and ')' tokens terminating statement expression appear in different macro expansion contexts [-Wcompound-token-split-by-macro]
 1251 |   sym_center = ID2SYM(rb_intern("center"));
      |                       ^~~~~~~~~~~~~~~~~~~
/Library/Developer/CommandLineTools/SDKs/MacOSX.sdk/System/Library/Frameworks/Ruby.framework/Versions/2.6/usr/include/ruby-2.6.0/ruby/ruby.h:1826:24: note: expanded from macro 'rb_intern'
 1826 |         __extension__ (RUBY_CONST_ID_CACHE((ID), (str))) : \
      |                        ^~~~~~~~~~~~~~~~~~~~~~~~~~~~~~~~
/Library/Developer/CommandLineTools/SDKs/MacOSX.sdk/System/Library/Frameworks/Ruby.framework/Versions/2.6/usr/include/ruby-2.6.0/ruby/ruby.h:1816:5: note: expanded from macro 'RUBY_CONST_ID_CACHE'
 1816 |     }
      |     ^
/Library/Developer/CommandLineTools/SDKs/MacOSX.sdk/System/Library/Frameworks/Ruby.framework/Versions/2.6/usr/include/ruby-2.6.0/ruby/ruby.h:413:29: note: expanded from macro 'ID2SYM'
  413 | #define ID2SYM(x) RB_ID2SYM(x)
      |                             ^
/Library/Developer/CommandLineTools/SDKs/MacOSX.sdk/System/Library/Frameworks/Ruby.framework/Versions/2.6/usr/include/ruby-2.6.0/ruby/ruby.h:408:33: note: expanded from macro 'RB_ID2SYM'
  408 | #define RB_ID2SYM(x) (rb_id2sym(x))
      |                                 ^
commonmarker.c:1251:23: note: ')' token is here
 1251 |   sym_center = ID2SYM(rb_intern("center"));
      |                       ^~~~~~~~~~~~~~~~~~~
/Library/Developer/CommandLineTools/SDKs/MacOSX.sdk/System/Library/Frameworks/Ruby.framework/Versions/2.6/usr/include/ruby-2.6.0/ruby/ruby.h:1826:56: note: expanded from macro 'rb_intern'
 1826 |         __extension__ (RUBY_CONST_ID_CACHE((ID), (str))) : \
      |                                                        ^
/Library/Developer/CommandLineTools/SDKs/MacOSX.sdk/System/Library/Frameworks/Ruby.framework/Versions/2.6/usr/include/ruby-2.6.0/ruby/ruby.h:413:29: note: expanded from macro 'ID2SYM'
  413 | #define ID2SYM(x) RB_ID2SYM(x)
      |                             ^
/Library/Developer/CommandLineTools/SDKs/MacOSX.sdk/System/Library/Frameworks/Ruby.framework/Versions/2.6/usr/include/ruby-2.6.0/ruby/ruby.h:408:33: note: expanded from macro 'RB_ID2SYM'
  408 | #define RB_ID2SYM(x) (rb_id2sym(x))
      |                                 ^
62 warnings generated.
compiling core-extensions.c
compiling ext_scanners.c
compiling footnotes.c
compiling houdini_href_e.c
compiling houdini_html_e.c
compiling houdini_html_u.c
compiling html.c
compiling inlines.c
compiling iterator.c
compiling latex.c
compiling linked_list.c
compiling man.c
compiling map.c
compiling node.c
compiling plaintext.c
compiling plugin.c
compiling references.c
compiling registry.c
compiling render.c
compiling scanners.c
compiling strikethrough.c
compiling syntax_extension.c
compiling table.c
compiling tagfilter.c
compiling tasklist.c
compiling utf8.c
compiling xml.c
linking shared-object commonmarker/commonmarker.bundle
ld: warning: search path '/AppleInternal/Library/BuildRoots/4~B6shugC-pBw2FFwMVaDEXpw0Mr2FHeLtgpupfQ8/Applications/Xcode.app/Contents/Developer/Platforms/MacOSX.platform/Developer/SDKs/MacOSX26.0.Internal.sdk/usr/local/lib' not found

current directory: /Users/simonepernice/Desktop/GIT/R_packages_project/gitPage/epimod/vendor/bundle/ruby/2.6.0/gems/commonmarker-0.23.12/ext/commonmarker
make "DESTDIR=" install
/usr/bin/install -c -m 0755 commonmarker.bundle ./.gem.20260127-29680-vzyoey/commonmarker
