current directory: /Users/simonepernice/Desktop/GIT/R_packages_project/gitPage/epimod/vendor/bundle/ruby/2.6.0/gems/ffi-1.17.3/ext/ffi_c
/System/Library/Frameworks/Ruby.framework/Versions/2.6/usr/bin/ruby -I /Library/Ruby/Site/2.6.0 -r ./siteconf20260127-29680-1br5nzn.rb extconf.rb
checking for ffi_prep_closure_loc() in -lffi... no
checking for ffi_prep_closure_loc() in -llibffi... no
checking for ffi_prep_closure_loc() in -llibffi-8... no
checking for whether -Wl,--exclude-libs,ALL is accepted as LDFLAGS... no
checking for rb_gc_mark_movable()... no
checking for whether -pthread is accepted as LDFLAGS... yes
creating extconf.h
creating Makefile

current directory: /Users/simonepernice/Desktop/GIT/R_packages_project/gitPage/epimod/vendor/bundle/ruby/2.6.0/gems/ffi-1.17.3/ext/ffi_c
make "DESTDIR=" clean

current directory: /Users/simonepernice/Desktop/GIT/R_packages_project/gitPage/epimod/vendor/bundle/ruby/2.6.0/gems/ffi-1.17.3/ext/ffi_c
make "DESTDIR="
Configuring libffi
clang: error: unsupported option '-print-multi-os-directory'
clang: error: no input files
cd "/Users/simonepernice/Desktop/GIT/R_packages_project/gitPage/epimod/vendor/bundle/ruby/2.6.0/gems/ffi-1.17.3/ext/ffi_c/libffi-universal-darwin25" && /Library/Developer/CommandLineTools/usr/bin/make
/Library/Developer/CommandLineTools/usr/bin/make  all-recursive
Making all in include
make[3]: Nothing to be done for `all'.
Making all in testsuite
make[3]: Nothing to be done for `all'.
Making all in man
make[3]: Nothing to be done for `all'.
/bin/sh ./libtool  --tag=CC   --mode=compile xcrun clang -DHAVE_CONFIG_H -I. -I/Users/simonepernice/Desktop/GIT/R_packages_project/gitPage/epimod/vendor/bundle/ruby/2.6.0/gems/ffi-1.17.3/ext/ffi_c/libffi  -I. -I/Users/simonepernice/Desktop/GIT/R_packages_project/gitPage/epimod/vendor/bundle/ruby/2.6.0/gems/ffi-1.17.3/ext/ffi_c/libffi/include -Iinclude -I/Users/simonepernice/Desktop/GIT/R_packages_project/gitPage/epimod/vendor/bundle/ruby/2.6.0/gems/ffi-1.17.3/ext/ffi_c/libffi/src -DRUBY_EXTCONF_H=\"extconf.h\" -D_XOPEN_SOURCE -D_DARWIN_C_SOURCE -D_DARWIN_UNLIMITED_SELECT -D_REENTRANT    -Wall  -fexceptions -c -o src/prep_cif.lo /Users/simonepernice/Desktop/GIT/R_packages_project/gitPage/epimod/vendor/bundle/ruby/2.6.0/gems/ffi-1.17.3/ext/ffi_c/libffi/src/prep_cif.c
libtool: compile:  xcrun clang -DHAVE_CONFIG_H -I. -I/Users/simonepernice/Desktop/GIT/R_packages_project/gitPage/epimod/vendor/bundle/ruby/2.6.0/gems/ffi-1.17.3/ext/ffi_c/libffi -I. -I/Users/simonepernice/Desktop/GIT/R_packages_project/gitPage/epimod/vendor/bundle/ruby/2.6.0/gems/ffi-1.17.3/ext/ffi_c/libffi/include -Iinclude -I/Users/simonepernice/Desktop/GIT/R_packages_project/gitPage/epimod/vendor/bundle/ruby/2.6.0/gems/ffi-1.17.3/ext/ffi_c/libffi/src -DRUBY_EXTCONF_H=\"extconf.h\" -D_XOPEN_SOURCE -D_DARWIN_C_SOURCE -D_DARWIN_UNLIMITED_SELECT -D_REENTRANT -Wall -fexceptions -c /Users/simonepernice/Desktop/GIT/R_packages_project/gitPage/epimod/vendor/bundle/ruby/2.6.0/gems/ffi-1.17.3/ext/ffi_c/libffi/src/prep_cif.c  -fno-common -DPIC -o src/prep_cif.o
/bin/sh ./libtool  --tag=CC   --mode=compile xcrun clang -DHAVE_CONFIG_H -I. -I/Users/simonepernice/Desktop/GIT/R_packages_project/gitPage/epimod/vendor/bundle/ruby/2.6.0/gems/ffi-1.17.3/ext/ffi_c/libffi  -I. -I/Users/simonepernice/Desktop/GIT/R_packages_project/gitPage/epimod/vendor/bundle/ruby/2.6.0/gems/ffi-1.17.3/ext/ffi_c/libffi/include -Iinclude -I/Users/simonepernice/Desktop/GIT/R_packages_project/gitPage/epimod/vendor/bundle/ruby/2.6.0/gems/ffi-1.17.3/ext/ffi_c/libffi/src -DRUBY_EXTCONF_H=\"extconf.h\" -D_XOPEN_SOURCE -D_DARWIN_C_SOURCE -D_DARWIN_UNLIMITED_SELECT -D_REENTRANT    -Wall  -fexceptions -c -o src/types.lo /Users/simonepernice/Desktop/GIT/R_packages_project/gitPage/epimod/vendor/bundle/ruby/2.6.0/gems/ffi-1.17.3/ext/ffi_c/libffi/src/types.c
libtool: compile:  xcrun clang -DHAVE_CONFIG_H -I. -I/Users/simonepernice/Desktop/GIT/R_packages_project/gitPage/epimod/vendor/bundle/ruby/2.6.0/gems/ffi-1.17.3/ext/ffi_c/libffi -I. -I/Users/simonepernice/Desktop/GIT/R_packages_project/gitPage/epimod/vendor/bundle/ruby/2.6.0/gems/ffi-1.17.3/ext/ffi_c/libffi/include -Iinclude -I/Users/simonepernice/Desktop/GIT/R_packages_project/gitPage/epimod/vendor/bundle/ruby/2.6.0/gems/ffi-1.17.3/ext/ffi_c/libffi/src -DRUBY_EXTCONF_H=\"extconf.h\" -D_XOPEN_SOURCE -D_DARWIN_C_SOURCE -D_DARWIN_UNLIMITED_SELECT -D_REENTRANT -Wall -fexceptions -c /Users/simonepernice/Desktop/GIT/R_packages_project/gitPage/epimod/vendor/bundle/ruby/2.6.0/gems/ffi-1.17.3/ext/ffi_c/libffi/src/types.c  -fno-common -DPIC -o src/types.o
/bin/sh ./libtool  --tag=CC   --mode=compile xcrun clang -DHAVE_CONFIG_H -I. -I/Users/simonepernice/Desktop/GIT/R_packages_project/gitPage/epimod/vendor/bundle/ruby/2.6.0/gems/ffi-1.17.3/ext/ffi_c/libffi  -I. -I/Users/simonepernice/Desktop/GIT/R_packages_project/gitPage/epimod/vendor/bundle/ruby/2.6.0/gems/ffi-1.17.3/ext/ffi_c/libffi/include -Iinclude -I/Users/simonepernice/Desktop/GIT/R_packages_project/gitPage/epimod/vendor/bundle/ruby/2.6.0/gems/ffi-1.17.3/ext/ffi_c/libffi/src -DRUBY_EXTCONF_H=\"extconf.h\" -D_XOPEN_SOURCE -D_DARWIN_C_SOURCE -D_DARWIN_UNLIMITED_SELECT -D_REENTRANT    -Wall  -fexceptions -c -o src/raw_api.lo /Users/simonepernice/Desktop/GIT/R_packages_project/gitPage/epimod/vendor/bundle/ruby/2.6.0/gems/ffi-1.17.3/ext/ffi_c/libffi/src/raw_api.c
libtool: compile:  xcrun clang -DHAVE_CONFIG_H -I. -I/Users/simonepernice/Desktop/GIT/R_packages_project/gitPage/epimod/vendor/bundle/ruby/2.6.0/gems/ffi-1.17.3/ext/ffi_c/libffi -I. -I/Users/simonepernice/Desktop/GIT/R_packages_project/gitPage/epimod/vendor/bundle/ruby/2.6.0/gems/ffi-1.17.3/ext/ffi_c/libffi/include -Iinclude -I/Users/simonepernice/Desktop/GIT/R_packages_project/gitPage/epimod/vendor/bundle/ruby/2.6.0/gems/ffi-1.17.3/ext/ffi_c/libffi/src -DRUBY_EXTCONF_H=\"extconf.h\" -D_XOPEN_SOURCE -D_DARWIN_C_SOURCE -D_DARWIN_UNLIMITED_SELECT -D_REENTRANT -Wall -fexceptions -c /Users/simonepernice/Desktop/GIT/R_packages_project/gitPage/epimod/vendor/bundle/ruby/2.6.0/gems/ffi-1.17.3/ext/ffi_c/libffi/src/raw_api.c  -fno-common -DPIC -o src/raw_api.o
/bin/sh ./libtool  --tag=CC   --mode=compile xcrun clang -DHAVE_CONFIG_H -I. -I/Users/simonepernice/Desktop/GIT/R_packages_project/gitPage/epimod/vendor/bundle/ruby/2.6.0/gems/ffi-1.17.3/ext/ffi_c/libffi  -I. -I/Users/simonepernice/Desktop/GIT/R_packages_project/gitPage/epimod/vendor/bundle/ruby/2.6.0/gems/ffi-1.17.3/ext/ffi_c/libffi/include -Iinclude -I/Users/simonepernice/Desktop/GIT/R_packages_project/gitPage/epimod/vendor/bundle/ruby/2.6.0/gems/ffi-1.17.3/ext/ffi_c/libffi/src -DRUBY_EXTCONF_H=\"extconf.h\" -D_XOPEN_SOURCE -D_DARWIN_C_SOURCE -D_DARWIN_UNLIMITED_SELECT -D_REENTRANT    -Wall  -fexceptions -c -o src/java_raw_api.lo /Users/simonepernice/Desktop/GIT/R_packages_project/gitPage/epimod/vendor/bundle/ruby/2.6.0/gems/ffi-1.17.3/ext/ffi_c/libffi/src/java_raw_api.c
libtool: compile:  xcrun clang -DHAVE_CONFIG_H -I. -I/Users/simonepernice/Desktop/GIT/R_packages_project/gitPage/epimod/vendor/bundle/ruby/2.6.0/gems/ffi-1.17.3/ext/ffi_c/libffi -I. -I/Users/simonepernice/Desktop/GIT/R_packages_project/gitPage/epimod/vendor/bundle/ruby/2.6.0/gems/ffi-1.17.3/ext/ffi_c/libffi/include -Iinclude -I/Users/simonepernice/Desktop/GIT/R_packages_project/gitPage/epimod/vendor/bundle/ruby/2.6.0/gems/ffi-1.17.3/ext/ffi_c/libffi/src -DRUBY_EXTCONF_H=\"extconf.h\" -D_XOPEN_SOURCE -D_DARWIN_C_SOURCE -D_DARWIN_UNLIMITED_SELECT -D_REENTRANT -Wall -fexceptions -c /Users/simonepernice/Desktop/GIT/R_packages_project/gitPage/epimod/vendor/bundle/ruby/2.6.0/gems/ffi-1.17.3/ext/ffi_c/libffi/src/java_raw_api.c  -fno-common -DPIC -o src/java_raw_api.o
/Users/simonepernice/Desktop/GIT/R_packages_project/gitPage/epimod/vendor/bundle/ruby/2.6.0/gems/ffi-1.17.3/ext/ffi_c/libffi/src/java_raw_api.c:328:46: warning: 'ffi_java_raw_size' is deprecated [-Wdeprecated-declarations]
  328 |   ffi_java_raw *raw = (ffi_java_raw*)alloca (ffi_java_raw_size (cif));
      |                                              ^
include/ffi.h:315:56: note: 'ffi_java_raw_size' has been explicitly marked deprecated here
  315 | size_t ffi_java_raw_size (ffi_cif *cif) __attribute__((deprecated));
      |                                                        ^
/Users/simonepernice/Desktop/GIT/R_packages_project/gitPage/epimod/vendor/bundle/ruby/2.6.0/gems/ffi-1.17.3/ext/ffi_c/libffi/src/java_raw_api.c:331:3: warning: 'ffi_java_ptrarray_to_raw' is deprecated [-Wdeprecated-declarations]
  331 |   ffi_java_ptrarray_to_raw (cif, avalue, raw);
      |   ^
include/ffi.h:311:93: note: 'ffi_java_ptrarray_to_raw' has been explicitly marked deprecated here
  311 | void ffi_java_ptrarray_to_raw (ffi_cif *cif, void **args, ffi_java_raw *raw) __attribute__((deprecated));
      |                                                                                             ^
2 warnings generated.
/bin/sh ./libtool  --tag=CC   --mode=compile xcrun clang -DHAVE_CONFIG_H -I. -I/Users/simonepernice/Desktop/GIT/R_packages_project/gitPage/epimod/vendor/bundle/ruby/2.6.0/gems/ffi-1.17.3/ext/ffi_c/libffi  -I. -I/Users/simonepernice/Desktop/GIT/R_packages_project/gitPage/epimod/vendor/bundle/ruby/2.6.0/gems/ffi-1.17.3/ext/ffi_c/libffi/include -Iinclude -I/Users/simonepernice/Desktop/GIT/R_packages_project/gitPage/epimod/vendor/bundle/ruby/2.6.0/gems/ffi-1.17.3/ext/ffi_c/libffi/src -DRUBY_EXTCONF_H=\"extconf.h\" -D_XOPEN_SOURCE -D_DARWIN_C_SOURCE -D_DARWIN_UNLIMITED_SELECT -D_REENTRANT    -Wall  -fexceptions -c -o src/closures.lo /Users/simonepernice/Desktop/GIT/R_packages_project/gitPage/epimod/vendor/bundle/ruby/2.6.0/gems/ffi-1.17.3/ext/ffi_c/libffi/src/closures.c
libtool: compile:  xcrun clang -DHAVE_CONFIG_H -I. -I/Users/simonepernice/Desktop/GIT/R_packages_project/gitPage/epimod/vendor/bundle/ruby/2.6.0/gems/ffi-1.17.3/ext/ffi_c/libffi -I. -I/Users/simonepernice/Desktop/GIT/R_packages_project/gitPage/epimod/vendor/bundle/ruby/2.6.0/gems/ffi-1.17.3/ext/ffi_c/libffi/include -Iinclude -I/Users/simonepernice/Desktop/GIT/R_packages_project/gitPage/epimod/vendor/bundle/ruby/2.6.0/gems/ffi-1.17.3/ext/ffi_c/libffi/src -DRUBY_EXTCONF_H=\"extconf.h\" -D_XOPEN_SOURCE -D_DARWIN_C_SOURCE -D_DARWIN_UNLIMITED_SELECT -D_REENTRANT -Wall -fexceptions -c /Users/simonepernice/Desktop/GIT/R_packages_project/gitPage/epimod/vendor/bundle/ruby/2.6.0/gems/ffi-1.17.3/ext/ffi_c/libffi/src/closures.c  -fno-common -DPIC -o src/closures.o
/bin/sh ./libtool  --tag=CC   --mode=compile xcrun clang -DHAVE_CONFIG_H -I. -I/Users/simonepernice/Desktop/GIT/R_packages_project/gitPage/epimod/vendor/bundle/ruby/2.6.0/gems/ffi-1.17.3/ext/ffi_c/libffi  -I. -I/Users/simonepernice/Desktop/GIT/R_packages_project/gitPage/epimod/vendor/bundle/ruby/2.6.0/gems/ffi-1.17.3/ext/ffi_c/libffi/include -Iinclude -I/Users/simonepernice/Desktop/GIT/R_packages_project/gitPage/epimod/vendor/bundle/ruby/2.6.0/gems/ffi-1.17.3/ext/ffi_c/libffi/src -DRUBY_EXTCONF_H=\"extconf.h\" -D_XOPEN_SOURCE -D_DARWIN_C_SOURCE -D_DARWIN_UNLIMITED_SELECT -D_REENTRANT    -Wall  -fexceptions -c -o src/tramp.lo /Users/simonepernice/Desktop/GIT/R_packages_project/gitPage/epimod/vendor/bundle/ruby/2.6.0/gems/ffi-1.17.3/ext/ffi_c/libffi/src/tramp.c
libtool: compile:  xcrun clang -DHAVE_CONFIG_H -I. -I/Users/simonepernice/Desktop/GIT/R_packages_project/gitPage/epimod/vendor/bundle/ruby/2.6.0/gems/ffi-1.17.3/ext/ffi_c/libffi -I. -I/Users/simonepernice/Desktop/GIT/R_packages_project/gitPage/epimod/vendor/bundle/ruby/2.6.0/gems/ffi-1.17.3/ext/ffi_c/libffi/include -Iinclude -I/Users/simonepernice/Desktop/GIT/R_packages_project/gitPage/epimod/vendor/bundle/ruby/2.6.0/gems/ffi-1.17.3/ext/ffi_c/libffi/src -DRUBY_EXTCONF_H=\"extconf.h\" -D_XOPEN_SOURCE -D_DARWIN_C_SOURCE -D_DARWIN_UNLIMITED_SELECT -D_REENTRANT -Wall -fexceptions -c /Users/simonepernice/Desktop/GIT/R_packages_project/gitPage/epimod/vendor/bundle/ruby/2.6.0/gems/ffi-1.17.3/ext/ffi_c/libffi/src/tramp.c  -fno-common -DPIC -o src/tramp.o
/bin/sh ./libtool  --tag=CC   --mode=compile xcrun clang -DHAVE_CONFIG_H -I. -I/Users/simonepernice/Desktop/GIT/R_packages_project/gitPage/epimod/vendor/bundle/ruby/2.6.0/gems/ffi-1.17.3/ext/ffi_c/libffi  -I. -I/Users/simonepernice/Desktop/GIT/R_packages_project/gitPage/epimod/vendor/bundle/ruby/2.6.0/gems/ffi-1.17.3/ext/ffi_c/libffi/include -Iinclude -I/Users/simonepernice/Desktop/GIT/R_packages_project/gitPage/epimod/vendor/bundle/ruby/2.6.0/gems/ffi-1.17.3/ext/ffi_c/libffi/src -DRUBY_EXTCONF_H=\"extconf.h\" -D_XOPEN_SOURCE -D_DARWIN_C_SOURCE -D_DARWIN_UNLIMITED_SELECT -D_REENTRANT    -Wall  -fexceptions -c -o src/aarch64/ffi.lo /Users/simonepernice/Desktop/GIT/R_packages_project/gitPage/epimod/vendor/bundle/ruby/2.6.0/gems/ffi-1.17.3/ext/ffi_c/libffi/src/aarch64/ffi.c
libtool: compile:  xcrun clang -DHAVE_CONFIG_H -I. -I/Users/simonepernice/Desktop/GIT/R_packages_project/gitPage/epimod/vendor/bundle/ruby/2.6.0/gems/ffi-1.17.3/ext/ffi_c/libffi -I. -I/Users/simonepernice/Desktop/GIT/R_packages_project/gitPage/epimod/vendor/bundle/ruby/2.6.0/gems/ffi-1.17.3/ext/ffi_c/libffi/include -Iinclude -I/Users/simonepernice/Desktop/GIT/R_packages_project/gitPage/epimod/vendor/bundle/ruby/2.6.0/gems/ffi-1.17.3/ext/ffi_c/libffi/src -DRUBY_EXTCONF_H=\"extconf.h\" -D_XOPEN_SOURCE -D_DARWIN_C_SOURCE -D_DARWIN_UNLIMITED_SELECT -D_REENTRANT -Wall -fexceptions -c /Users/simonepernice/Desktop/GIT/R_packages_project/gitPage/epimod/vendor/bundle/ruby/2.6.0/gems/ffi-1.17.3/ext/ffi_c/libffi/src/aarch64/ffi.c  -fno-common -DPIC -o src/aarch64/ffi.o
/bin/sh ./libtool  --tag=CC   --mode=compile xcrun clang -DHAVE_CONFIG_H -I. -I/Users/simonepernice/Desktop/GIT/R_packages_project/gitPage/epimod/vendor/bundle/ruby/2.6.0/gems/ffi-1.17.3/ext/ffi_c/libffi  -I. -I/Users/simonepernice/Desktop/GIT/R_packages_project/gitPage/epimod/vendor/bundle/ruby/2.6.0/gems/ffi-1.17.3/ext/ffi_c/libffi/include -Iinclude -I/Users/simonepernice/Desktop/GIT/R_packages_project/gitPage/epimod/vendor/bundle/ruby/2.6.0/gems/ffi-1.17.3/ext/ffi_c/libffi/src -DRUBY_EXTCONF_H=\"extconf.h\" -D_XOPEN_SOURCE -D_DARWIN_C_SOURCE -D_DARWIN_UNLIMITED_SELECT -D_REENTRANT   '-I. -I/Users/simonepernice/Desktop/GIT/R_packages_project/gitPage/epimod/vendor/bundle/ruby/2.6.0/gems/ffi-1.17.3/ext/ffi_c/libffi/include -Iinclude -I/Users/simonepernice/Desktop/GIT/R_packages_project/gitPage/epimod/vendor/bundle/ruby/2.6.0/gems/ffi-1.17.3/ext/ffi_c/libffi/src'  -c -o src/aarch64/sysv.lo /Users/simonepernice/Desktop/GIT/R_packages_project/gitPage/epimod/vendor/bundle/ruby/2.6.0/gems/ffi-1.17.3/ext/ffi_c/libffi/src/aarch64/sysv.S
libtool: compile:  xcrun clang -DHAVE_CONFIG_H -I. -I/Users/simonepernice/Desktop/GIT/R_packages_project/gitPage/epimod/vendor/bundle/ruby/2.6.0/gems/ffi-1.17.3/ext/ffi_c/libffi -I. -I/Users/simonepernice/Desktop/GIT/R_packages_project/gitPage/epimod/vendor/bundle/ruby/2.6.0/gems/ffi-1.17.3/ext/ffi_c/libffi/include -Iinclude -I/Users/simonepernice/Desktop/GIT/R_packages_project/gitPage/epimod/vendor/bundle/ruby/2.6.0/gems/ffi-1.17.3/ext/ffi_c/libffi/src -DRUBY_EXTCONF_H=\"extconf.h\" -D_XOPEN_SOURCE -D_DARWIN_C_SOURCE -D_DARWIN_UNLIMITED_SELECT -D_REENTRANT "-I. -I/Users/simonepernice/Desktop/GIT/R_packages_project/gitPage/epimod/vendor/bundle/ruby/2.6.0/gems/ffi-1.17.3/ext/ffi_c/libffi/include -Iinclude -I/Users/simonepernice/Desktop/GIT/R_packages_project/gitPage/epimod/vendor/bundle/ruby/2.6.0/gems/ffi-1.17.3/ext/ffi_c/libffi/src" -c /Users/simonepernice/Desktop/GIT/R_packages_project/gitPage/epimod/vendor/bundle/ruby/2.6.0/gems/ffi-1.17.3/ext/ffi_c/libffi/src/aarch64/sysv.S  -fno-common -DPIC -o src/aarch64/sysv.o
/bin/sh ./libtool  --tag=CC   --mode=link xcrun clang  -Wall  -fexceptions  -L/usr/local/opt/openssl@3/lib -o libffi_convenience.la  src/prep_cif.lo src/types.lo src/raw_api.lo src/java_raw_api.lo src/closures.lo src/tramp.lo   src/aarch64/ffi.lo src/aarch64/sysv.lo 
libtool: link: ar cr .libs/libffi_convenience.a  src/prep_cif.o src/types.o src/raw_api.o src/java_raw_api.o src/closures.o src/tramp.o src/aarch64/ffi.o src/aarch64/sysv.o
libtool: link: ranlib .libs/libffi_convenience.a
libtool: link: ( cd ".libs" && rm -f "libffi_convenience.la" && ln -s "../libffi_convenience.la" "libffi_convenience.la" )
/bin/sh ./libtool  --tag=CC   --mode=link xcrun clang  -Wall  -fexceptions -no-undefined -version-info `grep -v '^#' /Users/simonepernice/Desktop/GIT/R_packages_project/gitPage/epimod/vendor/bundle/ruby/2.6.0/gems/ffi-1.17.3/ext/ffi_c/libffi/libtool-version`   '-L/usr/local/opt/openssl@3/lib'  -L/usr/local/opt/openssl@3/lib -o libffi.la -rpath /usr/local/lib src/prep_cif.lo src/types.lo src/raw_api.lo src/java_raw_api.lo src/closures.lo src/tramp.lo  src/aarch64/ffi.lo src/aarch64/sysv.lo 
libtool: link: ar cr .libs/libffi.a  src/prep_cif.o src/types.o src/raw_api.o src/java_raw_api.o src/closures.o src/tramp.o src/aarch64/ffi.o src/aarch64/sysv.o
libtool: link: ranlib .libs/libffi.a
libtool: link: ( cd ".libs" && rm -f "libffi.la" && ln -s "../libffi.la" "libffi.la" )
compiling AbstractMemory.c
AbstractMemory.c:1125:17: warning: '(' and '{' tokens introducing statement expression appear in different macro expansion contexts [-Wcompound-token-split-by-macro]
 1125 |     id_to_ptr = rb_intern("to_ptr");
      |                 ^~~~~~~~~~~~~~~~~~~
/Library/Developer/CommandLineTools/SDKs/MacOSX.sdk/System/Library/Frameworks/Ruby.framework/Versions/2.6/usr/include/ruby-2.6.0/ruby/ruby.h:1826:23: note: expanded from macro 'rb_intern'
 1826 |         __extension__ (RUBY_CONST_ID_CACHE((ID), (str))) : \
      |                       ^
AbstractMemory.c:1125:17: note: '{' token is here
 1125 |     id_to_ptr = rb_intern("to_ptr");
      |                 ^~~~~~~~~~~~~~~~~~~
/Library/Developer/CommandLineTools/SDKs/MacOSX.sdk/System/Library/Frameworks/Ruby.framework/Versions/2.6/usr/include/ruby-2.6.0/ruby/ruby.h:1826:24: note: expanded from macro 'rb_intern'
 1826 |         __extension__ (RUBY_CONST_ID_CACHE((ID), (str))) : \
      |                        ^~~~~~~~~~~~~~~~~~~~~~~~~~~~~~~~
/Library/Developer/CommandLineTools/SDKs/MacOSX.sdk/System/Library/Frameworks/Ruby.framework/Versions/2.6/usr/include/ruby-2.6.0/ruby/ruby.h:1811:5: note: expanded from macro 'RUBY_CONST_ID_CACHE'
 1811 |     {                                                   \
      |     ^
AbstractMemory.c:1125:17: warning: '}' and ')' tokens terminating statement expression appear in different macro expansion contexts [-Wcompound-token-split-by-macro]
 1125 |     id_to_ptr = rb_intern("to_ptr");
      |                 ^~~~~~~~~~~~~~~~~~~
/Library/Developer/CommandLineTools/SDKs/MacOSX.sdk/System/Library/Frameworks/Ruby.framework/Versions/2.6/usr/include/ruby-2.6.0/ruby/ruby.h:1826:24: note: expanded from macro 'rb_intern'
 1826 |         __extension__ (RUBY_CONST_ID_CACHE((ID), (str))) : \
      |                        ^~~~~~~~~~~~~~~~~~~~~~~~~~~~~~~~
/Library/Developer/CommandLineTools/SDKs/MacOSX.sdk/System/Library/Frameworks/Ruby.framework/Versions/2.6/usr/include/ruby-2.6.0/ruby/ruby.h:1816:5: note: expanded from macro 'RUBY_CONST_ID_CACHE'
 1816 |     }
      |     ^
AbstractMemory.c:1125:17: note: ')' token is here
 1125 |     id_to_ptr = rb_intern("to_ptr");
      |                 ^~~~~~~~~~~~~~~~~~~
/Library/Developer/CommandLineTools/SDKs/MacOSX.sdk/System/Library/Frameworks/Ruby.framework/Versions/2.6/usr/include/ruby-2.6.0/ruby/ruby.h:1826:56: note: expanded from macro 'rb_intern'
 1826 |         __extension__ (RUBY_CONST_ID_CACHE((ID), (str))) : \
      |                                                        ^
AbstractMemory.c:1126:15: warning: '(' and '{' tokens introducing statement expression appear in different macro expansion contexts [-Wcompound-token-split-by-macro]
 1126 |     id_call = rb_intern("call");
      |               ^~~~~~~~~~~~~~~~~
/Library/Developer/CommandLineTools/SDKs/MacOSX.sdk/System/Library/Frameworks/Ruby.framework/Versions/2.6/usr/include/ruby-2.6.0/ruby/ruby.h:1826:23: note: expanded from macro 'rb_intern'
 1826 |         __extension__ (RUBY_CONST_ID_CACHE((ID), (str))) : \
      |                       ^
AbstractMemory.c:1126:15: note: '{' token is here
 1126 |     id_call = rb_intern("call");
      |               ^~~~~~~~~~~~~~~~~
/Library/Developer/CommandLineTools/SDKs/MacOSX.sdk/System/Library/Frameworks/Ruby.framework/Versions/2.6/usr/include/ruby-2.6.0/ruby/ruby.h:1826:24: note: expanded from macro 'rb_intern'
 1826 |         __extension__ (RUBY_CONST_ID_CACHE((ID), (str))) : \
      |                        ^~~~~~~~~~~~~~~~~~~~~~~~~~~~~~~~
/Library/Developer/CommandLineTools/SDKs/MacOSX.sdk/System/Library/Frameworks/Ruby.framework/Versions/2.6/usr/include/ruby-2.6.0/ruby/ruby.h:1811:5: note: expanded from macro 'RUBY_CONST_ID_CACHE'
 1811 |     {                                                   \
      |     ^
AbstractMemory.c:1126:15: warning: '}' and ')' tokens terminating statement expression appear in different macro expansion contexts [-Wcompound-token-split-by-macro]
 1126 |     id_call = rb_intern("call");
      |               ^~~~~~~~~~~~~~~~~
/Library/Developer/CommandLineTools/SDKs/MacOSX.sdk/System/Library/Frameworks/Ruby.framework/Versions/2.6/usr/include/ruby-2.6.0/ruby/ruby.h:1826:24: note: expanded from macro 'rb_intern'
 1826 |         __extension__ (RUBY_CONST_ID_CACHE((ID), (str))) : \
      |                        ^~~~~~~~~~~~~~~~~~~~~~~~~~~~~~~~
/Library/Developer/CommandLineTools/SDKs/MacOSX.sdk/System/Library/Frameworks/Ruby.framework/Versions/2.6/usr/include/ruby-2.6.0/ruby/ruby.h:1816:5: note: expanded from macro 'RUBY_CONST_ID_CACHE'
 1816 |     }
      |     ^
AbstractMemory.c:1126:15: note: ')' token is here
 1126 |     id_call = rb_intern("call");
      |               ^~~~~~~~~~~~~~~~~
/Library/Developer/CommandLineTools/SDKs/MacOSX.sdk/System/Library/Frameworks/Ruby.framework/Versions/2.6/usr/include/ruby-2.6.0/ruby/ruby.h:1826:56: note: expanded from macro 'rb_intern'
 1826 |         __extension__ (RUBY_CONST_ID_CACHE((ID), (str))) : \
      |                                                        ^
AbstractMemory.c:1127:15: warning: '(' and '{' tokens introducing statement expression appear in different macro expansion contexts [-Wcompound-token-split-by-macro]
 1127 |     id_plus = rb_intern("+");
      |               ^~~~~~~~~~~~~~
/Library/Developer/CommandLineTools/SDKs/MacOSX.sdk/System/Library/Frameworks/Ruby.framework/Versions/2.6/usr/include/ruby-2.6.0/ruby/ruby.h:1826:23: note: expanded from macro 'rb_intern'
 1826 |         __extension__ (RUBY_CONST_ID_CACHE((ID), (str))) : \
      |                       ^
AbstractMemory.c:1127:15: note: '{' token is here
 1127 |     id_plus = rb_intern("+");
      |               ^~~~~~~~~~~~~~
/Library/Developer/CommandLineTools/SDKs/MacOSX.sdk/System/Library/Frameworks/Ruby.framework/Versions/2.6/usr/include/ruby-2.6.0/ruby/ruby.h:1826:24: note: expanded from macro 'rb_intern'
 1826 |         __extension__ (RUBY_CONST_ID_CACHE((ID), (str))) : \
      |                        ^~~~~~~~~~~~~~~~~~~~~~~~~~~~~~~~
/Library/Developer/CommandLineTools/SDKs/MacOSX.sdk/System/Library/Frameworks/Ruby.framework/Versions/2.6/usr/include/ruby-2.6.0/ruby/ruby.h:1811:5: note: expanded from macro 'RUBY_CONST_ID_CACHE'
 1811 |     {                                                   \
      |     ^
AbstractMemory.c:1127:15: warning: '}' and ')' tokens terminating statement expression appear in different macro expansion contexts [-Wcompound-token-split-by-macro]
 1127 |     id_plus = rb_intern("+");
      |               ^~~~~~~~~~~~~~
/Library/Developer/CommandLineTools/SDKs/MacOSX.sdk/System/Library/Frameworks/Ruby.framework/Versions/2.6/usr/include/ruby-2.6.0/ruby/ruby.h:1826:24: note: expanded from macro 'rb_intern'
 1826 |         __extension__ (RUBY_CONST_ID_CACHE((ID), (str))) : \
      |                        ^~~~~~~~~~~~~~~~~~~~~~~~~~~~~~~~
/Library/Developer/CommandLineTools/SDKs/MacOSX.sdk/System/Library/Frameworks/Ruby.framework/Versions/2.6/usr/include/ruby-2.6.0/ruby/ruby.h:1816:5: note: expanded from macro 'RUBY_CONST_ID_CACHE'
 1816 |     }
      |     ^
AbstractMemory.c:1127:15: note: ')' token is here
 1127 |     id_plus = rb_intern("+");
      |               ^~~~~~~~~~~~~~
/Library/Developer/CommandLineTools/SDKs/MacOSX.sdk/System/Library/Frameworks/Ruby.framework/Versions/2.6/usr/include/ruby-2.6.0/ruby/ruby.h:1826:56: note: expanded from macro 'rb_intern'
 1826 |         __extension__ (RUBY_CONST_ID_CACHE((ID), (str))) : \
      |                                                        ^
6 warnings generated.
compiling ArrayType.c
compiling Buffer.c
Buffer.c:293:45: warning: '(' and '{' tokens introducing statement expression appear in different macro expansion contexts [-Wcompound-token-split-by-macro]
  293 |         return order == BIG_ENDIAN ? ID2SYM(rb_intern("big")) : ID2SYM(rb_intern("little"));
      |                                             ^~~~~~~~~~~~~~~~
/Library/Developer/CommandLineTools/SDKs/MacOSX.sdk/System/Library/Frameworks/Ruby.framework/Versions/2.6/usr/include/ruby-2.6.0/ruby/ruby.h:1826:23: note: expanded from macro 'rb_intern'
 1826 |         __extension__ (RUBY_CONST_ID_CACHE((ID), (str))) : \
      |                       ^
/Library/Developer/CommandLineTools/SDKs/MacOSX.sdk/System/Library/Frameworks/Ruby.framework/Versions/2.6/usr/include/ruby-2.6.0/ruby/ruby.h:413:29: note: expanded from macro 'ID2SYM'
  413 | #define ID2SYM(x) RB_ID2SYM(x)
      |                             ^
/Library/Developer/CommandLineTools/SDKs/MacOSX.sdk/System/Library/Frameworks/Ruby.framework/Versions/2.6/usr/include/ruby-2.6.0/ruby/ruby.h:408:33: note: expanded from macro 'RB_ID2SYM'
  408 | #define RB_ID2SYM(x) (rb_id2sym(x))
      |                                 ^
Buffer.c:293:45: note: '{' token is here
  293 |         return order == BIG_ENDIAN ? ID2SYM(rb_intern("big")) : ID2SYM(rb_intern("little"));
      |                                             ^~~~~~~~~~~~~~~~
/Library/Developer/CommandLineTools/SDKs/MacOSX.sdk/System/Library/Frameworks/Ruby.framework/Versions/2.6/usr/include/ruby-2.6.0/ruby/ruby.h:1826:24: note: expanded from macro 'rb_intern'
 1826 |         __extension__ (RUBY_CONST_ID_CACHE((ID), (str))) : \
      |                        ^~~~~~~~~~~~~~~~~~~~~~~~~~~~~~~~
/Library/Developer/CommandLineTools/SDKs/MacOSX.sdk/System/Library/Frameworks/Ruby.framework/Versions/2.6/usr/include/ruby-2.6.0/ruby/ruby.h:1811:5: note: expanded from macro 'RUBY_CONST_ID_CACHE'
 1811 |     {                                                   \
      |     ^
/Library/Developer/CommandLineTools/SDKs/MacOSX.sdk/System/Library/Frameworks/Ruby.framework/Versions/2.6/usr/include/ruby-2.6.0/ruby/ruby.h:413:29: note: expanded from macro 'ID2SYM'
  413 | #define ID2SYM(x) RB_ID2SYM(x)
      |                             ^
/Library/Developer/CommandLineTools/SDKs/MacOSX.sdk/System/Library/Frameworks/Ruby.framework/Versions/2.6/usr/include/ruby-2.6.0/ruby/ruby.h:408:33: note: expanded from macro 'RB_ID2SYM'
  408 | #define RB_ID2SYM(x) (rb_id2sym(x))
      |                                 ^
Buffer.c:293:45: warning: '}' and ')' tokens terminating statement expression appear in different macro expansion contexts [-Wcompound-token-split-by-macro]
  293 |         return order == BIG_ENDIAN ? ID2SYM(rb_intern("big")) : ID2SYM(rb_intern("little"));
      |                                             ^~~~~~~~~~~~~~~~
/Library/Developer/CommandLineTools/SDKs/MacOSX.sdk/System/Library/Frameworks/Ruby.framework/Versions/2.6/usr/include/ruby-2.6.0/ruby/ruby.h:1826:24: note: expanded from macro 'rb_intern'
 1826 |         __extension__ (RUBY_CONST_ID_CACHE((ID), (str))) : \
      |                        ^~~~~~~~~~~~~~~~~~~~~~~~~~~~~~~~
/Library/Developer/CommandLineTools/SDKs/MacOSX.sdk/System/Library/Frameworks/Ruby.framework/Versions/2.6/usr/include/ruby-2.6.0/ruby/ruby.h:1816:5: note: expanded from macro 'RUBY_CONST_ID_CACHE'
 1816 |     }
      |     ^
/Library/Developer/CommandLineTools/SDKs/MacOSX.sdk/System/Library/Frameworks/Ruby.framework/Versions/2.6/usr/include/ruby-2.6.0/ruby/ruby.h:413:29: note: expanded from macro 'ID2SYM'
  413 | #define ID2SYM(x) RB_ID2SYM(x)
      |                             ^
/Library/Developer/CommandLineTools/SDKs/MacOSX.sdk/System/Library/Frameworks/Ruby.framework/Versions/2.6/usr/include/ruby-2.6.0/ruby/ruby.h:408:33: note: expanded from macro 'RB_ID2SYM'
  408 | #define RB_ID2SYM(x) (rb_id2sym(x))
      |                                 ^
Buffer.c:293:45: note: ')' token is here
  293 |         return order == BIG_ENDIAN ? ID2SYM(rb_intern("big")) : ID2SYM(rb_intern("little"));
      |                                             ^~~~~~~~~~~~~~~~
/Library/Developer/CommandLineTools/SDKs/MacOSX.sdk/System/Library/Frameworks/Ruby.framework/Versions/2.6/usr/include/ruby-2.6.0/ruby/ruby.h:1826:56: note: expanded from macro 'rb_intern'
 1826 |         __extension__ (RUBY_CONST_ID_CACHE((ID), (str))) : \
      |                                                        ^
/Library/Developer/CommandLineTools/SDKs/MacOSX.sdk/System/Library/Frameworks/Ruby.framework/Versions/2.6/usr/include/ruby-2.6.0/ruby/ruby.h:413:29: note: expanded from macro 'ID2SYM'
  413 | #define ID2SYM(x) RB_ID2SYM(x)
      |                             ^
/Library/Developer/CommandLineTools/SDKs/MacOSX.sdk/System/Library/Frameworks/Ruby.framework/Versions/2.6/usr/include/ruby-2.6.0/ruby/ruby.h:408:33: note: expanded from macro 'RB_ID2SYM'
  408 | #define RB_ID2SYM(x) (rb_id2sym(x))
      |                                 ^
Buffer.c:293:72: warning: '(' and '{' tokens introducing statement expression appear in different macro expansion contexts [-Wcompound-token-split-by-macro]
  293 |         return order == BIG_ENDIAN ? ID2SYM(rb_intern("big")) : ID2SYM(rb_intern("little"));
      |                                                                        ^~~~~~~~~~~~~~~~~~~
/Library/Developer/CommandLineTools/SDKs/MacOSX.sdk/System/Library/Frameworks/Ruby.framework/Versions/2.6/usr/include/ruby-2.6.0/ruby/ruby.h:1826:23: note: expanded from macro 'rb_intern'
 1826 |         __extension__ (RUBY_CONST_ID_CACHE((ID), (str))) : \
      |                       ^
/Library/Developer/CommandLineTools/SDKs/MacOSX.sdk/System/Library/Frameworks/Ruby.framework/Versions/2.6/usr/include/ruby-2.6.0/ruby/ruby.h:413:29: note: expanded from macro 'ID2SYM'
  413 | #define ID2SYM(x) RB_ID2SYM(x)
      |                             ^
/Library/Developer/CommandLineTools/SDKs/MacOSX.sdk/System/Library/Frameworks/Ruby.framework/Versions/2.6/usr/include/ruby-2.6.0/ruby/ruby.h:408:33: note: expanded from macro 'RB_ID2SYM'
  408 | #define RB_ID2SYM(x) (rb_id2sym(x))
      |                                 ^
Buffer.c:293:72: note: '{' token is here
  293 |         return order == BIG_ENDIAN ? ID2SYM(rb_intern("big")) : ID2SYM(rb_intern("little"));
      |                                                                        ^~~~~~~~~~~~~~~~~~~
/Library/Developer/CommandLineTools/SDKs/MacOSX.sdk/System/Library/Frameworks/Ruby.framework/Versions/2.6/usr/include/ruby-2.6.0/ruby/ruby.h:1826:24: note: expanded from macro 'rb_intern'
 1826 |         __extension__ (RUBY_CONST_ID_CACHE((ID), (str))) : \
      |                        ^~~~~~~~~~~~~~~~~~~~~~~~~~~~~~~~
/Library/Developer/CommandLineTools/SDKs/MacOSX.sdk/System/Library/Frameworks/Ruby.framework/Versions/2.6/usr/include/ruby-2.6.0/ruby/ruby.h:1811:5: note: expanded from macro 'RUBY_CONST_ID_CACHE'
 1811 |     {                                                   \
      |     ^
/Library/Developer/CommandLineTools/SDKs/MacOSX.sdk/System/Library/Frameworks/Ruby.framework/Versions/2.6/usr/include/ruby-2.6.0/ruby/ruby.h:413:29: note: expanded from macro 'ID2SYM'
  413 | #define ID2SYM(x) RB_ID2SYM(x)
      |                             ^
/Library/Developer/CommandLineTools/SDKs/MacOSX.sdk/System/Library/Frameworks/Ruby.framework/Versions/2.6/usr/include/ruby-2.6.0/ruby/ruby.h:408:33: note: expanded from macro 'RB_ID2SYM'
  408 | #define RB_ID2SYM(x) (rb_id2sym(x))
      |                                 ^
Buffer.c:293:72: warning: '}' and ')' tokens terminating statement expression appear in different macro expansion contexts [-Wcompound-token-split-by-macro]
  293 |         return order == BIG_ENDIAN ? ID2SYM(rb_intern("big")) : ID2SYM(rb_intern("little"));
      |                                                                        ^~~~~~~~~~~~~~~~~~~
/Library/Developer/CommandLineTools/SDKs/MacOSX.sdk/System/Library/Frameworks/Ruby.framework/Versions/2.6/usr/include/ruby-2.6.0/ruby/ruby.h:1826:24: note: expanded from macro 'rb_intern'
 1826 |         __extension__ (RUBY_CONST_ID_CACHE((ID), (str))) : \
      |                        ^~~~~~~~~~~~~~~~~~~~~~~~~~~~~~~~
/Library/Developer/CommandLineTools/SDKs/MacOSX.sdk/System/Library/Frameworks/Ruby.framework/Versions/2.6/usr/include/ruby-2.6.0/ruby/ruby.h:1816:5: note: expanded from macro 'RUBY_CONST_ID_CACHE'
 1816 |     }
      |     ^
/Library/Developer/CommandLineTools/SDKs/MacOSX.sdk/System/Library/Frameworks/Ruby.framework/Versions/2.6/usr/include/ruby-2.6.0/ruby/ruby.h:413:29: note: expanded from macro 'ID2SYM'
  413 | #define ID2SYM(x) RB_ID2SYM(x)
      |                             ^
/Library/Developer/CommandLineTools/SDKs/MacOSX.sdk/System/Library/Frameworks/Ruby.framework/Versions/2.6/usr/include/ruby-2.6.0/ruby/ruby.h:408:33: note: expanded from macro 'RB_ID2SYM'
  408 | #define RB_ID2SYM(x) (rb_id2sym(x))
      |                                 ^
Buffer.c:293:72: note: ')' token is here
  293 |         return order == BIG_ENDIAN ? ID2SYM(rb_intern("big")) : ID2SYM(rb_intern("little"));
      |                                                                        ^~~~~~~~~~~~~~~~~~~
/Library/Developer/CommandLineTools/SDKs/MacOSX.sdk/System/Library/Frameworks/Ruby.framework/Versions/2.6/usr/include/ruby-2.6.0/ruby/ruby.h:1826:56: note: expanded from macro 'rb_intern'
 1826 |         __extension__ (RUBY_CONST_ID_CACHE((ID), (str))) : \
      |                                                        ^
/Library/Developer/CommandLineTools/SDKs/MacOSX.sdk/System/Library/Frameworks/Ruby.framework/Versions/2.6/usr/include/ruby-2.6.0/ruby/ruby.h:413:29: note: expanded from macro 'ID2SYM'
  413 | #define ID2SYM(x) RB_ID2SYM(x)
      |                             ^
/Library/Developer/CommandLineTools/SDKs/MacOSX.sdk/System/Library/Frameworks/Ruby.framework/Versions/2.6/usr/include/ruby-2.6.0/ruby/ruby.h:408:33: note: expanded from macro 'RB_ID2SYM'
  408 | #define RB_ID2SYM(x) (rb_id2sym(x))
      |                                 ^
Buffer.c:303:23: warning: '(' and '{' tokens introducing statement expression appear in different macro expansion contexts [-Wcompound-token-split-by-macro]
  303 |             if (id == rb_intern("little")) {
      |                       ^~~~~~~~~~~~~~~~~~~
/Library/Developer/CommandLineTools/SDKs/MacOSX.sdk/System/Library/Frameworks/Ruby.framework/Versions/2.6/usr/include/ruby-2.6.0/ruby/ruby.h:1826:23: note: expanded from macro 'rb_intern'
 1826 |         __extension__ (RUBY_CONST_ID_CACHE((ID), (str))) : \
      |                       ^
Buffer.c:303:23: note: '{' token is here
  303 |             if (id == rb_intern("little")) {
      |                       ^~~~~~~~~~~~~~~~~~~
/Library/Developer/CommandLineTools/SDKs/MacOSX.sdk/System/Library/Frameworks/Ruby.framework/Versions/2.6/usr/include/ruby-2.6.0/ruby/ruby.h:1826:24: note: expanded from macro 'rb_intern'
 1826 |         __extension__ (RUBY_CONST_ID_CACHE((ID), (str))) : \
      |                        ^~~~~~~~~~~~~~~~~~~~~~~~~~~~~~~~
/Library/Developer/CommandLineTools/SDKs/MacOSX.sdk/System/Library/Frameworks/Ruby.framework/Versions/2.6/usr/include/ruby-2.6.0/ruby/ruby.h:1811:5: note: expanded from macro 'RUBY_CONST_ID_CACHE'
 1811 |     {                                                   \
      |     ^
Buffer.c:303:23: warning: '}' and ')' tokens terminating statement expression appear in different macro expansion contexts [-Wcompound-token-split-by-macro]
  303 |             if (id == rb_intern("little")) {
      |                       ^~~~~~~~~~~~~~~~~~~
/Library/Developer/CommandLineTools/SDKs/MacOSX.sdk/System/Library/Frameworks/Ruby.framework/Versions/2.6/usr/include/ruby-2.6.0/ruby/ruby.h:1826:24: note: expanded from macro 'rb_intern'
 1826 |         __extension__ (RUBY_CONST_ID_CACHE((ID), (str))) : \
      |                        ^~~~~~~~~~~~~~~~~~~~~~~~~~~~~~~~
/Library/Developer/CommandLineTools/SDKs/MacOSX.sdk/System/Library/Frameworks/Ruby.framework/Versions/2.6/usr/include/ruby-2.6.0/ruby/ruby.h:1816:5: note: expanded from macro 'RUBY_CONST_ID_CACHE'
 1816 |     }
      |     ^
Buffer.c:303:23: note: ')' token is here
  303 |             if (id == rb_intern("little")) {
      |                       ^~~~~~~~~~~~~~~~~~~
/Library/Developer/CommandLineTools/SDKs/MacOSX.sdk/System/Library/Frameworks/Ruby.framework/Versions/2.6/usr/include/ruby-2.6.0/ruby/ruby.h:1826:56: note: expanded from macro 'rb_intern'
 1826 |         __extension__ (RUBY_CONST_ID_CACHE((ID), (str))) : \
      |                                                        ^
Buffer.c:306:30: warning: '(' and '{' tokens introducing statement expression appear in different macro expansion contexts [-Wcompound-token-split-by-macro]
  306 |             } else if (id == rb_intern("big") || id == rb_intern("network")) {
      |                              ^~~~~~~~~~~~~~~~
/Library/Developer/CommandLineTools/SDKs/MacOSX.sdk/System/Library/Frameworks/Ruby.framework/Versions/2.6/usr/include/ruby-2.6.0/ruby/ruby.h:1826:23: note: expanded from macro 'rb_intern'
 1826 |         __extension__ (RUBY_CONST_ID_CACHE((ID), (str))) : \
      |                       ^
Buffer.c:306:30: note: '{' token is here
  306 |             } else if (id == rb_intern("big") || id == rb_intern("network")) {
      |                              ^~~~~~~~~~~~~~~~
/Library/Developer/CommandLineTools/SDKs/MacOSX.sdk/System/Library/Frameworks/Ruby.framework/Versions/2.6/usr/include/ruby-2.6.0/ruby/ruby.h:1826:24: note: expanded from macro 'rb_intern'
 1826 |         __extension__ (RUBY_CONST_ID_CACHE((ID), (str))) : \
      |                        ^~~~~~~~~~~~~~~~~~~~~~~~~~~~~~~~
/Library/Developer/CommandLineTools/SDKs/MacOSX.sdk/System/Library/Frameworks/Ruby.framework/Versions/2.6/usr/include/ruby-2.6.0/ruby/ruby.h:1811:5: note: expanded from macro 'RUBY_CONST_ID_CACHE'
 1811 |     {                                                   \
      |     ^
Buffer.c:306:30: warning: '}' and ')' tokens terminating statement expression appear in different macro expansion contexts [-Wcompound-token-split-by-macro]
  306 |             } else if (id == rb_intern("big") || id == rb_intern("network")) {
      |                              ^~~~~~~~~~~~~~~~
/Library/Developer/CommandLineTools/SDKs/MacOSX.sdk/System/Library/Frameworks/Ruby.framework/Versions/2.6/usr/include/ruby-2.6.0/ruby/ruby.h:1826:24: note: expanded from macro 'rb_intern'
 1826 |         __extension__ (RUBY_CONST_ID_CACHE((ID), (str))) : \
      |                        ^~~~~~~~~~~~~~~~~~~~~~~~~~~~~~~~
/Library/Developer/CommandLineTools/SDKs/MacOSX.sdk/System/Library/Frameworks/Ruby.framework/Versions/2.6/usr/include/ruby-2.6.0/ruby/ruby.h:1816:5: note: expanded from macro 'RUBY_CONST_ID_CACHE'
 1816 |     }
      |     ^
Buffer.c:306:30: note: ')' token is here
  306 |             } else if (id == rb_intern("big") || id == rb_intern("network")) {
      |                              ^~~~~~~~~~~~~~~~
/Library/Developer/CommandLineTools/SDKs/MacOSX.sdk/System/Library/Frameworks/Ruby.framework/Versions/2.6/usr/include/ruby-2.6.0/ruby/ruby.h:1826:56: note: expanded from macro 'rb_intern'
 1826 |         __extension__ (RUBY_CONST_ID_CACHE((ID), (str))) : \
      |                                                        ^
Buffer.c:306:56: warning: '(' and '{' tokens introducing statement expression appear in different macro expansion contexts [-Wcompound-token-split-by-macro]
  306 |             } else if (id == rb_intern("big") || id == rb_intern("network")) {
      |                                                        ^~~~~~~~~~~~~~~~~~~~
/Library/Developer/CommandLineTools/SDKs/MacOSX.sdk/System/Library/Frameworks/Ruby.framework/Versions/2.6/usr/include/ruby-2.6.0/ruby/ruby.h:1826:23: note: expanded from macro 'rb_intern'
 1826 |         __extension__ (RUBY_CONST_ID_CACHE((ID), (str))) : \
      |                       ^
Buffer.c:306:56: note: '{' token is here
  306 |             } else if (id == rb_intern("big") || id == rb_intern("network")) {
      |                                                        ^~~~~~~~~~~~~~~~~~~~
/Library/Developer/CommandLineTools/SDKs/MacOSX.sdk/System/Library/Frameworks/Ruby.framework/Versions/2.6/usr/include/ruby-2.6.0/ruby/ruby.h:1826:24: note: expanded from macro 'rb_intern'
 1826 |         __extension__ (RUBY_CONST_ID_CACHE((ID), (str))) : \
      |                        ^~~~~~~~~~~~~~~~~~~~~~~~~~~~~~~~
/Library/Developer/CommandLineTools/SDKs/MacOSX.sdk/System/Library/Frameworks/Ruby.framework/Versions/2.6/usr/include/ruby-2.6.0/ruby/ruby.h:1811:5: note: expanded from macro 'RUBY_CONST_ID_CACHE'
 1811 |     {                                                   \
      |     ^
Buffer.c:306:56: warning: '}' and ')' tokens terminating statement expression appear in different macro expansion contexts [-Wcompound-token-split-by-macro]
  306 |             } else if (id == rb_intern("big") || id == rb_intern("network")) {
      |                                                        ^~~~~~~~~~~~~~~~~~~~
/Library/Developer/CommandLineTools/SDKs/MacOSX.sdk/System/Library/Frameworks/Ruby.framework/Versions/2.6/usr/include/ruby-2.6.0/ruby/ruby.h:1826:24: note: expanded from macro 'rb_intern'
 1826 |         __extension__ (RUBY_CONST_ID_CACHE((ID), (str))) : \
      |                        ^~~~~~~~~~~~~~~~~~~~~~~~~~~~~~~~
/Library/Developer/CommandLineTools/SDKs/MacOSX.sdk/System/Library/Frameworks/Ruby.framework/Versions/2.6/usr/include/ruby-2.6.0/ruby/ruby.h:1816:5: note: expanded from macro 'RUBY_CONST_ID_CACHE'
 1816 |     }
      |     ^
Buffer.c:306:56: note: ')' token is here
  306 |             } else if (id == rb_intern("big") || id == rb_intern("network")) {
      |                                                        ^~~~~~~~~~~~~~~~~~~~
/Library/Developer/CommandLineTools/SDKs/MacOSX.sdk/System/Library/Frameworks/Ruby.framework/Versions/2.6/usr/include/ruby-2.6.0/ruby/ruby.h:1826:56: note: expanded from macro 'rb_intern'
 1826 |         __extension__ (RUBY_CONST_ID_CACHE((ID), (str))) : \
      |                                                        ^
10 warnings generated.
compiling Call.c
Call.c:500:17: warning: '(' and '{' tokens introducing statement expression appear in different macro expansion contexts [-Wcompound-token-split-by-macro]
  500 |     id_to_ptr = rb_intern("to_ptr");
      |                 ^~~~~~~~~~~~~~~~~~~
/Library/Developer/CommandLineTools/SDKs/MacOSX.sdk/System/Library/Frameworks/Ruby.framework/Versions/2.6/usr/include/ruby-2.6.0/ruby/ruby.h:1826:23: note: expanded from macro 'rb_intern'
 1826 |         __extension__ (RUBY_CONST_ID_CACHE((ID), (str))) : \
      |                       ^
Call.c:500:17: note: '{' token is here
  500 |     id_to_ptr = rb_intern("to_ptr");
      |                 ^~~~~~~~~~~~~~~~~~~
/Library/Developer/CommandLineTools/SDKs/MacOSX.sdk/System/Library/Frameworks/Ruby.framework/Versions/2.6/usr/include/ruby-2.6.0/ruby/ruby.h:1826:24: note: expanded from macro 'rb_intern'
 1826 |         __extension__ (RUBY_CONST_ID_CACHE((ID), (str))) : \
      |                        ^~~~~~~~~~~~~~~~~~~~~~~~~~~~~~~~
/Library/Developer/CommandLineTools/SDKs/MacOSX.sdk/System/Library/Frameworks/Ruby.framework/Versions/2.6/usr/include/ruby-2.6.0/ruby/ruby.h:1811:5: note: expanded from macro 'RUBY_CONST_ID_CACHE'
 1811 |     {                                                   \
      |     ^
Call.c:500:17: warning: '}' and ')' tokens terminating statement expression appear in different macro expansion contexts [-Wcompound-token-split-by-macro]
  500 |     id_to_ptr = rb_intern("to_ptr");
      |                 ^~~~~~~~~~~~~~~~~~~
/Library/Developer/CommandLineTools/SDKs/MacOSX.sdk/System/Library/Frameworks/Ruby.framework/Versions/2.6/usr/include/ruby-2.6.0/ruby/ruby.h:1826:24: note: expanded from macro 'rb_intern'
 1826 |         __extension__ (RUBY_CONST_ID_CACHE((ID), (str))) : \
      |                        ^~~~~~~~~~~~~~~~~~~~~~~~~~~~~~~~
/Library/Developer/CommandLineTools/SDKs/MacOSX.sdk/System/Library/Frameworks/Ruby.framework/Versions/2.6/usr/include/ruby-2.6.0/ruby/ruby.h:1816:5: note: expanded from macro 'RUBY_CONST_ID_CACHE'
 1816 |     }
      |     ^
Call.c:500:17: note: ')' token is here
  500 |     id_to_ptr = rb_intern("to_ptr");
      |                 ^~~~~~~~~~~~~~~~~~~
/Library/Developer/CommandLineTools/SDKs/MacOSX.sdk/System/Library/Frameworks/Ruby.framework/Versions/2.6/usr/include/ruby-2.6.0/ruby/ruby.h:1826:56: note: expanded from macro 'rb_intern'
 1826 |         __extension__ (RUBY_CONST_ID_CACHE((ID), (str))) : \
      |                                                        ^
Call.c:501:20: warning: '(' and '{' tokens introducing statement expression appear in different macro expansion contexts [-Wcompound-token-split-by-macro]
  501 |     id_to_native = rb_intern("to_native");
      |                    ^~~~~~~~~~~~~~~~~~~~~~
/Library/Developer/CommandLineTools/SDKs/MacOSX.sdk/System/Library/Frameworks/Ruby.framework/Versions/2.6/usr/include/ruby-2.6.0/ruby/ruby.h:1826:23: note: expanded from macro 'rb_intern'
 1826 |         __extension__ (RUBY_CONST_ID_CACHE((ID), (str))) : \
      |                       ^
Call.c:501:20: note: '{' token is here
  501 |     id_to_native = rb_intern("to_native");
      |                    ^~~~~~~~~~~~~~~~~~~~~~
/Library/Developer/CommandLineTools/SDKs/MacOSX.sdk/System/Library/Frameworks/Ruby.framework/Versions/2.6/usr/include/ruby-2.6.0/ruby/ruby.h:1826:24: note: expanded from macro 'rb_intern'
 1826 |         __extension__ (RUBY_CONST_ID_CACHE((ID), (str))) : \
      |                        ^~~~~~~~~~~~~~~~~~~~~~~~~~~~~~~~
/Library/Developer/CommandLineTools/SDKs/MacOSX.sdk/System/Library/Frameworks/Ruby.framework/Versions/2.6/usr/include/ruby-2.6.0/ruby/ruby.h:1811:5: note: expanded from macro 'RUBY_CONST_ID_CACHE'
 1811 |     {                                                   \
      |     ^
Call.c:501:20: warning: '}' and ')' tokens terminating statement expression appear in different macro expansion contexts [-Wcompound-token-split-by-macro]
  501 |     id_to_native = rb_intern("to_native");
      |                    ^~~~~~~~~~~~~~~~~~~~~~
/Library/Developer/CommandLineTools/SDKs/MacOSX.sdk/System/Library/Frameworks/Ruby.framework/Versions/2.6/usr/include/ruby-2.6.0/ruby/ruby.h:1826:24: note: expanded from macro 'rb_intern'
 1826 |         __extension__ (RUBY_CONST_ID_CACHE((ID), (str))) : \
      |                        ^~~~~~~~~~~~~~~~~~~~~~~~~~~~~~~~
/Library/Developer/CommandLineTools/SDKs/MacOSX.sdk/System/Library/Frameworks/Ruby.framework/Versions/2.6/usr/include/ruby-2.6.0/ruby/ruby.h:1816:5: note: expanded from macro 'RUBY_CONST_ID_CACHE'
 1816 |     }
      |     ^
Call.c:501:20: note: ')' token is here
  501 |     id_to_native = rb_intern("to_native");
      |                    ^~~~~~~~~~~~~~~~~~~~~~
/Library/Developer/CommandLineTools/SDKs/MacOSX.sdk/System/Library/Frameworks/Ruby.framework/Versions/2.6/usr/include/ruby-2.6.0/ruby/ruby.h:1826:56: note: expanded from macro 'rb_intern'
 1826 |         __extension__ (RUBY_CONST_ID_CACHE((ID), (str))) : \
      |                                                        ^
Call.c:502:21: warning: '(' and '{' tokens introducing statement expression appear in different macro expansion contexts [-Wcompound-token-split-by-macro]
  502 |     id_map_symbol = rb_intern("__map_symbol");
      |                     ^~~~~~~~~~~~~~~~~~~~~~~~~
/Library/Developer/CommandLineTools/SDKs/MacOSX.sdk/System/Library/Frameworks/Ruby.framework/Versions/2.6/usr/include/ruby-2.6.0/ruby/ruby.h:1826:23: note: expanded from macro 'rb_intern'
 1826 |         __extension__ (RUBY_CONST_ID_CACHE((ID), (str))) : \
      |                       ^
Call.c:502:21: note: '{' token is here
  502 |     id_map_symbol = rb_intern("__map_symbol");
      |                     ^~~~~~~~~~~~~~~~~~~~~~~~~
/Library/Developer/CommandLineTools/SDKs/MacOSX.sdk/System/Library/Frameworks/Ruby.framework/Versions/2.6/usr/include/ruby-2.6.0/ruby/ruby.h:1826:24: note: expanded from macro 'rb_intern'
 1826 |         __extension__ (RUBY_CONST_ID_CACHE((ID), (str))) : \
      |                        ^~~~~~~~~~~~~~~~~~~~~~~~~~~~~~~~
/Library/Developer/CommandLineTools/SDKs/MacOSX.sdk/System/Library/Frameworks/Ruby.framework/Versions/2.6/usr/include/ruby-2.6.0/ruby/ruby.h:1811:5: note: expanded from macro 'RUBY_CONST_ID_CACHE'
 1811 |     {                                                   \
      |     ^
Call.c:502:21: warning: '}' and ')' tokens terminating statement expression appear in different macro expansion contexts [-Wcompound-token-split-by-macro]
  502 |     id_map_symbol = rb_intern("__map_symbol");
      |                     ^~~~~~~~~~~~~~~~~~~~~~~~~
/Library/Developer/CommandLineTools/SDKs/MacOSX.sdk/System/Library/Frameworks/Ruby.framework/Versions/2.6/usr/include/ruby-2.6.0/ruby/ruby.h:1826:24: note: expanded from macro 'rb_intern'
 1826 |         __extension__ (RUBY_CONST_ID_CACHE((ID), (str))) : \
      |                        ^~~~~~~~~~~~~~~~~~~~~~~~~~~~~~~~
/Library/Developer/CommandLineTools/SDKs/MacOSX.sdk/System/Library/Frameworks/Ruby.framework/Versions/2.6/usr/include/ruby-2.6.0/ruby/ruby.h:1816:5: note: expanded from macro 'RUBY_CONST_ID_CACHE'
 1816 |     }
      |     ^
Call.c:502:21: note: ')' token is here
  502 |     id_map_symbol = rb_intern("__map_symbol");
      |                     ^~~~~~~~~~~~~~~~~~~~~~~~~
/Library/Developer/CommandLineTools/SDKs/MacOSX.sdk/System/Library/Frameworks/Ruby.framework/Versions/2.6/usr/include/ruby-2.6.0/ruby/ruby.h:1826:56: note: expanded from macro 'rb_intern'
 1826 |         __extension__ (RUBY_CONST_ID_CACHE((ID), (str))) : \
      |                                                        ^
6 warnings generated.
compiling ClosurePool.c
compiling DynamicLibrary.c
compiling Function.c
Function.c:239:29: warning: '(' and '{' tokens introducing statement expression appear in different macro expansion contexts [-Wcompound-token-split-by-macro]
  239 |     rb_funcall(ctx->thread, rb_intern("name="), 1, rb_str_new2("FFI Callback Dispatcher"));
      |                             ^~~~~~~~~~~~~~~~~~
/Library/Developer/CommandLineTools/SDKs/MacOSX.sdk/System/Library/Frameworks/Ruby.framework/Versions/2.6/usr/include/ruby-2.6.0/ruby/ruby.h:1826:23: note: expanded from macro 'rb_intern'
 1826 |         __extension__ (RUBY_CONST_ID_CACHE((ID), (str))) : \
      |                       ^
/Library/Developer/CommandLineTools/SDKs/MacOSX.sdk/System/Library/Frameworks/Ruby.framework/Versions/2.6/usr/include/ruby-2.6.0/ruby/ruby.h:2602:20: note: expanded from macro 'rb_funcall'
 2602 |         rb_funcallv(recv, mid, \
      |                           ^~~
Function.c:239:29: note: '{' token is here
  239 |     rb_funcall(ctx->thread, rb_intern("name="), 1, rb_str_new2("FFI Callback Dispatcher"));
      |                             ^~~~~~~~~~~~~~~~~~
/Library/Developer/CommandLineTools/SDKs/MacOSX.sdk/System/Library/Frameworks/Ruby.framework/Versions/2.6/usr/include/ruby-2.6.0/ruby/ruby.h:1826:24: note: expanded from macro 'rb_intern'
 1826 |         __extension__ (RUBY_CONST_ID_CACHE((ID), (str))) : \
      |                        ^~~~~~~~~~~~~~~~~~~~~~~~~~~~~~~~
/Library/Developer/CommandLineTools/SDKs/MacOSX.sdk/System/Library/Frameworks/Ruby.framework/Versions/2.6/usr/include/ruby-2.6.0/ruby/ruby.h:1811:5: note: expanded from macro 'RUBY_CONST_ID_CACHE'
 1811 |     {                                                   \
      |     ^
/Library/Developer/CommandLineTools/SDKs/MacOSX.sdk/System/Library/Frameworks/Ruby.framework/Versions/2.6/usr/include/ruby-2.6.0/ruby/ruby.h:2602:20: note: expanded from macro 'rb_funcall'
 2602 |         rb_funcallv(recv, mid, \
      |                           ^~~
Function.c:239:29: warning: '}' and ')' tokens terminating statement expression appear in different macro expansion contexts [-Wcompound-token-split-by-macro]
  239 |     rb_funcall(ctx->thread, rb_intern("name="), 1, rb_str_new2("FFI Callback Dispatcher"));
      |                             ^~~~~~~~~~~~~~~~~~
/Library/Developer/CommandLineTools/SDKs/MacOSX.sdk/System/Library/Frameworks/Ruby.framework/Versions/2.6/usr/include/ruby-2.6.0/ruby/ruby.h:1826:24: note: expanded from macro 'rb_intern'
 1826 |         __extension__ (RUBY_CONST_ID_CACHE((ID), (str))) : \
      |                        ^~~~~~~~~~~~~~~~~~~~~~~~~~~~~~~~
/Library/Developer/CommandLineTools/SDKs/MacOSX.sdk/System/Library/Frameworks/Ruby.framework/Versions/2.6/usr/include/ruby-2.6.0/ruby/ruby.h:1816:5: note: expanded from macro 'RUBY_CONST_ID_CACHE'
 1816 |     }
      |     ^
/Library/Developer/CommandLineTools/SDKs/MacOSX.sdk/System/Library/Frameworks/Ruby.framework/Versions/2.6/usr/include/ruby-2.6.0/ruby/ruby.h:2602:20: note: expanded from macro 'rb_funcall'
 2602 |         rb_funcallv(recv, mid, \
      |                           ^~~
Function.c:239:29: note: ')' token is here
  239 |     rb_funcall(ctx->thread, rb_intern("name="), 1, rb_str_new2("FFI Callback Dispatcher"));
      |                             ^~~~~~~~~~~~~~~~~~
/Library/Developer/CommandLineTools/SDKs/MacOSX.sdk/System/Library/Frameworks/Ruby.framework/Versions/2.6/usr/include/ruby-2.6.0/ruby/ruby.h:1826:56: note: expanded from macro 'rb_intern'
 1826 |         __extension__ (RUBY_CONST_ID_CACHE((ID), (str))) : \
      |                                                        ^
/Library/Developer/CommandLineTools/SDKs/MacOSX.sdk/System/Library/Frameworks/Ruby.framework/Versions/2.6/usr/include/ruby-2.6.0/ruby/ruby.h:2602:20: note: expanded from macro 'rb_funcall'
 2602 |         rb_funcallv(recv, mid, \
      |                           ^~~
Function.c:241:73: warning: '(' and '{' tokens introducing statement expression appear in different macro expansion contexts [-Wcompound-token-split-by-macro]
  241 |     rb_funcall(ctx->thread, rb_intern("thread_variable_set"), 2, ID2SYM(rb_intern("fork_safe")), Qtrue);
      |                                                                         ^~~~~~~~~~~~~~~~~~~~~~
/Library/Developer/CommandLineTools/SDKs/MacOSX.sdk/System/Library/Frameworks/Ruby.framework/Versions/2.6/usr/include/ruby-2.6.0/ruby/ruby.h:1826:23: note: expanded from macro 'rb_intern'
 1826 |         __extension__ (RUBY_CONST_ID_CACHE((ID), (str))) : \
      |                       ^
/Library/Developer/CommandLineTools/SDKs/MacOSX.sdk/System/Library/Frameworks/Ruby.framework/Versions/2.6/usr/include/ruby-2.6.0/ruby/ruby.h:413:29: note: expanded from macro 'ID2SYM'
  413 | #define ID2SYM(x) RB_ID2SYM(x)
      |                             ^
/Library/Developer/CommandLineTools/SDKs/MacOSX.sdk/System/Library/Frameworks/Ruby.framework/Versions/2.6/usr/include/ruby-2.6.0/ruby/ruby.h:408:33: note: expanded from macro 'RB_ID2SYM'
  408 | #define RB_ID2SYM(x) (rb_id2sym(x))
      |                                 ^
/Library/Developer/CommandLineTools/SDKs/MacOSX.sdk/System/Library/Frameworks/Ruby.framework/Versions/2.6/usr/include/ruby-2.6.0/ruby/ruby.h:2599:35: note: expanded from macro 'rb_funcall'
 2599 |         const VALUE rb_funcall_args[] = {__VA_ARGS__}; \
      |                                          ^~~~~~~~~~~
Function.c:241:73: note: '{' token is here
  241 |     rb_funcall(ctx->thread, rb_intern("thread_variable_set"), 2, ID2SYM(rb_intern("fork_safe")), Qtrue);
      |                                                                         ^~~~~~~~~~~~~~~~~~~~~~
/Library/Developer/CommandLineTools/SDKs/MacOSX.sdk/System/Library/Frameworks/Ruby.framework/Versions/2.6/usr/include/ruby-2.6.0/ruby/ruby.h:1826:24: note: expanded from macro 'rb_intern'
 1826 |         __extension__ (RUBY_CONST_ID_CACHE((ID), (str))) : \
      |                        ^~~~~~~~~~~~~~~~~~~~~~~~~~~~~~~~
/Library/Developer/CommandLineTools/SDKs/MacOSX.sdk/System/Library/Frameworks/Ruby.framework/Versions/2.6/usr/include/ruby-2.6.0/ruby/ruby.h:1811:5: note: expanded from macro 'RUBY_CONST_ID_CACHE'
 1811 |     {                                                   \
      |     ^
/Library/Developer/CommandLineTools/SDKs/MacOSX.sdk/System/Library/Frameworks/Ruby.framework/Versions/2.6/usr/include/ruby-2.6.0/ruby/ruby.h:413:29: note: expanded from macro 'ID2SYM'
  413 | #define ID2SYM(x) RB_ID2SYM(x)
      |                             ^
/Library/Developer/CommandLineTools/SDKs/MacOSX.sdk/System/Library/Frameworks/Ruby.framework/Versions/2.6/usr/include/ruby-2.6.0/ruby/ruby.h:408:33: note: expanded from macro 'RB_ID2SYM'
  408 | #define RB_ID2SYM(x) (rb_id2sym(x))
      |                                 ^
/Library/Developer/CommandLineTools/SDKs/MacOSX.sdk/System/Library/Frameworks/Ruby.framework/Versions/2.6/usr/include/ruby-2.6.0/ruby/ruby.h:2599:35: note: expanded from macro 'rb_funcall'
 2599 |         const VALUE rb_funcall_args[] = {__VA_ARGS__}; \
      |                                          ^~~~~~~~~~~
Function.c:241:73: warning: '}' and ')' tokens terminating statement expression appear in different macro expansion contexts [-Wcompound-token-split-by-macro]
  241 |     rb_funcall(ctx->thread, rb_intern("thread_variable_set"), 2, ID2SYM(rb_intern("fork_safe")), Qtrue);
      |                                                                         ^~~~~~~~~~~~~~~~~~~~~~
/Library/Developer/CommandLineTools/SDKs/MacOSX.sdk/System/Library/Frameworks/Ruby.framework/Versions/2.6/usr/include/ruby-2.6.0/ruby/ruby.h:1826:24: note: expanded from macro 'rb_intern'
 1826 |         __extension__ (RUBY_CONST_ID_CACHE((ID), (str))) : \
      |                        ^~~~~~~~~~~~~~~~~~~~~~~~~~~~~~~~
/Library/Developer/CommandLineTools/SDKs/MacOSX.sdk/System/Library/Frameworks/Ruby.framework/Versions/2.6/usr/include/ruby-2.6.0/ruby/ruby.h:1816:5: note: expanded from macro 'RUBY_CONST_ID_CACHE'
 1816 |     }
      |     ^
/Library/Developer/CommandLineTools/SDKs/MacOSX.sdk/System/Library/Frameworks/Ruby.framework/Versions/2.6/usr/include/ruby-2.6.0/ruby/ruby.h:413:29: note: expanded from macro 'ID2SYM'
  413 | #define ID2SYM(x) RB_ID2SYM(x)
      |                             ^
/Library/Developer/CommandLineTools/SDKs/MacOSX.sdk/System/Library/Frameworks/Ruby.framework/Versions/2.6/usr/include/ruby-2.6.0/ruby/ruby.h:408:33: note: expanded from macro 'RB_ID2SYM'
  408 | #define RB_ID2SYM(x) (rb_id2sym(x))
      |                                 ^
/Library/Developer/CommandLineTools/SDKs/MacOSX.sdk/System/Library/Frameworks/Ruby.framework/Versions/2.6/usr/include/ruby-2.6.0/ruby/ruby.h:2599:35: note: expanded from macro 'rb_funcall'
 2599 |         const VALUE rb_funcall_args[] = {__VA_ARGS__}; \
      |                                          ^~~~~~~~~~~
Function.c:241:73: note: ')' token is here
  241 |     rb_funcall(ctx->thread, rb_intern("thread_variable_set"), 2, ID2SYM(rb_intern("fork_safe")), Qtrue);
      |                                                                         ^~~~~~~~~~~~~~~~~~~~~~
/Library/Developer/CommandLineTools/SDKs/MacOSX.sdk/System/Library/Frameworks/Ruby.framework/Versions/2.6/usr/include/ruby-2.6.0/ruby/ruby.h:1826:56: note: expanded from macro 'rb_intern'
 1826 |         __extension__ (RUBY_CONST_ID_CACHE((ID), (str))) : \
      |                                                        ^
/Library/Developer/CommandLineTools/SDKs/MacOSX.sdk/System/Library/Frameworks/Ruby.framework/Versions/2.6/usr/include/ruby-2.6.0/ruby/ruby.h:413:29: note: expanded from macro 'ID2SYM'
  413 | #define ID2SYM(x) RB_ID2SYM(x)
      |                             ^
/Library/Developer/CommandLineTools/SDKs/MacOSX.sdk/System/Library/Frameworks/Ruby.framework/Versions/2.6/usr/include/ruby-2.6.0/ruby/ruby.h:408:33: note: expanded from macro 'RB_ID2SYM'
  408 | #define RB_ID2SYM(x) (rb_id2sym(x))
      |                                 ^
/Library/Developer/CommandLineTools/SDKs/MacOSX.sdk/System/Library/Frameworks/Ruby.framework/Versions/2.6/usr/include/ruby-2.6.0/ruby/ruby.h:2599:35: note: expanded from macro 'rb_funcall'
 2599 |         const VALUE rb_funcall_args[] = {__VA_ARGS__}; \
      |                                          ^~~~~~~~~~~
Function.c:241:29: warning: '(' and '{' tokens introducing statement expression appear in different macro expansion contexts [-Wcompound-token-split-by-macro]
  241 |     rb_funcall(ctx->thread, rb_intern("thread_variable_set"), 2, ID2SYM(rb_intern("fork_safe")), Qtrue);
      |                             ^~~~~~~~~~~~~~~~~~~~~~~~~~~~~~~~
/Library/Developer/CommandLineTools/SDKs/MacOSX.sdk/System/Library/Frameworks/Ruby.framework/Versions/2.6/usr/include/ruby-2.6.0/ruby/ruby.h:1826:23: note: expanded from macro 'rb_intern'
 1826 |         __extension__ (RUBY_CONST_ID_CACHE((ID), (str))) : \
      |                       ^
/Library/Developer/CommandLineTools/SDKs/MacOSX.sdk/System/Library/Frameworks/Ruby.framework/Versions/2.6/usr/include/ruby-2.6.0/ruby/ruby.h:2602:20: note: expanded from macro 'rb_funcall'
 2602 |         rb_funcallv(recv, mid, \
      |                           ^~~
Function.c:241:29: note: '{' token is here
  241 |     rb_funcall(ctx->thread, rb_intern("thread_variable_set"), 2, ID2SYM(rb_intern("fork_safe")), Qtrue);
      |                             ^~~~~~~~~~~~~~~~~~~~~~~~~~~~~~~~
/Library/Developer/CommandLineTools/SDKs/MacOSX.sdk/System/Library/Frameworks/Ruby.framework/Versions/2.6/usr/include/ruby-2.6.0/ruby/ruby.h:1826:24: note: expanded from macro 'rb_intern'
 1826 |         __extension__ (RUBY_CONST_ID_CACHE((ID), (str))) : \
      |                        ^~~~~~~~~~~~~~~~~~~~~~~~~~~~~~~~
/Library/Developer/CommandLineTools/SDKs/MacOSX.sdk/System/Library/Frameworks/Ruby.framework/Versions/2.6/usr/include/ruby-2.6.0/ruby/ruby.h:1811:5: note: expanded from macro 'RUBY_CONST_ID_CACHE'
 1811 |     {                                                   \
      |     ^
/Library/Developer/CommandLineTools/SDKs/MacOSX.sdk/System/Library/Frameworks/Ruby.framework/Versions/2.6/usr/include/ruby-2.6.0/ruby/ruby.h:2602:20: note: expanded from macro 'rb_funcall'
 2602 |         rb_funcallv(recv, mid, \
      |                           ^~~
Function.c:241:29: warning: '}' and ')' tokens terminating statement expression appear in different macro expansion contexts [-Wcompound-token-split-by-macro]
  241 |     rb_funcall(ctx->thread, rb_intern("thread_variable_set"), 2, ID2SYM(rb_intern("fork_safe")), Qtrue);
      |                             ^~~~~~~~~~~~~~~~~~~~~~~~~~~~~~~~
/Library/Developer/CommandLineTools/SDKs/MacOSX.sdk/System/Library/Frameworks/Ruby.framework/Versions/2.6/usr/include/ruby-2.6.0/ruby/ruby.h:1826:24: note: expanded from macro 'rb_intern'
 1826 |         __extension__ (RUBY_CONST_ID_CACHE((ID), (str))) : \
      |                        ^~~~~~~~~~~~~~~~~~~~~~~~~~~~~~~~
/Library/Developer/CommandLineTools/SDKs/MacOSX.sdk/System/Library/Frameworks/Ruby.framework/Versions/2.6/usr/include/ruby-2.6.0/ruby/ruby.h:1816:5: note: expanded from macro 'RUBY_CONST_ID_CACHE'
 1816 |     }
      |     ^
/Library/Developer/CommandLineTools/SDKs/MacOSX.sdk/System/Library/Frameworks/Ruby.framework/Versions/2.6/usr/include/ruby-2.6.0/ruby/ruby.h:2602:20: note: expanded from macro 'rb_funcall'
 2602 |         rb_funcallv(recv, mid, \
      |                           ^~~
Function.c:241:29: note: ')' token is here
  241 |     rb_funcall(ctx->thread, rb_intern("thread_variable_set"), 2, ID2SYM(rb_intern("fork_safe")), Qtrue);
      |                             ^~~~~~~~~~~~~~~~~~~~~~~~~~~~~~~~
/Library/Developer/CommandLineTools/SDKs/MacOSX.sdk/System/Library/Frameworks/Ruby.framework/Versions/2.6/usr/include/ruby-2.6.0/ruby/ruby.h:1826:56: note: expanded from macro 'rb_intern'
 1826 |         __extension__ (RUBY_CONST_ID_CACHE((ID), (str))) : \
      |                                                        ^
/Library/Developer/CommandLineTools/SDKs/MacOSX.sdk/System/Library/Frameworks/Ruby.framework/Versions/2.6/usr/include/ruby-2.6.0/ruby/ruby.h:2602:20: note: expanded from macro 'rb_funcall'
 2602 |         rb_funcallv(recv, mid, \
      |                           ^~~
Function.c:696:36: warning: '(' and '{' tokens introducing statement expression appear in different macro expansion contexts [-Wcompound-token-split-by-macro]
  696 |             rb_funcall(new_thread, rb_intern("name="), 1, rb_str_new2("FFI Callback Runner"));
      |                                    ^~~~~~~~~~~~~~~~~~
/Library/Developer/CommandLineTools/SDKs/MacOSX.sdk/System/Library/Frameworks/Ruby.framework/Versions/2.6/usr/include/ruby-2.6.0/ruby/ruby.h:1826:23: note: expanded from macro 'rb_intern'
 1826 |         __extension__ (RUBY_CONST_ID_CACHE((ID), (str))) : \
      |                       ^
/Library/Developer/CommandLineTools/SDKs/MacOSX.sdk/System/Library/Frameworks/Ruby.framework/Versions/2.6/usr/include/ruby-2.6.0/ruby/ruby.h:2602:20: note: expanded from macro 'rb_funcall'
 2602 |         rb_funcallv(recv, mid, \
      |                           ^~~
Function.c:696:36: note: '{' token is here
  696 |             rb_funcall(new_thread, rb_intern("name="), 1, rb_str_new2("FFI Callback Runner"));
      |                                    ^~~~~~~~~~~~~~~~~~
/Library/Developer/CommandLineTools/SDKs/MacOSX.sdk/System/Library/Frameworks/Ruby.framework/Versions/2.6/usr/include/ruby-2.6.0/ruby/ruby.h:1826:24: note: expanded from macro 'rb_intern'
 1826 |         __extension__ (RUBY_CONST_ID_CACHE((ID), (str))) : \
      |                        ^~~~~~~~~~~~~~~~~~~~~~~~~~~~~~~~
/Library/Developer/CommandLineTools/SDKs/MacOSX.sdk/System/Library/Frameworks/Ruby.framework/Versions/2.6/usr/include/ruby-2.6.0/ruby/ruby.h:1811:5: note: expanded from macro 'RUBY_CONST_ID_CACHE'
 1811 |     {                                                   \
      |     ^
/Library/Developer/CommandLineTools/SDKs/MacOSX.sdk/System/Library/Frameworks/Ruby.framework/Versions/2.6/usr/include/ruby-2.6.0/ruby/ruby.h:2602:20: note: expanded from macro 'rb_funcall'
 2602 |         rb_funcallv(recv, mid, \
      |                           ^~~
Function.c:696:36: warning: '}' and ')' tokens terminating statement expression appear in different macro expansion contexts [-Wcompound-token-split-by-macro]
  696 |             rb_funcall(new_thread, rb_intern("name="), 1, rb_str_new2("FFI Callback Runner"));
      |                                    ^~~~~~~~~~~~~~~~~~
/Library/Developer/CommandLineTools/SDKs/MacOSX.sdk/System/Library/Frameworks/Ruby.framework/Versions/2.6/usr/include/ruby-2.6.0/ruby/ruby.h:1826:24: note: expanded from macro 'rb_intern'
 1826 |         __extension__ (RUBY_CONST_ID_CACHE((ID), (str))) : \
      |                        ^~~~~~~~~~~~~~~~~~~~~~~~~~~~~~~~
/Library/Developer/CommandLineTools/SDKs/MacOSX.sdk/System/Library/Frameworks/Ruby.framework/Versions/2.6/usr/include/ruby-2.6.0/ruby/ruby.h:1816:5: note: expanded from macro 'RUBY_CONST_ID_CACHE'
 1816 |     }
      |     ^
/Library/Developer/CommandLineTools/SDKs/MacOSX.sdk/System/Library/Frameworks/Ruby.framework/Versions/2.6/usr/include/ruby-2.6.0/ruby/ruby.h:2602:20: note: expanded from macro 'rb_funcall'
 2602 |         rb_funcallv(recv, mid, \
      |                           ^~~
Function.c:696:36: note: ')' token is here
  696 |             rb_funcall(new_thread, rb_intern("name="), 1, rb_str_new2("FFI Callback Runner"));
      |                                    ^~~~~~~~~~~~~~~~~~
/Library/Developer/CommandLineTools/SDKs/MacOSX.sdk/System/Library/Frameworks/Ruby.framework/Versions/2.6/usr/include/ruby-2.6.0/ruby/ruby.h:1826:56: note: expanded from macro 'rb_intern'
 1826 |         __extension__ (RUBY_CONST_ID_CACHE((ID), (str))) : \
      |                                                        ^
/Library/Developer/CommandLineTools/SDKs/MacOSX.sdk/System/Library/Frameworks/Ruby.framework/Versions/2.6/usr/include/ruby-2.6.0/ruby/ruby.h:2602:20: note: expanded from macro 'rb_funcall'
 2602 |         rb_funcallv(recv, mid, \
      |                           ^~~
Function.c:1070:15: warning: '(' and '{' tokens introducing statement expression appear in different macro expansion contexts [-Wcompound-token-split-by-macro]
 1070 |     id_call = rb_intern("call");
      |               ^~~~~~~~~~~~~~~~~
/Library/Developer/CommandLineTools/SDKs/MacOSX.sdk/System/Library/Frameworks/Ruby.framework/Versions/2.6/usr/include/ruby-2.6.0/ruby/ruby.h:1826:23: note: expanded from macro 'rb_intern'
 1826 |         __extension__ (RUBY_CONST_ID_CACHE((ID), (str))) : \
      |                       ^
Function.c:1070:15: note: '{' token is here
 1070 |     id_call = rb_intern("call");
      |               ^~~~~~~~~~~~~~~~~
/Library/Developer/CommandLineTools/SDKs/MacOSX.sdk/System/Library/Frameworks/Ruby.framework/Versions/2.6/usr/include/ruby-2.6.0/ruby/ruby.h:1826:24: note: expanded from macro 'rb_intern'
 1826 |         __extension__ (RUBY_CONST_ID_CACHE((ID), (str))) : \
      |                        ^~~~~~~~~~~~~~~~~~~~~~~~~~~~~~~~
/Library/Developer/CommandLineTools/SDKs/MacOSX.sdk/System/Library/Frameworks/Ruby.framework/Versions/2.6/usr/include/ruby-2.6.0/ruby/ruby.h:1811:5: note: expanded from macro 'RUBY_CONST_ID_CACHE'
 1811 |     {                                                   \
      |     ^
Function.c:1070:15: warning: '}' and ')' tokens terminating statement expression appear in different macro expansion contexts [-Wcompound-token-split-by-macro]
 1070 |     id_call = rb_intern("call");
      |               ^~~~~~~~~~~~~~~~~
/Library/Developer/CommandLineTools/SDKs/MacOSX.sdk/System/Library/Frameworks/Ruby.framework/Versions/2.6/usr/include/ruby-2.6.0/ruby/ruby.h:1826:24: note: expanded from macro 'rb_intern'
 1826 |         __extension__ (RUBY_CONST_ID_CACHE((ID), (str))) : \
      |                        ^~~~~~~~~~~~~~~~~~~~~~~~~~~~~~~~
/Library/Developer/CommandLineTools/SDKs/MacOSX.sdk/System/Library/Frameworks/Ruby.framework/Versions/2.6/usr/include/ruby-2.6.0/ruby/ruby.h:1816:5: note: expanded from macro 'RUBY_CONST_ID_CACHE'
 1816 |     }
      |     ^
Function.c:1070:15: note: ')' token is here
 1070 |     id_call = rb_intern("call");
      |               ^~~~~~~~~~~~~~~~~
/Library/Developer/CommandLineTools/SDKs/MacOSX.sdk/System/Library/Frameworks/Ruby.framework/Versions/2.6/usr/include/ruby-2.6.0/ruby/ruby.h:1826:56: note: expanded from macro 'rb_intern'
 1826 |         __extension__ (RUBY_CONST_ID_CACHE((ID), (str))) : \
      |                                                        ^
Function.c:1071:18: warning: '(' and '{' tokens introducing statement expression appear in different macro expansion contexts [-Wcompound-token-split-by-macro]
 1071 |     id_cbtable = rb_intern("@__ffi_callback_table__");
      |                  ^~~~~~~~~~~~~~~~~~~~~~~~~~~~~~~~~~~~
/Library/Developer/CommandLineTools/SDKs/MacOSX.sdk/System/Library/Frameworks/Ruby.framework/Versions/2.6/usr/include/ruby-2.6.0/ruby/ruby.h:1826:23: note: expanded from macro 'rb_intern'
 1826 |         __extension__ (RUBY_CONST_ID_CACHE((ID), (str))) : \
      |                       ^
Function.c:1071:18: note: '{' token is here
 1071 |     id_cbtable = rb_intern("@__ffi_callback_table__");
      |                  ^~~~~~~~~~~~~~~~~~~~~~~~~~~~~~~~~~~~
/Library/Developer/CommandLineTools/SDKs/MacOSX.sdk/System/Library/Frameworks/Ruby.framework/Versions/2.6/usr/include/ruby-2.6.0/ruby/ruby.h:1826:24: note: expanded from macro 'rb_intern'
 1826 |         __extension__ (RUBY_CONST_ID_CACHE((ID), (str))) : \
      |                        ^~~~~~~~~~~~~~~~~~~~~~~~~~~~~~~~
/Library/Developer/CommandLineTools/SDKs/MacOSX.sdk/System/Library/Frameworks/Ruby.framework/Versions/2.6/usr/include/ruby-2.6.0/ruby/ruby.h:1811:5: note: expanded from macro 'RUBY_CONST_ID_CACHE'
 1811 |     {                                                   \
      |     ^
Function.c:1071:18: warning: '}' and ')' tokens terminating statement expression appear in different macro expansion contexts [-Wcompound-token-split-by-macro]
 1071 |     id_cbtable = rb_intern("@__ffi_callback_table__");
      |                  ^~~~~~~~~~~~~~~~~~~~~~~~~~~~~~~~~~~~
/Library/Developer/CommandLineTools/SDKs/MacOSX.sdk/System/Library/Frameworks/Ruby.framework/Versions/2.6/usr/include/ruby-2.6.0/ruby/ruby.h:1826:24: note: expanded from macro 'rb_intern'
 1826 |         __extension__ (RUBY_CONST_ID_CACHE((ID), (str))) : \
      |                        ^~~~~~~~~~~~~~~~~~~~~~~~~~~~~~~~
/Library/Developer/CommandLineTools/SDKs/MacOSX.sdk/System/Library/Frameworks/Ruby.framework/Versions/2.6/usr/include/ruby-2.6.0/ruby/ruby.h:1816:5: note: expanded from macro 'RUBY_CONST_ID_CACHE'
 1816 |     }
      |     ^
Function.c:1071:18: note: ')' token is here
 1071 |     id_cbtable = rb_intern("@__ffi_callback_table__");
      |                  ^~~~~~~~~~~~~~~~~~~~~~~~~~~~~~~~~~~~
/Library/Developer/CommandLineTools/SDKs/MacOSX.sdk/System/Library/Frameworks/Ruby.framework/Versions/2.6/usr/include/ruby-2.6.0/ruby/ruby.h:1826:56: note: expanded from macro 'rb_intern'
 1826 |         __extension__ (RUBY_CONST_ID_CACHE((ID), (str))) : \
      |                                                        ^
Function.c:1072:17: warning: '(' and '{' tokens introducing statement expression appear in different macro expansion contexts [-Wcompound-token-split-by-macro]
 1072 |     id_cb_ref = rb_intern("@__ffi_callback__");
      |                 ^~~~~~~~~~~~~~~~~~~~~~~~~~~~~~
/Library/Developer/CommandLineTools/SDKs/MacOSX.sdk/System/Library/Frameworks/Ruby.framework/Versions/2.6/usr/include/ruby-2.6.0/ruby/ruby.h:1826:23: note: expanded from macro 'rb_intern'
 1826 |         __extension__ (RUBY_CONST_ID_CACHE((ID), (str))) : \
      |                       ^
Function.c:1072:17: note: '{' token is here
 1072 |     id_cb_ref = rb_intern("@__ffi_callback__");
      |                 ^~~~~~~~~~~~~~~~~~~~~~~~~~~~~~
/Library/Developer/CommandLineTools/SDKs/MacOSX.sdk/System/Library/Frameworks/Ruby.framework/Versions/2.6/usr/include/ruby-2.6.0/ruby/ruby.h:1826:24: note: expanded from macro 'rb_intern'
 1826 |         __extension__ (RUBY_CONST_ID_CACHE((ID), (str))) : \
      |                        ^~~~~~~~~~~~~~~~~~~~~~~~~~~~~~~~
/Library/Developer/CommandLineTools/SDKs/MacOSX.sdk/System/Library/Frameworks/Ruby.framework/Versions/2.6/usr/include/ruby-2.6.0/ruby/ruby.h:1811:5: note: expanded from macro 'RUBY_CONST_ID_CACHE'
 1811 |     {                                                   \
      |     ^
Function.c:1072:17: warning: '}' and ')' tokens terminating statement expression appear in different macro expansion contexts [-Wcompound-token-split-by-macro]
 1072 |     id_cb_ref = rb_intern("@__ffi_callback__");
      |                 ^~~~~~~~~~~~~~~~~~~~~~~~~~~~~~
/Library/Developer/CommandLineTools/SDKs/MacOSX.sdk/System/Library/Frameworks/Ruby.framework/Versions/2.6/usr/include/ruby-2.6.0/ruby/ruby.h:1826:24: note: expanded from macro 'rb_intern'
 1826 |         __extension__ (RUBY_CONST_ID_CACHE((ID), (str))) : \
      |                        ^~~~~~~~~~~~~~~~~~~~~~~~~~~~~~~~
/Library/Developer/CommandLineTools/SDKs/MacOSX.sdk/System/Library/Frameworks/Ruby.framework/Versions/2.6/usr/include/ruby-2.6.0/ruby/ruby.h:1816:5: note: expanded from macro 'RUBY_CONST_ID_CACHE'
 1816 |     }
      |     ^
Function.c:1072:17: note: ')' token is here
 1072 |     id_cb_ref = rb_intern("@__ffi_callback__");
      |                 ^~~~~~~~~~~~~~~~~~~~~~~~~~~~~~
/Library/Developer/CommandLineTools/SDKs/MacOSX.sdk/System/Library/Frameworks/Ruby.framework/Versions/2.6/usr/include/ruby-2.6.0/ruby/ruby.h:1826:56: note: expanded from macro 'rb_intern'
 1826 |         __extension__ (RUBY_CONST_ID_CACHE((ID), (str))) : \
      |                                                        ^
Function.c:1073:20: warning: '(' and '{' tokens introducing statement expression appear in different macro expansion contexts [-Wcompound-token-split-by-macro]
 1073 |     id_to_native = rb_intern("to_native");
      |                    ^~~~~~~~~~~~~~~~~~~~~~
/Library/Developer/CommandLineTools/SDKs/MacOSX.sdk/System/Library/Frameworks/Ruby.framework/Versions/2.6/usr/include/ruby-2.6.0/ruby/ruby.h:1826:23: note: expanded from macro 'rb_intern'
 1826 |         __extension__ (RUBY_CONST_ID_CACHE((ID), (str))) : \
      |                       ^
Function.c:1073:20: note: '{' token is here
 1073 |     id_to_native = rb_intern("to_native");
      |                    ^~~~~~~~~~~~~~~~~~~~~~
/Library/Developer/CommandLineTools/SDKs/MacOSX.sdk/System/Library/Frameworks/Ruby.framework/Versions/2.6/usr/include/ruby-2.6.0/ruby/ruby.h:1826:24: note: expanded from macro 'rb_intern'
 1826 |         __extension__ (RUBY_CONST_ID_CACHE((ID), (str))) : \
      |                        ^~~~~~~~~~~~~~~~~~~~~~~~~~~~~~~~
/Library/Developer/CommandLineTools/SDKs/MacOSX.sdk/System/Library/Frameworks/Ruby.framework/Versions/2.6/usr/include/ruby-2.6.0/ruby/ruby.h:1811:5: note: expanded from macro 'RUBY_CONST_ID_CACHE'
 1811 |     {                                                   \
      |     ^
Function.c:1073:20: warning: '}' and ')' tokens terminating statement expression appear in different macro expansion contexts [-Wcompound-token-split-by-macro]
 1073 |     id_to_native = rb_intern("to_native");
      |                    ^~~~~~~~~~~~~~~~~~~~~~
/Library/Developer/CommandLineTools/SDKs/MacOSX.sdk/System/Library/Frameworks/Ruby.framework/Versions/2.6/usr/include/ruby-2.6.0/ruby/ruby.h:1826:24: note: expanded from macro 'rb_intern'
 1826 |         __extension__ (RUBY_CONST_ID_CACHE((ID), (str))) : \
      |                        ^~~~~~~~~~~~~~~~~~~~~~~~~~~~~~~~
/Library/Developer/CommandLineTools/SDKs/MacOSX.sdk/System/Library/Frameworks/Ruby.framework/Versions/2.6/usr/include/ruby-2.6.0/ruby/ruby.h:1816:5: note: expanded from macro 'RUBY_CONST_ID_CACHE'
 1816 |     }
      |     ^
Function.c:1073:20: note: ')' token is here
 1073 |     id_to_native = rb_intern("to_native");
      |                    ^~~~~~~~~~~~~~~~~~~~~~
/Library/Developer/CommandLineTools/SDKs/MacOSX.sdk/System/Library/Frameworks/Ruby.framework/Versions/2.6/usr/include/ruby-2.6.0/ruby/ruby.h:1826:56: note: expanded from macro 'rb_intern'
 1826 |         __extension__ (RUBY_CONST_ID_CACHE((ID), (str))) : \
      |                                                        ^
Function.c:1074:22: warning: '(' and '{' tokens introducing statement expression appear in different macro expansion contexts [-Wcompound-token-split-by-macro]
 1074 |     id_from_native = rb_intern("from_native");
      |                      ^~~~~~~~~~~~~~~~~~~~~~~~
/Library/Developer/CommandLineTools/SDKs/MacOSX.sdk/System/Library/Frameworks/Ruby.framework/Versions/2.6/usr/include/ruby-2.6.0/ruby/ruby.h:1826:23: note: expanded from macro 'rb_intern'
 1826 |         __extension__ (RUBY_CONST_ID_CACHE((ID), (str))) : \
      |                       ^
Function.c:1074:22: note: '{' token is here
 1074 |     id_from_native = rb_intern("from_native");
      |                      ^~~~~~~~~~~~~~~~~~~~~~~~
/Library/Developer/CommandLineTools/SDKs/MacOSX.sdk/System/Library/Frameworks/Ruby.framework/Versions/2.6/usr/include/ruby-2.6.0/ruby/ruby.h:1826:24: note: expanded from macro 'rb_intern'
 1826 |         __extension__ (RUBY_CONST_ID_CACHE((ID), (str))) : \
      |                        ^~~~~~~~~~~~~~~~~~~~~~~~~~~~~~~~
/Library/Developer/CommandLineTools/SDKs/MacOSX.sdk/System/Library/Frameworks/Ruby.framework/Versions/2.6/usr/include/ruby-2.6.0/ruby/ruby.h:1811:5: note: expanded from macro 'RUBY_CONST_ID_CACHE'
 1811 |     {                                                   \
      |     ^
Function.c:1074:22: warning: '}' and ')' tokens terminating statement expression appear in different macro expansion contexts [-Wcompound-token-split-by-macro]
 1074 |     id_from_native = rb_intern("from_native");
      |                      ^~~~~~~~~~~~~~~~~~~~~~~~
/Library/Developer/CommandLineTools/SDKs/MacOSX.sdk/System/Library/Frameworks/Ruby.framework/Versions/2.6/usr/include/ruby-2.6.0/ruby/ruby.h:1826:24: note: expanded from macro 'rb_intern'
 1826 |         __extension__ (RUBY_CONST_ID_CACHE((ID), (str))) : \
      |                        ^~~~~~~~~~~~~~~~~~~~~~~~~~~~~~~~
/Library/Developer/CommandLineTools/SDKs/MacOSX.sdk/System/Library/Frameworks/Ruby.framework/Versions/2.6/usr/include/ruby-2.6.0/ruby/ruby.h:1816:5: note: expanded from macro 'RUBY_CONST_ID_CACHE'
 1816 |     }
      |     ^
Function.c:1074:22: note: ')' token is here
 1074 |     id_from_native = rb_intern("from_native");
      |                      ^~~~~~~~~~~~~~~~~~~~~~~~
/Library/Developer/CommandLineTools/SDKs/MacOSX.sdk/System/Library/Frameworks/Ruby.framework/Versions/2.6/usr/include/ruby-2.6.0/ruby/ruby.h:1826:56: note: expanded from macro 'rb_intern'
 1826 |         __extension__ (RUBY_CONST_ID_CACHE((ID), (str))) : \
      |                                                        ^
18 warnings generated.
compiling FunctionInfo.c
FunctionInfo.c:178:55: warning: '(' and '{' tokens introducing statement expression appear in different macro expansion contexts [-Wcompound-token-split-by-macro]
  178 |         rbConvention = rb_hash_aref(rbOptions, ID2SYM(rb_intern("convention")));
      |                                                       ^~~~~~~~~~~~~~~~~~~~~~~
/Library/Developer/CommandLineTools/SDKs/MacOSX.sdk/System/Library/Frameworks/Ruby.framework/Versions/2.6/usr/include/ruby-2.6.0/ruby/ruby.h:1826:23: note: expanded from macro 'rb_intern'
 1826 |         __extension__ (RUBY_CONST_ID_CACHE((ID), (str))) : \
      |                       ^
/Library/Developer/CommandLineTools/SDKs/MacOSX.sdk/System/Library/Frameworks/Ruby.framework/Versions/2.6/usr/include/ruby-2.6.0/ruby/ruby.h:413:29: note: expanded from macro 'ID2SYM'
  413 | #define ID2SYM(x) RB_ID2SYM(x)
      |                             ^
/Library/Developer/CommandLineTools/SDKs/MacOSX.sdk/System/Library/Frameworks/Ruby.framework/Versions/2.6/usr/include/ruby-2.6.0/ruby/ruby.h:408:33: note: expanded from macro 'RB_ID2SYM'
  408 | #define RB_ID2SYM(x) (rb_id2sym(x))
      |                                 ^
FunctionInfo.c:178:55: note: '{' token is here
  178 |         rbConvention = rb_hash_aref(rbOptions, ID2SYM(rb_intern("convention")));
      |                                                       ^~~~~~~~~~~~~~~~~~~~~~~
/Library/Developer/CommandLineTools/SDKs/MacOSX.sdk/System/Library/Frameworks/Ruby.framework/Versions/2.6/usr/include/ruby-2.6.0/ruby/ruby.h:1826:24: note: expanded from macro 'rb_intern'
 1826 |         __extension__ (RUBY_CONST_ID_CACHE((ID), (str))) : \
      |                        ^~~~~~~~~~~~~~~~~~~~~~~~~~~~~~~~
/Library/Developer/CommandLineTools/SDKs/MacOSX.sdk/System/Library/Frameworks/Ruby.framework/Versions/2.6/usr/include/ruby-2.6.0/ruby/ruby.h:1811:5: note: expanded from macro 'RUBY_CONST_ID_CACHE'
 1811 |     {                                                   \
      |     ^
/Library/Developer/CommandLineTools/SDKs/MacOSX.sdk/System/Library/Frameworks/Ruby.framework/Versions/2.6/usr/include/ruby-2.6.0/ruby/ruby.h:413:29: note: expanded from macro 'ID2SYM'
  413 | #define ID2SYM(x) RB_ID2SYM(x)
      |                             ^
/Library/Developer/CommandLineTools/SDKs/MacOSX.sdk/System/Library/Frameworks/Ruby.framework/Versions/2.6/usr/include/ruby-2.6.0/ruby/ruby.h:408:33: note: expanded from macro 'RB_ID2SYM'
  408 | #define RB_ID2SYM(x) (rb_id2sym(x))
      |                                 ^
FunctionInfo.c:178:55: warning: '}' and ')' tokens terminating statement expression appear in different macro expansion contexts [-Wcompound-token-split-by-macro]
  178 |         rbConvention = rb_hash_aref(rbOptions, ID2SYM(rb_intern("convention")));
      |                                                       ^~~~~~~~~~~~~~~~~~~~~~~
/Library/Developer/CommandLineTools/SDKs/MacOSX.sdk/System/Library/Frameworks/Ruby.framework/Versions/2.6/usr/include/ruby-2.6.0/ruby/ruby.h:1826:24: note: expanded from macro 'rb_intern'
 1826 |         __extension__ (RUBY_CONST_ID_CACHE((ID), (str))) : \
      |                        ^~~~~~~~~~~~~~~~~~~~~~~~~~~~~~~~
/Library/Developer/CommandLineTools/SDKs/MacOSX.sdk/System/Library/Frameworks/Ruby.framework/Versions/2.6/usr/include/ruby-2.6.0/ruby/ruby.h:1816:5: note: expanded from macro 'RUBY_CONST_ID_CACHE'
 1816 |     }
      |     ^
/Library/Developer/CommandLineTools/SDKs/MacOSX.sdk/System/Library/Frameworks/Ruby.framework/Versions/2.6/usr/include/ruby-2.6.0/ruby/ruby.h:413:29: note: expanded from macro 'ID2SYM'
  413 | #define ID2SYM(x) RB_ID2SYM(x)
      |                             ^
/Library/Developer/CommandLineTools/SDKs/MacOSX.sdk/System/Library/Frameworks/Ruby.framework/Versions/2.6/usr/include/ruby-2.6.0/ruby/ruby.h:408:33: note: expanded from macro 'RB_ID2SYM'
  408 | #define RB_ID2SYM(x) (rb_id2sym(x))
      |                                 ^
FunctionInfo.c:178:55: note: ')' token is here
  178 |         rbConvention = rb_hash_aref(rbOptions, ID2SYM(rb_intern("convention")));
      |                                                       ^~~~~~~~~~~~~~~~~~~~~~~
/Library/Developer/CommandLineTools/SDKs/MacOSX.sdk/System/Library/Frameworks/Ruby.framework/Versions/2.6/usr/include/ruby-2.6.0/ruby/ruby.h:1826:56: note: expanded from macro 'rb_intern'
 1826 |         __extension__ (RUBY_CONST_ID_CACHE((ID), (str))) : \
      |                                                        ^
/Library/Developer/CommandLineTools/SDKs/MacOSX.sdk/System/Library/Frameworks/Ruby.framework/Versions/2.6/usr/include/ruby-2.6.0/ruby/ruby.h:413:29: note: expanded from macro 'ID2SYM'
  413 | #define ID2SYM(x) RB_ID2SYM(x)
      |                             ^
/Library/Developer/CommandLineTools/SDKs/MacOSX.sdk/System/Library/Frameworks/Ruby.framework/Versions/2.6/usr/include/ruby-2.6.0/ruby/ruby.h:408:33: note: expanded from macro 'RB_ID2SYM'
  408 | #define RB_ID2SYM(x) (rb_id2sym(x))
      |                                 ^
FunctionInfo.c:179:50: warning: '(' and '{' tokens introducing statement expression appear in different macro expansion contexts [-Wcompound-token-split-by-macro]
  179 |         rbEnums = rb_hash_aref(rbOptions, ID2SYM(rb_intern("enums")));
      |                                                  ^~~~~~~~~~~~~~~~~~
/Library/Developer/CommandLineTools/SDKs/MacOSX.sdk/System/Library/Frameworks/Ruby.framework/Versions/2.6/usr/include/ruby-2.6.0/ruby/ruby.h:1826:23: note: expanded from macro 'rb_intern'
 1826 |         __extension__ (RUBY_CONST_ID_CACHE((ID), (str))) : \
      |                       ^
/Library/Developer/CommandLineTools/SDKs/MacOSX.sdk/System/Library/Frameworks/Ruby.framework/Versions/2.6/usr/include/ruby-2.6.0/ruby/ruby.h:413:29: note: expanded from macro 'ID2SYM'
  413 | #define ID2SYM(x) RB_ID2SYM(x)
      |                             ^
/Library/Developer/CommandLineTools/SDKs/MacOSX.sdk/System/Library/Frameworks/Ruby.framework/Versions/2.6/usr/include/ruby-2.6.0/ruby/ruby.h:408:33: note: expanded from macro 'RB_ID2SYM'
  408 | #define RB_ID2SYM(x) (rb_id2sym(x))
      |                                 ^
FunctionInfo.c:179:50: note: '{' token is here
  179 |         rbEnums = rb_hash_aref(rbOptions, ID2SYM(rb_intern("enums")));
      |                                                  ^~~~~~~~~~~~~~~~~~
/Library/Developer/CommandLineTools/SDKs/MacOSX.sdk/System/Library/Frameworks/Ruby.framework/Versions/2.6/usr/include/ruby-2.6.0/ruby/ruby.h:1826:24: note: expanded from macro 'rb_intern'
 1826 |         __extension__ (RUBY_CONST_ID_CACHE((ID), (str))) : \
      |                        ^~~~~~~~~~~~~~~~~~~~~~~~~~~~~~~~
/Library/Developer/CommandLineTools/SDKs/MacOSX.sdk/System/Library/Frameworks/Ruby.framework/Versions/2.6/usr/include/ruby-2.6.0/ruby/ruby.h:1811:5: note: expanded from macro 'RUBY_CONST_ID_CACHE'
 1811 |     {                                                   \
      |     ^
/Library/Developer/CommandLineTools/SDKs/MacOSX.sdk/System/Library/Frameworks/Ruby.framework/Versions/2.6/usr/include/ruby-2.6.0/ruby/ruby.h:413:29: note: expanded from macro 'ID2SYM'
  413 | #define ID2SYM(x) RB_ID2SYM(x)
      |                             ^
/Library/Developer/CommandLineTools/SDKs/MacOSX.sdk/System/Library/Frameworks/Ruby.framework/Versions/2.6/usr/include/ruby-2.6.0/ruby/ruby.h:408:33: note: expanded from macro 'RB_ID2SYM'
  408 | #define RB_ID2SYM(x) (rb_id2sym(x))
      |                                 ^
FunctionInfo.c:179:50: warning: '}' and ')' tokens terminating statement expression appear in different macro expansion contexts [-Wcompound-token-split-by-macro]
  179 |         rbEnums = rb_hash_aref(rbOptions, ID2SYM(rb_intern("enums")));
      |                                                  ^~~~~~~~~~~~~~~~~~
/Library/Developer/CommandLineTools/SDKs/MacOSX.sdk/System/Library/Frameworks/Ruby.framework/Versions/2.6/usr/include/ruby-2.6.0/ruby/ruby.h:1826:24: note: expanded from macro 'rb_intern'
 1826 |         __extension__ (RUBY_CONST_ID_CACHE((ID), (str))) : \
      |                        ^~~~~~~~~~~~~~~~~~~~~~~~~~~~~~~~
/Library/Developer/CommandLineTools/SDKs/MacOSX.sdk/System/Library/Frameworks/Ruby.framework/Versions/2.6/usr/include/ruby-2.6.0/ruby/ruby.h:1816:5: note: expanded from macro 'RUBY_CONST_ID_CACHE'
 1816 |     }
      |     ^
/Library/Developer/CommandLineTools/SDKs/MacOSX.sdk/System/Library/Frameworks/Ruby.framework/Versions/2.6/usr/include/ruby-2.6.0/ruby/ruby.h:413:29: note: expanded from macro 'ID2SYM'
  413 | #define ID2SYM(x) RB_ID2SYM(x)
      |                             ^
/Library/Developer/CommandLineTools/SDKs/MacOSX.sdk/System/Library/Frameworks/Ruby.framework/Versions/2.6/usr/include/ruby-2.6.0/ruby/ruby.h:408:33: note: expanded from macro 'RB_ID2SYM'
  408 | #define RB_ID2SYM(x) (rb_id2sym(x))
      |                                 ^
FunctionInfo.c:179:50: note: ')' token is here
  179 |         rbEnums = rb_hash_aref(rbOptions, ID2SYM(rb_intern("enums")));
      |                                                  ^~~~~~~~~~~~~~~~~~
/Library/Developer/CommandLineTools/SDKs/MacOSX.sdk/System/Library/Frameworks/Ruby.framework/Versions/2.6/usr/include/ruby-2.6.0/ruby/ruby.h:1826:56: note: expanded from macro 'rb_intern'
 1826 |         __extension__ (RUBY_CONST_ID_CACHE((ID), (str))) : \
      |                                                        ^
/Library/Developer/CommandLineTools/SDKs/MacOSX.sdk/System/Library/Frameworks/Ruby.framework/Versions/2.6/usr/include/ruby-2.6.0/ruby/ruby.h:413:29: note: expanded from macro 'ID2SYM'
  413 | #define ID2SYM(x) RB_ID2SYM(x)
      |                             ^
/Library/Developer/CommandLineTools/SDKs/MacOSX.sdk/System/Library/Frameworks/Ruby.framework/Versions/2.6/usr/include/ruby-2.6.0/ruby/ruby.h:408:33: note: expanded from macro 'RB_ID2SYM'
  408 | #define RB_ID2SYM(x) (rb_id2sym(x))
      |                                 ^
FunctionInfo.c:180:53: warning: '(' and '{' tokens introducing statement expression appear in different macro expansion contexts [-Wcompound-token-split-by-macro]
  180 |         rbBlocking = rb_hash_aref(rbOptions, ID2SYM(rb_intern("blocking")));
      |                                                     ^~~~~~~~~~~~~~~~~~~~~
/Library/Developer/CommandLineTools/SDKs/MacOSX.sdk/System/Library/Frameworks/Ruby.framework/Versions/2.6/usr/include/ruby-2.6.0/ruby/ruby.h:1826:23: note: expanded from macro 'rb_intern'
 1826 |         __extension__ (RUBY_CONST_ID_CACHE((ID), (str))) : \
      |                       ^
/Library/Developer/CommandLineTools/SDKs/MacOSX.sdk/System/Library/Frameworks/Ruby.framework/Versions/2.6/usr/include/ruby-2.6.0/ruby/ruby.h:413:29: note: expanded from macro 'ID2SYM'
  413 | #define ID2SYM(x) RB_ID2SYM(x)
      |                             ^
/Library/Developer/CommandLineTools/SDKs/MacOSX.sdk/System/Library/Frameworks/Ruby.framework/Versions/2.6/usr/include/ruby-2.6.0/ruby/ruby.h:408:33: note: expanded from macro 'RB_ID2SYM'
  408 | #define RB_ID2SYM(x) (rb_id2sym(x))
      |                                 ^
FunctionInfo.c:180:53: note: '{' token is here
  180 |         rbBlocking = rb_hash_aref(rbOptions, ID2SYM(rb_intern("blocking")));
      |                                                     ^~~~~~~~~~~~~~~~~~~~~
/Library/Developer/CommandLineTools/SDKs/MacOSX.sdk/System/Library/Frameworks/Ruby.framework/Versions/2.6/usr/include/ruby-2.6.0/ruby/ruby.h:1826:24: note: expanded from macro 'rb_intern'
 1826 |         __extension__ (RUBY_CONST_ID_CACHE((ID), (str))) : \
      |                        ^~~~~~~~~~~~~~~~~~~~~~~~~~~~~~~~
/Library/Developer/CommandLineTools/SDKs/MacOSX.sdk/System/Library/Frameworks/Ruby.framework/Versions/2.6/usr/include/ruby-2.6.0/ruby/ruby.h:1811:5: note: expanded from macro 'RUBY_CONST_ID_CACHE'
 1811 |     {                                                   \
      |     ^
/Library/Developer/CommandLineTools/SDKs/MacOSX.sdk/System/Library/Frameworks/Ruby.framework/Versions/2.6/usr/include/ruby-2.6.0/ruby/ruby.h:413:29: note: expanded from macro 'ID2SYM'
  413 | #define ID2SYM(x) RB_ID2SYM(x)
      |                             ^
/Library/Developer/CommandLineTools/SDKs/MacOSX.sdk/System/Library/Frameworks/Ruby.framework/Versions/2.6/usr/include/ruby-2.6.0/ruby/ruby.h:408:33: note: expanded from macro 'RB_ID2SYM'
  408 | #define RB_ID2SYM(x) (rb_id2sym(x))
      |                                 ^
FunctionInfo.c:180:53: warning: '}' and ')' tokens terminating statement expression appear in different macro expansion contexts [-Wcompound-token-split-by-macro]
  180 |         rbBlocking = rb_hash_aref(rbOptions, ID2SYM(rb_intern("blocking")));
      |                                                     ^~~~~~~~~~~~~~~~~~~~~
/Library/Developer/CommandLineTools/SDKs/MacOSX.sdk/System/Library/Frameworks/Ruby.framework/Versions/2.6/usr/include/ruby-2.6.0/ruby/ruby.h:1826:24: note: expanded from macro 'rb_intern'
 1826 |         __extension__ (RUBY_CONST_ID_CACHE((ID), (str))) : \
      |                        ^~~~~~~~~~~~~~~~~~~~~~~~~~~~~~~~
/Library/Developer/CommandLineTools/SDKs/MacOSX.sdk/System/Library/Frameworks/Ruby.framework/Versions/2.6/usr/include/ruby-2.6.0/ruby/ruby.h:1816:5: note: expanded from macro 'RUBY_CONST_ID_CACHE'
 1816 |     }
      |     ^
/Library/Developer/CommandLineTools/SDKs/MacOSX.sdk/System/Library/Frameworks/Ruby.framework/Versions/2.6/usr/include/ruby-2.6.0/ruby/ruby.h:413:29: note: expanded from macro 'ID2SYM'
  413 | #define ID2SYM(x) RB_ID2SYM(x)
      |                             ^
/Library/Developer/CommandLineTools/SDKs/MacOSX.sdk/System/Library/Frameworks/Ruby.framework/Versions/2.6/usr/include/ruby-2.6.0/ruby/ruby.h:408:33: note: expanded from macro 'RB_ID2SYM'
  408 | #define RB_ID2SYM(x) (rb_id2sym(x))
      |                                 ^
FunctionInfo.c:180:53: note: ')' token is here
  180 |         rbBlocking = rb_hash_aref(rbOptions, ID2SYM(rb_intern("blocking")));
      |                                                     ^~~~~~~~~~~~~~~~~~~~~
/Library/Developer/CommandLineTools/SDKs/MacOSX.sdk/System/Library/Frameworks/Ruby.framework/Versions/2.6/usr/include/ruby-2.6.0/ruby/ruby.h:1826:56: note: expanded from macro 'rb_intern'
 1826 |         __extension__ (RUBY_CONST_ID_CACHE((ID), (str))) : \
      |                                                        ^
/Library/Developer/CommandLineTools/SDKs/MacOSX.sdk/System/Library/Frameworks/Ruby.framework/Versions/2.6/usr/include/ruby-2.6.0/ruby/ruby.h:413:29: note: expanded from macro 'ID2SYM'
  413 | #define ID2SYM(x) RB_ID2SYM(x)
      |                             ^
/Library/Developer/CommandLineTools/SDKs/MacOSX.sdk/System/Library/Frameworks/Ruby.framework/Versions/2.6/usr/include/ruby-2.6.0/ruby/ruby.h:408:33: note: expanded from macro 'RB_ID2SYM'
  408 | #define RB_ID2SYM(x) (rb_id2sym(x))
      |                                 ^
FunctionInfo.c:200:49: warning: '(' and '{' tokens introducing statement expression appear in different macro expansion contexts [-Wcompound-token-split-by-macro]
  200 |             VALUE typeName = rb_funcall2(entry, rb_intern("inspect"), 0, NULL);
      |                                                 ^~~~~~~~~~~~~~~~~~~~
/Library/Developer/CommandLineTools/SDKs/MacOSX.sdk/System/Library/Frameworks/Ruby.framework/Versions/2.6/usr/include/ruby-2.6.0/ruby/ruby.h:1826:23: note: expanded from macro 'rb_intern'
 1826 |         __extension__ (RUBY_CONST_ID_CACHE((ID), (str))) : \
      |                       ^
FunctionInfo.c:200:49: note: '{' token is here
  200 |             VALUE typeName = rb_funcall2(entry, rb_intern("inspect"), 0, NULL);
      |                                                 ^~~~~~~~~~~~~~~~~~~~
/Library/Developer/CommandLineTools/SDKs/MacOSX.sdk/System/Library/Frameworks/Ruby.framework/Versions/2.6/usr/include/ruby-2.6.0/ruby/ruby.h:1826:24: note: expanded from macro 'rb_intern'
 1826 |         __extension__ (RUBY_CONST_ID_CACHE((ID), (str))) : \
      |                        ^~~~~~~~~~~~~~~~~~~~~~~~~~~~~~~~
/Library/Developer/CommandLineTools/SDKs/MacOSX.sdk/System/Library/Frameworks/Ruby.framework/Versions/2.6/usr/include/ruby-2.6.0/ruby/ruby.h:1811:5: note: expanded from macro 'RUBY_CONST_ID_CACHE'
 1811 |     {                                                   \
      |     ^
FunctionInfo.c:200:49: warning: '}' and ')' tokens terminating statement expression appear in different macro expansion contexts [-Wcompound-token-split-by-macro]
  200 |             VALUE typeName = rb_funcall2(entry, rb_intern("inspect"), 0, NULL);
      |                                                 ^~~~~~~~~~~~~~~~~~~~
/Library/Developer/CommandLineTools/SDKs/MacOSX.sdk/System/Library/Frameworks/Ruby.framework/Versions/2.6/usr/include/ruby-2.6.0/ruby/ruby.h:1826:24: note: expanded from macro 'rb_intern'
 1826 |         __extension__ (RUBY_CONST_ID_CACHE((ID), (str))) : \
      |                        ^~~~~~~~~~~~~~~~~~~~~~~~~~~~~~~~
/Library/Developer/CommandLineTools/SDKs/MacOSX.sdk/System/Library/Frameworks/Ruby.framework/Versions/2.6/usr/include/ruby-2.6.0/ruby/ruby.h:1816:5: note: expanded from macro 'RUBY_CONST_ID_CACHE'
 1816 |     }
      |     ^
FunctionInfo.c:200:49: note: ')' token is here
  200 |             VALUE typeName = rb_funcall2(entry, rb_intern("inspect"), 0, NULL);
      |                                                 ^~~~~~~~~~~~~~~~~~~~
/Library/Developer/CommandLineTools/SDKs/MacOSX.sdk/System/Library/Frameworks/Ruby.framework/Versions/2.6/usr/include/ruby-2.6.0/ruby/ruby.h:1826:56: note: expanded from macro 'rb_intern'
 1826 |         __extension__ (RUBY_CONST_ID_CACHE((ID), (str))) : \
      |                                                        ^
FunctionInfo.c:222:52: warning: '(' and '{' tokens introducing statement expression appear in different macro expansion contexts [-Wcompound-token-split-by-macro]
  222 |         VALUE typeName = rb_funcall2(rbReturnType, rb_intern("inspect"), 0, NULL);
      |                                                    ^~~~~~~~~~~~~~~~~~~~
/Library/Developer/CommandLineTools/SDKs/MacOSX.sdk/System/Library/Frameworks/Ruby.framework/Versions/2.6/usr/include/ruby-2.6.0/ruby/ruby.h:1826:23: note: expanded from macro 'rb_intern'
 1826 |         __extension__ (RUBY_CONST_ID_CACHE((ID), (str))) : \
      |                       ^
FunctionInfo.c:222:52: note: '{' token is here
  222 |         VALUE typeName = rb_funcall2(rbReturnType, rb_intern("inspect"), 0, NULL);
      |                                                    ^~~~~~~~~~~~~~~~~~~~
/Library/Developer/CommandLineTools/SDKs/MacOSX.sdk/System/Library/Frameworks/Ruby.framework/Versions/2.6/usr/include/ruby-2.6.0/ruby/ruby.h:1826:24: note: expanded from macro 'rb_intern'
 1826 |         __extension__ (RUBY_CONST_ID_CACHE((ID), (str))) : \
      |                        ^~~~~~~~~~~~~~~~~~~~~~~~~~~~~~~~
/Library/Developer/CommandLineTools/SDKs/MacOSX.sdk/System/Library/Frameworks/Ruby.framework/Versions/2.6/usr/include/ruby-2.6.0/ruby/ruby.h:1811:5: note: expanded from macro 'RUBY_CONST_ID_CACHE'
 1811 |     {                                                   \
      |     ^
FunctionInfo.c:222:52: warning: '}' and ')' tokens terminating statement expression appear in different macro expansion contexts [-Wcompound-token-split-by-macro]
  222 |         VALUE typeName = rb_funcall2(rbReturnType, rb_intern("inspect"), 0, NULL);
      |                                                    ^~~~~~~~~~~~~~~~~~~~
/Library/Developer/CommandLineTools/SDKs/MacOSX.sdk/System/Library/Frameworks/Ruby.framework/Versions/2.6/usr/include/ruby-2.6.0/ruby/ruby.h:1826:24: note: expanded from macro 'rb_intern'
 1826 |         __extension__ (RUBY_CONST_ID_CACHE((ID), (str))) : \
      |                        ^~~~~~~~~~~~~~~~~~~~~~~~~~~~~~~~
/Library/Developer/CommandLineTools/SDKs/MacOSX.sdk/System/Library/Frameworks/Ruby.framework/Versions/2.6/usr/include/ruby-2.6.0/ruby/ruby.h:1816:5: note: expanded from macro 'RUBY_CONST_ID_CACHE'
 1816 |     }
      |     ^
FunctionInfo.c:222:52: note: ')' token is here
  222 |         VALUE typeName = rb_funcall2(rbReturnType, rb_intern("inspect"), 0, NULL);
      |                                                    ^~~~~~~~~~~~~~~~~~~~
/Library/Developer/CommandLineTools/SDKs/MacOSX.sdk/System/Library/Frameworks/Ruby.framework/Versions/2.6/usr/include/ruby-2.6.0/ruby/ruby.h:1826:56: note: expanded from macro 'rb_intern'
 1826 |         __extension__ (RUBY_CONST_ID_CACHE((ID), (str))) : \
      |                                                        ^
10 warnings generated.
compiling LastError.c
compiling LongDouble.c
LongDouble.c:24:39: warning: '(' and '{' tokens introducing statement expression appear in different macro expansion contexts [-Wcompound-token-split-by-macro]
   24 |         return rb_funcall(rb_mKernel, rb_intern("BigDecimal"), 1, rb_str_new(buf, sprintf(buf, "%.35Le", ld)));
      |                                       ^~~~~~~~~~~~~~~~~~~~~~~
/Library/Developer/CommandLineTools/SDKs/MacOSX.sdk/System/Library/Frameworks/Ruby.framework/Versions/2.6/usr/include/ruby-2.6.0/ruby/ruby.h:1826:23: note: expanded from macro 'rb_intern'
 1826 |         __extension__ (RUBY_CONST_ID_CACHE((ID), (str))) : \
      |                       ^
/Library/Developer/CommandLineTools/SDKs/MacOSX.sdk/System/Library/Frameworks/Ruby.framework/Versions/2.6/usr/include/ruby-2.6.0/ruby/ruby.h:2602:20: note: expanded from macro 'rb_funcall'
 2602 |         rb_funcallv(recv, mid, \
      |                           ^~~
LongDouble.c:24:39: note: '{' token is here
   24 |         return rb_funcall(rb_mKernel, rb_intern("BigDecimal"), 1, rb_str_new(buf, sprintf(buf, "%.35Le", ld)));
      |                                       ^~~~~~~~~~~~~~~~~~~~~~~
/Library/Developer/CommandLineTools/SDKs/MacOSX.sdk/System/Library/Frameworks/Ruby.framework/Versions/2.6/usr/include/ruby-2.6.0/ruby/ruby.h:1826:24: note: expanded from macro 'rb_intern'
 1826 |         __extension__ (RUBY_CONST_ID_CACHE((ID), (str))) : \
      |                        ^~~~~~~~~~~~~~~~~~~~~~~~~~~~~~~~
/Library/Developer/CommandLineTools/SDKs/MacOSX.sdk/System/Library/Frameworks/Ruby.framework/Versions/2.6/usr/include/ruby-2.6.0/ruby/ruby.h:1811:5: note: expanded from macro 'RUBY_CONST_ID_CACHE'
 1811 |     {                                                   \
      |     ^
/Library/Developer/CommandLineTools/SDKs/MacOSX.sdk/System/Library/Frameworks/Ruby.framework/Versions/2.6/usr/include/ruby-2.6.0/ruby/ruby.h:2602:20: note: expanded from macro 'rb_funcall'
 2602 |         rb_funcallv(recv, mid, \
      |                           ^~~
LongDouble.c:24:39: warning: '}' and ')' tokens terminating statement expression appear in different macro expansion contexts [-Wcompound-token-split-by-macro]
   24 |         return rb_funcall(rb_mKernel, rb_intern("BigDecimal"), 1, rb_str_new(buf, sprintf(buf, "%.35Le", ld)));
      |                                       ^~~~~~~~~~~~~~~~~~~~~~~
/Library/Developer/CommandLineTools/SDKs/MacOSX.sdk/System/Library/Frameworks/Ruby.framework/Versions/2.6/usr/include/ruby-2.6.0/ruby/ruby.h:1826:24: note: expanded from macro 'rb_intern'
 1826 |         __extension__ (RUBY_CONST_ID_CACHE((ID), (str))) : \
      |                        ^~~~~~~~~~~~~~~~~~~~~~~~~~~~~~~~
/Library/Developer/CommandLineTools/SDKs/MacOSX.sdk/System/Library/Frameworks/Ruby.framework/Versions/2.6/usr/include/ruby-2.6.0/ruby/ruby.h:1816:5: note: expanded from macro 'RUBY_CONST_ID_CACHE'
 1816 |     }
      |     ^
/Library/Developer/CommandLineTools/SDKs/MacOSX.sdk/System/Library/Frameworks/Ruby.framework/Versions/2.6/usr/include/ruby-2.6.0/ruby/ruby.h:2602:20: note: expanded from macro 'rb_funcall'
 2602 |         rb_funcallv(recv, mid, \
      |                           ^~~
LongDouble.c:24:39: note: ')' token is here
   24 |         return rb_funcall(rb_mKernel, rb_intern("BigDecimal"), 1, rb_str_new(buf, sprintf(buf, "%.35Le", ld)));
      |                                       ^~~~~~~~~~~~~~~~~~~~~~~
/Library/Developer/CommandLineTools/SDKs/MacOSX.sdk/System/Library/Frameworks/Ruby.framework/Versions/2.6/usr/include/ruby-2.6.0/ruby/ruby.h:1826:56: note: expanded from macro 'rb_intern'
 1826 |         __extension__ (RUBY_CONST_ID_CACHE((ID), (str))) : \
      |                                                        ^
/Library/Developer/CommandLineTools/SDKs/MacOSX.sdk/System/Library/Frameworks/Ruby.framework/Versions/2.6/usr/include/ruby-2.6.0/ruby/ruby.h:2602:20: note: expanded from macro 'rb_funcall'
 2602 |         rb_funcallv(recv, mid, \
      |                           ^~~
LongDouble.c:38:64: warning: '(' and '{' tokens introducing statement expression appear in different macro expansion contexts [-Wcompound-token-split-by-macro]
   38 |     if (!RTEST(rb_cBigDecimal) && rb_const_defined(rb_cObject, rb_intern("BigDecimal"))) {
      |                                                                ^~~~~~~~~~~~~~~~~~~~~~~
/Library/Developer/CommandLineTools/SDKs/MacOSX.sdk/System/Library/Frameworks/Ruby.framework/Versions/2.6/usr/include/ruby-2.6.0/ruby/ruby.h:1826:23: note: expanded from macro 'rb_intern'
 1826 |         __extension__ (RUBY_CONST_ID_CACHE((ID), (str))) : \
      |                       ^
LongDouble.c:38:64: note: '{' token is here
   38 |     if (!RTEST(rb_cBigDecimal) && rb_const_defined(rb_cObject, rb_intern("BigDecimal"))) {
      |                                                                ^~~~~~~~~~~~~~~~~~~~~~~
/Library/Developer/CommandLineTools/SDKs/MacOSX.sdk/System/Library/Frameworks/Ruby.framework/Versions/2.6/usr/include/ruby-2.6.0/ruby/ruby.h:1826:24: note: expanded from macro 'rb_intern'
 1826 |         __extension__ (RUBY_CONST_ID_CACHE((ID), (str))) : \
      |                        ^~~~~~~~~~~~~~~~~~~~~~~~~~~~~~~~
/Library/Developer/CommandLineTools/SDKs/MacOSX.sdk/System/Library/Frameworks/Ruby.framework/Versions/2.6/usr/include/ruby-2.6.0/ruby/ruby.h:1811:5: note: expanded from macro 'RUBY_CONST_ID_CACHE'
 1811 |     {                                                   \
      |     ^
LongDouble.c:38:64: warning: '}' and ')' tokens terminating statement expression appear in different macro expansion contexts [-Wcompound-token-split-by-macro]
   38 |     if (!RTEST(rb_cBigDecimal) && rb_const_defined(rb_cObject, rb_intern("BigDecimal"))) {
      |                                                                ^~~~~~~~~~~~~~~~~~~~~~~
/Library/Developer/CommandLineTools/SDKs/MacOSX.sdk/System/Library/Frameworks/Ruby.framework/Versions/2.6/usr/include/ruby-2.6.0/ruby/ruby.h:1826:24: note: expanded from macro 'rb_intern'
 1826 |         __extension__ (RUBY_CONST_ID_CACHE((ID), (str))) : \
      |                        ^~~~~~~~~~~~~~~~~~~~~~~~~~~~~~~~
/Library/Developer/CommandLineTools/SDKs/MacOSX.sdk/System/Library/Frameworks/Ruby.framework/Versions/2.6/usr/include/ruby-2.6.0/ruby/ruby.h:1816:5: note: expanded from macro 'RUBY_CONST_ID_CACHE'
 1816 |     }
      |     ^
LongDouble.c:38:64: note: ')' token is here
   38 |     if (!RTEST(rb_cBigDecimal) && rb_const_defined(rb_cObject, rb_intern("BigDecimal"))) {
      |                                                                ^~~~~~~~~~~~~~~~~~~~~~~
/Library/Developer/CommandLineTools/SDKs/MacOSX.sdk/System/Library/Frameworks/Ruby.framework/Versions/2.6/usr/include/ruby-2.6.0/ruby/ruby.h:1826:56: note: expanded from macro 'rb_intern'
 1826 |         __extension__ (RUBY_CONST_ID_CACHE((ID), (str))) : \
      |                                                        ^
LongDouble.c:39:51: warning: '(' and '{' tokens introducing statement expression appear in different macro expansion contexts [-Wcompound-token-split-by-macro]
   39 |         rb_cBigDecimal = rb_const_get(rb_cObject, rb_intern("BigDecimal"));
      |                                                   ^~~~~~~~~~~~~~~~~~~~~~~
/Library/Developer/CommandLineTools/SDKs/MacOSX.sdk/System/Library/Frameworks/Ruby.framework/Versions/2.6/usr/include/ruby-2.6.0/ruby/ruby.h:1826:23: note: expanded from macro 'rb_intern'
 1826 |         __extension__ (RUBY_CONST_ID_CACHE((ID), (str))) : \
      |                       ^
LongDouble.c:39:51: note: '{' token is here
   39 |         rb_cBigDecimal = rb_const_get(rb_cObject, rb_intern("BigDecimal"));
      |                                                   ^~~~~~~~~~~~~~~~~~~~~~~
/Library/Developer/CommandLineTools/SDKs/MacOSX.sdk/System/Library/Frameworks/Ruby.framework/Versions/2.6/usr/include/ruby-2.6.0/ruby/ruby.h:1826:24: note: expanded from macro 'rb_intern'
 1826 |         __extension__ (RUBY_CONST_ID_CACHE((ID), (str))) : \
      |                        ^~~~~~~~~~~~~~~~~~~~~~~~~~~~~~~~
/Library/Developer/CommandLineTools/SDKs/MacOSX.sdk/System/Library/Frameworks/Ruby.framework/Versions/2.6/usr/include/ruby-2.6.0/ruby/ruby.h:1811:5: note: expanded from macro 'RUBY_CONST_ID_CACHE'
 1811 |     {                                                   \
      |     ^
LongDouble.c:39:51: warning: '}' and ')' tokens terminating statement expression appear in different macro expansion contexts [-Wcompound-token-split-by-macro]
   39 |         rb_cBigDecimal = rb_const_get(rb_cObject, rb_intern("BigDecimal"));
      |                                                   ^~~~~~~~~~~~~~~~~~~~~~~
/Library/Developer/CommandLineTools/SDKs/MacOSX.sdk/System/Library/Frameworks/Ruby.framework/Versions/2.6/usr/include/ruby-2.6.0/ruby/ruby.h:1826:24: note: expanded from macro 'rb_intern'
 1826 |         __extension__ (RUBY_CONST_ID_CACHE((ID), (str))) : \
      |                        ^~~~~~~~~~~~~~~~~~~~~~~~~~~~~~~~
/Library/Developer/CommandLineTools/SDKs/MacOSX.sdk/System/Library/Frameworks/Ruby.framework/Versions/2.6/usr/include/ruby-2.6.0/ruby/ruby.h:1816:5: note: expanded from macro 'RUBY_CONST_ID_CACHE'
 1816 |     }
      |     ^
LongDouble.c:39:51: note: ')' token is here
   39 |         rb_cBigDecimal = rb_const_get(rb_cObject, rb_intern("BigDecimal"));
      |                                                   ^~~~~~~~~~~~~~~~~~~~~~~
/Library/Developer/CommandLineTools/SDKs/MacOSX.sdk/System/Library/Frameworks/Ruby.framework/Versions/2.6/usr/include/ruby-2.6.0/ruby/ruby.h:1826:56: note: expanded from macro 'rb_intern'
 1826 |         __extension__ (RUBY_CONST_ID_CACHE((ID), (str))) : \
      |                                                        ^
LongDouble.c:43:37: warning: '(' and '{' tokens introducing statement expression appear in different macro expansion contexts [-Wcompound-token-split-by-macro]
   43 |         VALUE s = rb_funcall(value, rb_intern("to_s"), 1, rb_str_new2("E"));
      |                                     ^~~~~~~~~~~~~~~~~
/Library/Developer/CommandLineTools/SDKs/MacOSX.sdk/System/Library/Frameworks/Ruby.framework/Versions/2.6/usr/include/ruby-2.6.0/ruby/ruby.h:1826:23: note: expanded from macro 'rb_intern'
 1826 |         __extension__ (RUBY_CONST_ID_CACHE((ID), (str))) : \
      |                       ^
/Library/Developer/CommandLineTools/SDKs/MacOSX.sdk/System/Library/Frameworks/Ruby.framework/Versions/2.6/usr/include/ruby-2.6.0/ruby/ruby.h:2602:20: note: expanded from macro 'rb_funcall'
 2602 |         rb_funcallv(recv, mid, \
      |                           ^~~
LongDouble.c:43:37: note: '{' token is here
   43 |         VALUE s = rb_funcall(value, rb_intern("to_s"), 1, rb_str_new2("E"));
      |                                     ^~~~~~~~~~~~~~~~~
/Library/Developer/CommandLineTools/SDKs/MacOSX.sdk/System/Library/Frameworks/Ruby.framework/Versions/2.6/usr/include/ruby-2.6.0/ruby/ruby.h:1826:24: note: expanded from macro 'rb_intern'
 1826 |         __extension__ (RUBY_CONST_ID_CACHE((ID), (str))) : \
      |                        ^~~~~~~~~~~~~~~~~~~~~~~~~~~~~~~~
/Library/Developer/CommandLineTools/SDKs/MacOSX.sdk/System/Library/Frameworks/Ruby.framework/Versions/2.6/usr/include/ruby-2.6.0/ruby/ruby.h:1811:5: note: expanded from macro 'RUBY_CONST_ID_CACHE'
 1811 |     {                                                   \
      |     ^
/Library/Developer/CommandLineTools/SDKs/MacOSX.sdk/System/Library/Frameworks/Ruby.framework/Versions/2.6/usr/include/ruby-2.6.0/ruby/ruby.h:2602:20: note: expanded from macro 'rb_funcall'
 2602 |         rb_funcallv(recv, mid, \
      |                           ^~~
LongDouble.c:43:37: warning: '}' and ')' tokens terminating statement expression appear in different macro expansion contexts [-Wcompound-token-split-by-macro]
   43 |         VALUE s = rb_funcall(value, rb_intern("to_s"), 1, rb_str_new2("E"));
      |                                     ^~~~~~~~~~~~~~~~~
/Library/Developer/CommandLineTools/SDKs/MacOSX.sdk/System/Library/Frameworks/Ruby.framework/Versions/2.6/usr/include/ruby-2.6.0/ruby/ruby.h:1826:24: note: expanded from macro 'rb_intern'
 1826 |         __extension__ (RUBY_CONST_ID_CACHE((ID), (str))) : \
      |                        ^~~~~~~~~~~~~~~~~~~~~~~~~~~~~~~~
/Library/Developer/CommandLineTools/SDKs/MacOSX.sdk/System/Library/Frameworks/Ruby.framework/Versions/2.6/usr/include/ruby-2.6.0/ruby/ruby.h:1816:5: note: expanded from macro 'RUBY_CONST_ID_CACHE'
 1816 |     }
      |     ^
/Library/Developer/CommandLineTools/SDKs/MacOSX.sdk/System/Library/Frameworks/Ruby.framework/Versions/2.6/usr/include/ruby-2.6.0/ruby/ruby.h:2602:20: note: expanded from macro 'rb_funcall'
 2602 |         rb_funcallv(recv, mid, \
      |                           ^~~
LongDouble.c:43:37: note: ')' token is here
   43 |         VALUE s = rb_funcall(value, rb_intern("to_s"), 1, rb_str_new2("E"));
      |                                     ^~~~~~~~~~~~~~~~~
/Library/Developer/CommandLineTools/SDKs/MacOSX.sdk/System/Library/Frameworks/Ruby.framework/Versions/2.6/usr/include/ruby-2.6.0/ruby/ruby.h:1826:56: note: expanded from macro 'rb_intern'
 1826 |         __extension__ (RUBY_CONST_ID_CACHE((ID), (str))) : \
      |                                                        ^
/Library/Developer/CommandLineTools/SDKs/MacOSX.sdk/System/Library/Frameworks/Ruby.framework/Versions/2.6/usr/include/ruby-2.6.0/ruby/ruby.h:2602:20: note: expanded from macro 'rb_funcall'
 2602 |         rb_funcallv(recv, mid, \
      |                           ^~~
LongDouble.c:58:37: warning: '(' and '{' tokens introducing statement expression appear in different macro expansion contexts [-Wcompound-token-split-by-macro]
   58 |     return rb_const_get(rb_cObject, rb_intern("BigDecimal"));
      |                                     ^~~~~~~~~~~~~~~~~~~~~~~
/Library/Developer/CommandLineTools/SDKs/MacOSX.sdk/System/Library/Frameworks/Ruby.framework/Versions/2.6/usr/include/ruby-2.6.0/ruby/ruby.h:1826:23: note: expanded from macro 'rb_intern'
 1826 |         __extension__ (RUBY_CONST_ID_CACHE((ID), (str))) : \
      |                       ^
LongDouble.c:58:37: note: '{' token is here
   58 |     return rb_const_get(rb_cObject, rb_intern("BigDecimal"));
      |                                     ^~~~~~~~~~~~~~~~~~~~~~~
/Library/Developer/CommandLineTools/SDKs/MacOSX.sdk/System/Library/Frameworks/Ruby.framework/Versions/2.6/usr/include/ruby-2.6.0/ruby/ruby.h:1826:24: note: expanded from macro 'rb_intern'
 1826 |         __extension__ (RUBY_CONST_ID_CACHE((ID), (str))) : \
      |                        ^~~~~~~~~~~~~~~~~~~~~~~~~~~~~~~~
/Library/Developer/CommandLineTools/SDKs/MacOSX.sdk/System/Library/Frameworks/Ruby.framework/Versions/2.6/usr/include/ruby-2.6.0/ruby/ruby.h:1811:5: note: expanded from macro 'RUBY_CONST_ID_CACHE'
 1811 |     {                                                   \
      |     ^
LongDouble.c:58:37: warning: '}' and ')' tokens terminating statement expression appear in different macro expansion contexts [-Wcompound-token-split-by-macro]
   58 |     return rb_const_get(rb_cObject, rb_intern("BigDecimal"));
      |                                     ^~~~~~~~~~~~~~~~~~~~~~~
/Library/Developer/CommandLineTools/SDKs/MacOSX.sdk/System/Library/Frameworks/Ruby.framework/Versions/2.6/usr/include/ruby-2.6.0/ruby/ruby.h:1826:24: note: expanded from macro 'rb_intern'
 1826 |         __extension__ (RUBY_CONST_ID_CACHE((ID), (str))) : \
      |                        ^~~~~~~~~~~~~~~~~~~~~~~~~~~~~~~~
/Library/Developer/CommandLineTools/SDKs/MacOSX.sdk/System/Library/Frameworks/Ruby.framework/Versions/2.6/usr/include/ruby-2.6.0/ruby/ruby.h:1816:5: note: expanded from macro 'RUBY_CONST_ID_CACHE'
 1816 |     }
      |     ^
LongDouble.c:58:37: note: ')' token is here
   58 |     return rb_const_get(rb_cObject, rb_intern("BigDecimal"));
      |                                     ^~~~~~~~~~~~~~~~~~~~~~~
/Library/Developer/CommandLineTools/SDKs/MacOSX.sdk/System/Library/Frameworks/Ruby.framework/Versions/2.6/usr/include/ruby-2.6.0/ruby/ruby.h:1826:56: note: expanded from macro 'rb_intern'
 1826 |         __extension__ (RUBY_CONST_ID_CACHE((ID), (str))) : \
      |                                                        ^
10 warnings generated.
compiling MappedType.c
MappedType.c:199:22: warning: '(' and '{' tokens introducing statement expression appear in different macro expansion contexts [-Wcompound-token-split-by-macro]
  199 |     id_native_type = rb_intern("native_type");
      |                      ^~~~~~~~~~~~~~~~~~~~~~~~
/Library/Developer/CommandLineTools/SDKs/MacOSX.sdk/System/Library/Frameworks/Ruby.framework/Versions/2.6/usr/include/ruby-2.6.0/ruby/ruby.h:1826:23: note: expanded from macro 'rb_intern'
 1826 |         __extension__ (RUBY_CONST_ID_CACHE((ID), (str))) : \
      |                       ^
MappedType.c:199:22: note: '{' token is here
  199 |     id_native_type = rb_intern("native_type");
      |                      ^~~~~~~~~~~~~~~~~~~~~~~~
/Library/Developer/CommandLineTools/SDKs/MacOSX.sdk/System/Library/Frameworks/Ruby.framework/Versions/2.6/usr/include/ruby-2.6.0/ruby/ruby.h:1826:24: note: expanded from macro 'rb_intern'
 1826 |         __extension__ (RUBY_CONST_ID_CACHE((ID), (str))) : \
      |                        ^~~~~~~~~~~~~~~~~~~~~~~~~~~~~~~~
/Library/Developer/CommandLineTools/SDKs/MacOSX.sdk/System/Library/Frameworks/Ruby.framework/Versions/2.6/usr/include/ruby-2.6.0/ruby/ruby.h:1811:5: note: expanded from macro 'RUBY_CONST_ID_CACHE'
 1811 |     {                                                   \
      |     ^
MappedType.c:199:22: warning: '}' and ')' tokens terminating statement expression appear in different macro expansion contexts [-Wcompound-token-split-by-macro]
  199 |     id_native_type = rb_intern("native_type");
      |                      ^~~~~~~~~~~~~~~~~~~~~~~~
/Library/Developer/CommandLineTools/SDKs/MacOSX.sdk/System/Library/Frameworks/Ruby.framework/Versions/2.6/usr/include/ruby-2.6.0/ruby/ruby.h:1826:24: note: expanded from macro 'rb_intern'
 1826 |         __extension__ (RUBY_CONST_ID_CACHE((ID), (str))) : \
      |                        ^~~~~~~~~~~~~~~~~~~~~~~~~~~~~~~~
/Library/Developer/CommandLineTools/SDKs/MacOSX.sdk/System/Library/Frameworks/Ruby.framework/Versions/2.6/usr/include/ruby-2.6.0/ruby/ruby.h:1816:5: note: expanded from macro 'RUBY_CONST_ID_CACHE'
 1816 |     }
      |     ^
MappedType.c:199:22: note: ')' token is here
  199 |     id_native_type = rb_intern("native_type");
      |                      ^~~~~~~~~~~~~~~~~~~~~~~~
/Library/Developer/CommandLineTools/SDKs/MacOSX.sdk/System/Library/Frameworks/Ruby.framework/Versions/2.6/usr/include/ruby-2.6.0/ruby/ruby.h:1826:56: note: expanded from macro 'rb_intern'
 1826 |         __extension__ (RUBY_CONST_ID_CACHE((ID), (str))) : \
      |                                                        ^
MappedType.c:200:20: warning: '(' and '{' tokens introducing statement expression appear in different macro expansion contexts [-Wcompound-token-split-by-macro]
  200 |     id_to_native = rb_intern("to_native");
      |                    ^~~~~~~~~~~~~~~~~~~~~~
/Library/Developer/CommandLineTools/SDKs/MacOSX.sdk/System/Library/Frameworks/Ruby.framework/Versions/2.6/usr/include/ruby-2.6.0/ruby/ruby.h:1826:23: note: expanded from macro 'rb_intern'
 1826 |         __extension__ (RUBY_CONST_ID_CACHE((ID), (str))) : \
      |                       ^
MappedType.c:200:20: note: '{' token is here
  200 |     id_to_native = rb_intern("to_native");
      |                    ^~~~~~~~~~~~~~~~~~~~~~
/Library/Developer/CommandLineTools/SDKs/MacOSX.sdk/System/Library/Frameworks/Ruby.framework/Versions/2.6/usr/include/ruby-2.6.0/ruby/ruby.h:1826:24: note: expanded from macro 'rb_intern'
 1826 |         __extension__ (RUBY_CONST_ID_CACHE((ID), (str))) : \
      |                        ^~~~~~~~~~~~~~~~~~~~~~~~~~~~~~~~
/Library/Developer/CommandLineTools/SDKs/MacOSX.sdk/System/Library/Frameworks/Ruby.framework/Versions/2.6/usr/include/ruby-2.6.0/ruby/ruby.h:1811:5: note: expanded from macro 'RUBY_CONST_ID_CACHE'
 1811 |     {                                                   \
      |     ^
MappedType.c:200:20: warning: '}' and ')' tokens terminating statement expression appear in different macro expansion contexts [-Wcompound-token-split-by-macro]
  200 |     id_to_native = rb_intern("to_native");
      |                    ^~~~~~~~~~~~~~~~~~~~~~
/Library/Developer/CommandLineTools/SDKs/MacOSX.sdk/System/Library/Frameworks/Ruby.framework/Versions/2.6/usr/include/ruby-2.6.0/ruby/ruby.h:1826:24: note: expanded from macro 'rb_intern'
 1826 |         __extension__ (RUBY_CONST_ID_CACHE((ID), (str))) : \
      |                        ^~~~~~~~~~~~~~~~~~~~~~~~~~~~~~~~
/Library/Developer/CommandLineTools/SDKs/MacOSX.sdk/System/Library/Frameworks/Ruby.framework/Versions/2.6/usr/include/ruby-2.6.0/ruby/ruby.h:1816:5: note: expanded from macro 'RUBY_CONST_ID_CACHE'
 1816 |     }
      |     ^
MappedType.c:200:20: note: ')' token is here
  200 |     id_to_native = rb_intern("to_native");
      |                    ^~~~~~~~~~~~~~~~~~~~~~
/Library/Developer/CommandLineTools/SDKs/MacOSX.sdk/System/Library/Frameworks/Ruby.framework/Versions/2.6/usr/include/ruby-2.6.0/ruby/ruby.h:1826:56: note: expanded from macro 'rb_intern'
 1826 |         __extension__ (RUBY_CONST_ID_CACHE((ID), (str))) : \
      |                                                        ^
MappedType.c:201:22: warning: '(' and '{' tokens introducing statement expression appear in different macro expansion contexts [-Wcompound-token-split-by-macro]
  201 |     id_from_native = rb_intern("from_native");
      |                      ^~~~~~~~~~~~~~~~~~~~~~~~
/Library/Developer/CommandLineTools/SDKs/MacOSX.sdk/System/Library/Frameworks/Ruby.framework/Versions/2.6/usr/include/ruby-2.6.0/ruby/ruby.h:1826:23: note: expanded from macro 'rb_intern'
 1826 |         __extension__ (RUBY_CONST_ID_CACHE((ID), (str))) : \
      |                       ^
MappedType.c:201:22: note: '{' token is here
  201 |     id_from_native = rb_intern("from_native");
      |                      ^~~~~~~~~~~~~~~~~~~~~~~~
/Library/Developer/CommandLineTools/SDKs/MacOSX.sdk/System/Library/Frameworks/Ruby.framework/Versions/2.6/usr/include/ruby-2.6.0/ruby/ruby.h:1826:24: note: expanded from macro 'rb_intern'
 1826 |         __extension__ (RUBY_CONST_ID_CACHE((ID), (str))) : \
      |                        ^~~~~~~~~~~~~~~~~~~~~~~~~~~~~~~~
/Library/Developer/CommandLineTools/SDKs/MacOSX.sdk/System/Library/Frameworks/Ruby.framework/Versions/2.6/usr/include/ruby-2.6.0/ruby/ruby.h:1811:5: note: expanded from macro 'RUBY_CONST_ID_CACHE'
 1811 |     {                                                   \
      |     ^
MappedType.c:201:22: warning: '}' and ')' tokens terminating statement expression appear in different macro expansion contexts [-Wcompound-token-split-by-macro]
  201 |     id_from_native = rb_intern("from_native");
      |                      ^~~~~~~~~~~~~~~~~~~~~~~~
/Library/Developer/CommandLineTools/SDKs/MacOSX.sdk/System/Library/Frameworks/Ruby.framework/Versions/2.6/usr/include/ruby-2.6.0/ruby/ruby.h:1826:24: note: expanded from macro 'rb_intern'
 1826 |         __extension__ (RUBY_CONST_ID_CACHE((ID), (str))) : \
      |                        ^~~~~~~~~~~~~~~~~~~~~~~~~~~~~~~~
/Library/Developer/CommandLineTools/SDKs/MacOSX.sdk/System/Library/Frameworks/Ruby.framework/Versions/2.6/usr/include/ruby-2.6.0/ruby/ruby.h:1816:5: note: expanded from macro 'RUBY_CONST_ID_CACHE'
 1816 |     }
      |     ^
MappedType.c:201:22: note: ')' token is here
  201 |     id_from_native = rb_intern("from_native");
      |                      ^~~~~~~~~~~~~~~~~~~~~~~~
/Library/Developer/CommandLineTools/SDKs/MacOSX.sdk/System/Library/Frameworks/Ruby.framework/Versions/2.6/usr/include/ruby-2.6.0/ruby/ruby.h:1826:56: note: expanded from macro 'rb_intern'
 1826 |         __extension__ (RUBY_CONST_ID_CACHE((ID), (str))) : \
      |                                                        ^
6 warnings generated.
compiling MemoryPointer.c
MemoryPointer.c:187:21: warning: '(' and '{' tokens introducing statement expression appear in different macro expansion contexts [-Wcompound-token-split-by-macro]
  187 |     rb_funcall(obj, rb_intern("put_string"), 2, INT2FIX(0), s);
      |                     ^~~~~~~~~~~~~~~~~~~~~~~
/Library/Developer/CommandLineTools/SDKs/MacOSX.sdk/System/Library/Frameworks/Ruby.framework/Versions/2.6/usr/include/ruby-2.6.0/ruby/ruby.h:1826:23: note: expanded from macro 'rb_intern'
 1826 |         __extension__ (RUBY_CONST_ID_CACHE((ID), (str))) : \
      |                       ^
/Library/Developer/CommandLineTools/SDKs/MacOSX.sdk/System/Library/Frameworks/Ruby.framework/Versions/2.6/usr/include/ruby-2.6.0/ruby/ruby.h:2602:20: note: expanded from macro 'rb_funcall'
 2602 |         rb_funcallv(recv, mid, \
      |                           ^~~
MemoryPointer.c:187:21: note: '{' token is here
  187 |     rb_funcall(obj, rb_intern("put_string"), 2, INT2FIX(0), s);
      |                     ^~~~~~~~~~~~~~~~~~~~~~~
/Library/Developer/CommandLineTools/SDKs/MacOSX.sdk/System/Library/Frameworks/Ruby.framework/Versions/2.6/usr/include/ruby-2.6.0/ruby/ruby.h:1826:24: note: expanded from macro 'rb_intern'
 1826 |         __extension__ (RUBY_CONST_ID_CACHE((ID), (str))) : \
      |                        ^~~~~~~~~~~~~~~~~~~~~~~~~~~~~~~~
/Library/Developer/CommandLineTools/SDKs/MacOSX.sdk/System/Library/Frameworks/Ruby.framework/Versions/2.6/usr/include/ruby-2.6.0/ruby/ruby.h:1811:5: note: expanded from macro 'RUBY_CONST_ID_CACHE'
 1811 |     {                                                   \
      |     ^
/Library/Developer/CommandLineTools/SDKs/MacOSX.sdk/System/Library/Frameworks/Ruby.framework/Versions/2.6/usr/include/ruby-2.6.0/ruby/ruby.h:2602:20: note: expanded from macro 'rb_funcall'
 2602 |         rb_funcallv(recv, mid, \
      |                           ^~~
MemoryPointer.c:187:21: warning: '}' and ')' tokens terminating statement expression appear in different macro expansion contexts [-Wcompound-token-split-by-macro]
  187 |     rb_funcall(obj, rb_intern("put_string"), 2, INT2FIX(0), s);
      |                     ^~~~~~~~~~~~~~~~~~~~~~~
/Library/Developer/CommandLineTools/SDKs/MacOSX.sdk/System/Library/Frameworks/Ruby.framework/Versions/2.6/usr/include/ruby-2.6.0/ruby/ruby.h:1826:24: note: expanded from macro 'rb_intern'
 1826 |         __extension__ (RUBY_CONST_ID_CACHE((ID), (str))) : \
      |                        ^~~~~~~~~~~~~~~~~~~~~~~~~~~~~~~~
/Library/Developer/CommandLineTools/SDKs/MacOSX.sdk/System/Library/Frameworks/Ruby.framework/Versions/2.6/usr/include/ruby-2.6.0/ruby/ruby.h:1816:5: note: expanded from macro 'RUBY_CONST_ID_CACHE'
 1816 |     }
      |     ^
/Library/Developer/CommandLineTools/SDKs/MacOSX.sdk/System/Library/Frameworks/Ruby.framework/Versions/2.6/usr/include/ruby-2.6.0/ruby/ruby.h:2602:20: note: expanded from macro 'rb_funcall'
 2602 |         rb_funcallv(recv, mid, \
      |                           ^~~
MemoryPointer.c:187:21: note: ')' token is here
  187 |     rb_funcall(obj, rb_intern("put_string"), 2, INT2FIX(0), s);
      |                     ^~~~~~~~~~~~~~~~~~~~~~~
/Library/Developer/CommandLineTools/SDKs/MacOSX.sdk/System/Library/Frameworks/Ruby.framework/Versions/2.6/usr/include/ruby-2.6.0/ruby/ruby.h:1826:56: note: expanded from macro 'rb_intern'
 1826 |         __extension__ (RUBY_CONST_ID_CACHE((ID), (str))) : \
      |                                                        ^
/Library/Developer/CommandLineTools/SDKs/MacOSX.sdk/System/Library/Frameworks/Ruby.framework/Versions/2.6/usr/include/ruby-2.6.0/ruby/ruby.h:2602:20: note: expanded from macro 'rb_funcall'
 2602 |         rb_funcallv(recv, mid, \
      |                           ^~~
2 warnings generated.
compiling MethodHandle.c
compiling Platform.c
compiling Pointer.c
Pointer.c:361:45: warning: '(' and '{' tokens introducing statement expression appear in different macro expansion contexts [-Wcompound-token-split-by-macro]
  361 |         return order == BIG_ENDIAN ? ID2SYM(rb_intern("big")) : ID2SYM(rb_intern("little"));
      |                                             ^~~~~~~~~~~~~~~~
/Library/Developer/CommandLineTools/SDKs/MacOSX.sdk/System/Library/Frameworks/Ruby.framework/Versions/2.6/usr/include/ruby-2.6.0/ruby/ruby.h:1826:23: note: expanded from macro 'rb_intern'
 1826 |         __extension__ (RUBY_CONST_ID_CACHE((ID), (str))) : \
      |                       ^
/Library/Developer/CommandLineTools/SDKs/MacOSX.sdk/System/Library/Frameworks/Ruby.framework/Versions/2.6/usr/include/ruby-2.6.0/ruby/ruby.h:413:29: note: expanded from macro 'ID2SYM'
  413 | #define ID2SYM(x) RB_ID2SYM(x)
      |                             ^
/Library/Developer/CommandLineTools/SDKs/MacOSX.sdk/System/Library/Frameworks/Ruby.framework/Versions/2.6/usr/include/ruby-2.6.0/ruby/ruby.h:408:33: note: expanded from macro 'RB_ID2SYM'
  408 | #define RB_ID2SYM(x) (rb_id2sym(x))
      |                                 ^
Pointer.c:361:45: note: '{' token is here
  361 |         return order == BIG_ENDIAN ? ID2SYM(rb_intern("big")) : ID2SYM(rb_intern("little"));
      |                                             ^~~~~~~~~~~~~~~~
/Library/Developer/CommandLineTools/SDKs/MacOSX.sdk/System/Library/Frameworks/Ruby.framework/Versions/2.6/usr/include/ruby-2.6.0/ruby/ruby.h:1826:24: note: expanded from macro 'rb_intern'
 1826 |         __extension__ (RUBY_CONST_ID_CACHE((ID), (str))) : \
      |                        ^~~~~~~~~~~~~~~~~~~~~~~~~~~~~~~~
/Library/Developer/CommandLineTools/SDKs/MacOSX.sdk/System/Library/Frameworks/Ruby.framework/Versions/2.6/usr/include/ruby-2.6.0/ruby/ruby.h:1811:5: note: expanded from macro 'RUBY_CONST_ID_CACHE'
 1811 |     {                                                   \
      |     ^
/Library/Developer/CommandLineTools/SDKs/MacOSX.sdk/System/Library/Frameworks/Ruby.framework/Versions/2.6/usr/include/ruby-2.6.0/ruby/ruby.h:413:29: note: expanded from macro 'ID2SYM'
  413 | #define ID2SYM(x) RB_ID2SYM(x)
      |                             ^
/Library/Developer/CommandLineTools/SDKs/MacOSX.sdk/System/Library/Frameworks/Ruby.framework/Versions/2.6/usr/include/ruby-2.6.0/ruby/ruby.h:408:33: note: expanded from macro 'RB_ID2SYM'
  408 | #define RB_ID2SYM(x) (rb_id2sym(x))
      |                                 ^
Pointer.c:361:45: warning: '}' and ')' tokens terminating statement expression appear in different macro expansion contexts [-Wcompound-token-split-by-macro]
  361 |         return order == BIG_ENDIAN ? ID2SYM(rb_intern("big")) : ID2SYM(rb_intern("little"));
      |                                             ^~~~~~~~~~~~~~~~
/Library/Developer/CommandLineTools/SDKs/MacOSX.sdk/System/Library/Frameworks/Ruby.framework/Versions/2.6/usr/include/ruby-2.6.0/ruby/ruby.h:1826:24: note: expanded from macro 'rb_intern'
 1826 |         __extension__ (RUBY_CONST_ID_CACHE((ID), (str))) : \
      |                        ^~~~~~~~~~~~~~~~~~~~~~~~~~~~~~~~
/Library/Developer/CommandLineTools/SDKs/MacOSX.sdk/System/Library/Frameworks/Ruby.framework/Versions/2.6/usr/include/ruby-2.6.0/ruby/ruby.h:1816:5: note: expanded from macro 'RUBY_CONST_ID_CACHE'
 1816 |     }
      |     ^
/Library/Developer/CommandLineTools/SDKs/MacOSX.sdk/System/Library/Frameworks/Ruby.framework/Versions/2.6/usr/include/ruby-2.6.0/ruby/ruby.h:413:29: note: expanded from macro 'ID2SYM'
  413 | #define ID2SYM(x) RB_ID2SYM(x)
      |                             ^
/Library/Developer/CommandLineTools/SDKs/MacOSX.sdk/System/Library/Frameworks/Ruby.framework/Versions/2.6/usr/include/ruby-2.6.0/ruby/ruby.h:408:33: note: expanded from macro 'RB_ID2SYM'
  408 | #define RB_ID2SYM(x) (rb_id2sym(x))
      |                                 ^
Pointer.c:361:45: note: ')' token is here
  361 |         return order == BIG_ENDIAN ? ID2SYM(rb_intern("big")) : ID2SYM(rb_intern("little"));
      |                                             ^~~~~~~~~~~~~~~~
/Library/Developer/CommandLineTools/SDKs/MacOSX.sdk/System/Library/Frameworks/Ruby.framework/Versions/2.6/usr/include/ruby-2.6.0/ruby/ruby.h:1826:56: note: expanded from macro 'rb_intern'
 1826 |         __extension__ (RUBY_CONST_ID_CACHE((ID), (str))) : \
      |                                                        ^
/Library/Developer/CommandLineTools/SDKs/MacOSX.sdk/System/Library/Frameworks/Ruby.framework/Versions/2.6/usr/include/ruby-2.6.0/ruby/ruby.h:413:29: note: expanded from macro 'ID2SYM'
  413 | #define ID2SYM(x) RB_ID2SYM(x)
      |                             ^
/Library/Developer/CommandLineTools/SDKs/MacOSX.sdk/System/Library/Frameworks/Ruby.framework/Versions/2.6/usr/include/ruby-2.6.0/ruby/ruby.h:408:33: note: expanded from macro 'RB_ID2SYM'
  408 | #define RB_ID2SYM(x) (rb_id2sym(x))
      |                                 ^
Pointer.c:361:72: warning: '(' and '{' tokens introducing statement expression appear in different macro expansion contexts [-Wcompound-token-split-by-macro]
  361 |         return order == BIG_ENDIAN ? ID2SYM(rb_intern("big")) : ID2SYM(rb_intern("little"));
      |                                                                        ^~~~~~~~~~~~~~~~~~~
/Library/Developer/CommandLineTools/SDKs/MacOSX.sdk/System/Library/Frameworks/Ruby.framework/Versions/2.6/usr/include/ruby-2.6.0/ruby/ruby.h:1826:23: note: expanded from macro 'rb_intern'
 1826 |         __extension__ (RUBY_CONST_ID_CACHE((ID), (str))) : \
      |                       ^
/Library/Developer/CommandLineTools/SDKs/MacOSX.sdk/System/Library/Frameworks/Ruby.framework/Versions/2.6/usr/include/ruby-2.6.0/ruby/ruby.h:413:29: note: expanded from macro 'ID2SYM'
  413 | #define ID2SYM(x) RB_ID2SYM(x)
      |                             ^
/Library/Developer/CommandLineTools/SDKs/MacOSX.sdk/System/Library/Frameworks/Ruby.framework/Versions/2.6/usr/include/ruby-2.6.0/ruby/ruby.h:408:33: note: expanded from macro 'RB_ID2SYM'
  408 | #define RB_ID2SYM(x) (rb_id2sym(x))
      |                                 ^
Pointer.c:361:72: note: '{' token is here
  361 |         return order == BIG_ENDIAN ? ID2SYM(rb_intern("big")) : ID2SYM(rb_intern("little"));
      |                                                                        ^~~~~~~~~~~~~~~~~~~
/Library/Developer/CommandLineTools/SDKs/MacOSX.sdk/System/Library/Frameworks/Ruby.framework/Versions/2.6/usr/include/ruby-2.6.0/ruby/ruby.h:1826:24: note: expanded from macro 'rb_intern'
 1826 |         __extension__ (RUBY_CONST_ID_CACHE((ID), (str))) : \
      |                        ^~~~~~~~~~~~~~~~~~~~~~~~~~~~~~~~
/Library/Developer/CommandLineTools/SDKs/MacOSX.sdk/System/Library/Frameworks/Ruby.framework/Versions/2.6/usr/include/ruby-2.6.0/ruby/ruby.h:1811:5: note: expanded from macro 'RUBY_CONST_ID_CACHE'
 1811 |     {                                                   \
      |     ^
/Library/Developer/CommandLineTools/SDKs/MacOSX.sdk/System/Library/Frameworks/Ruby.framework/Versions/2.6/usr/include/ruby-2.6.0/ruby/ruby.h:413:29: note: expanded from macro 'ID2SYM'
  413 | #define ID2SYM(x) RB_ID2SYM(x)
      |                             ^
/Library/Developer/CommandLineTools/SDKs/MacOSX.sdk/System/Library/Frameworks/Ruby.framework/Versions/2.6/usr/include/ruby-2.6.0/ruby/ruby.h:408:33: note: expanded from macro 'RB_ID2SYM'
  408 | #define RB_ID2SYM(x) (rb_id2sym(x))
      |                                 ^
Pointer.c:361:72: warning: '}' and ')' tokens terminating statement expression appear in different macro expansion contexts [-Wcompound-token-split-by-macro]
  361 |         return order == BIG_ENDIAN ? ID2SYM(rb_intern("big")) : ID2SYM(rb_intern("little"));
      |                                                                        ^~~~~~~~~~~~~~~~~~~
/Library/Developer/CommandLineTools/SDKs/MacOSX.sdk/System/Library/Frameworks/Ruby.framework/Versions/2.6/usr/include/ruby-2.6.0/ruby/ruby.h:1826:24: note: expanded from macro 'rb_intern'
 1826 |         __extension__ (RUBY_CONST_ID_CACHE((ID), (str))) : \
      |                        ^~~~~~~~~~~~~~~~~~~~~~~~~~~~~~~~
/Library/Developer/CommandLineTools/SDKs/MacOSX.sdk/System/Library/Frameworks/Ruby.framework/Versions/2.6/usr/include/ruby-2.6.0/ruby/ruby.h:1816:5: note: expanded from macro 'RUBY_CONST_ID_CACHE'
 1816 |     }
      |     ^
/Library/Developer/CommandLineTools/SDKs/MacOSX.sdk/System/Library/Frameworks/Ruby.framework/Versions/2.6/usr/include/ruby-2.6.0/ruby/ruby.h:413:29: note: expanded from macro 'ID2SYM'
  413 | #define ID2SYM(x) RB_ID2SYM(x)
      |                             ^
/Library/Developer/CommandLineTools/SDKs/MacOSX.sdk/System/Library/Frameworks/Ruby.framework/Versions/2.6/usr/include/ruby-2.6.0/ruby/ruby.h:408:33: note: expanded from macro 'RB_ID2SYM'
  408 | #define RB_ID2SYM(x) (rb_id2sym(x))
      |                                 ^
Pointer.c:361:72: note: ')' token is here
  361 |         return order == BIG_ENDIAN ? ID2SYM(rb_intern("big")) : ID2SYM(rb_intern("little"));
      |                                                                        ^~~~~~~~~~~~~~~~~~~
/Library/Developer/CommandLineTools/SDKs/MacOSX.sdk/System/Library/Frameworks/Ruby.framework/Versions/2.6/usr/include/ruby-2.6.0/ruby/ruby.h:1826:56: note: expanded from macro 'rb_intern'
 1826 |         __extension__ (RUBY_CONST_ID_CACHE((ID), (str))) : \
      |                                                        ^
/Library/Developer/CommandLineTools/SDKs/MacOSX.sdk/System/Library/Frameworks/Ruby.framework/Versions/2.6/usr/include/ruby-2.6.0/ruby/ruby.h:413:29: note: expanded from macro 'ID2SYM'
  413 | #define ID2SYM(x) RB_ID2SYM(x)
      |                             ^
/Library/Developer/CommandLineTools/SDKs/MacOSX.sdk/System/Library/Frameworks/Ruby.framework/Versions/2.6/usr/include/ruby-2.6.0/ruby/ruby.h:408:33: note: expanded from macro 'RB_ID2SYM'
  408 | #define RB_ID2SYM(x) (rb_id2sym(x))
      |                                 ^
Pointer.c:371:23: warning: '(' and '{' tokens introducing statement expression appear in different macro expansion contexts [-Wcompound-token-split-by-macro]
  371 |             if (id == rb_intern("little")) {
      |                       ^~~~~~~~~~~~~~~~~~~
/Library/Developer/CommandLineTools/SDKs/MacOSX.sdk/System/Library/Frameworks/Ruby.framework/Versions/2.6/usr/include/ruby-2.6.0/ruby/ruby.h:1826:23: note: expanded from macro 'rb_intern'
 1826 |         __extension__ (RUBY_CONST_ID_CACHE((ID), (str))) : \
      |                       ^
Pointer.c:371:23: note: '{' token is here
  371 |             if (id == rb_intern("little")) {
      |                       ^~~~~~~~~~~~~~~~~~~
/Library/Developer/CommandLineTools/SDKs/MacOSX.sdk/System/Library/Frameworks/Ruby.framework/Versions/2.6/usr/include/ruby-2.6.0/ruby/ruby.h:1826:24: note: expanded from macro 'rb_intern'
 1826 |         __extension__ (RUBY_CONST_ID_CACHE((ID), (str))) : \
      |                        ^~~~~~~~~~~~~~~~~~~~~~~~~~~~~~~~
/Library/Developer/CommandLineTools/SDKs/MacOSX.sdk/System/Library/Frameworks/Ruby.framework/Versions/2.6/usr/include/ruby-2.6.0/ruby/ruby.h:1811:5: note: expanded from macro 'RUBY_CONST_ID_CACHE'
 1811 |     {                                                   \
      |     ^
Pointer.c:371:23: warning: '}' and ')' tokens terminating statement expression appear in different macro expansion contexts [-Wcompound-token-split-by-macro]
  371 |             if (id == rb_intern("little")) {
      |                       ^~~~~~~~~~~~~~~~~~~
/Library/Developer/CommandLineTools/SDKs/MacOSX.sdk/System/Library/Frameworks/Ruby.framework/Versions/2.6/usr/include/ruby-2.6.0/ruby/ruby.h:1826:24: note: expanded from macro 'rb_intern'
 1826 |         __extension__ (RUBY_CONST_ID_CACHE((ID), (str))) : \
      |                        ^~~~~~~~~~~~~~~~~~~~~~~~~~~~~~~~
/Library/Developer/CommandLineTools/SDKs/MacOSX.sdk/System/Library/Frameworks/Ruby.framework/Versions/2.6/usr/include/ruby-2.6.0/ruby/ruby.h:1816:5: note: expanded from macro 'RUBY_CONST_ID_CACHE'
 1816 |     }
      |     ^
Pointer.c:371:23: note: ')' token is here
  371 |             if (id == rb_intern("little")) {
      |                       ^~~~~~~~~~~~~~~~~~~
/Library/Developer/CommandLineTools/SDKs/MacOSX.sdk/System/Library/Frameworks/Ruby.framework/Versions/2.6/usr/include/ruby-2.6.0/ruby/ruby.h:1826:56: note: expanded from macro 'rb_intern'
 1826 |         __extension__ (RUBY_CONST_ID_CACHE((ID), (str))) : \
      |                                                        ^
Pointer.c:374:30: warning: '(' and '{' tokens introducing statement expression appear in different macro expansion contexts [-Wcompound-token-split-by-macro]
  374 |             } else if (id == rb_intern("big") || id == rb_intern("network")) {
      |                              ^~~~~~~~~~~~~~~~
/Library/Developer/CommandLineTools/SDKs/MacOSX.sdk/System/Library/Frameworks/Ruby.framework/Versions/2.6/usr/include/ruby-2.6.0/ruby/ruby.h:1826:23: note: expanded from macro 'rb_intern'
 1826 |         __extension__ (RUBY_CONST_ID_CACHE((ID), (str))) : \
      |                       ^
Pointer.c:374:30: note: '{' token is here
  374 |             } else if (id == rb_intern("big") || id == rb_intern("network")) {
      |                              ^~~~~~~~~~~~~~~~
/Library/Developer/CommandLineTools/SDKs/MacOSX.sdk/System/Library/Frameworks/Ruby.framework/Versions/2.6/usr/include/ruby-2.6.0/ruby/ruby.h:1826:24: note: expanded from macro 'rb_intern'
 1826 |         __extension__ (RUBY_CONST_ID_CACHE((ID), (str))) : \
      |                        ^~~~~~~~~~~~~~~~~~~~~~~~~~~~~~~~
/Library/Developer/CommandLineTools/SDKs/MacOSX.sdk/System/Library/Frameworks/Ruby.framework/Versions/2.6/usr/include/ruby-2.6.0/ruby/ruby.h:1811:5: note: expanded from macro 'RUBY_CONST_ID_CACHE'
 1811 |     {                                                   \
      |     ^
Pointer.c:374:30: warning: '}' and ')' tokens terminating statement expression appear in different macro expansion contexts [-Wcompound-token-split-by-macro]
  374 |             } else if (id == rb_intern("big") || id == rb_intern("network")) {
      |                              ^~~~~~~~~~~~~~~~
/Library/Developer/CommandLineTools/SDKs/MacOSX.sdk/System/Library/Frameworks/Ruby.framework/Versions/2.6/usr/include/ruby-2.6.0/ruby/ruby.h:1826:24: note: expanded from macro 'rb_intern'
 1826 |         __extension__ (RUBY_CONST_ID_CACHE((ID), (str))) : \
      |                        ^~~~~~~~~~~~~~~~~~~~~~~~~~~~~~~~
/Library/Developer/CommandLineTools/SDKs/MacOSX.sdk/System/Library/Frameworks/Ruby.framework/Versions/2.6/usr/include/ruby-2.6.0/ruby/ruby.h:1816:5: note: expanded from macro 'RUBY_CONST_ID_CACHE'
 1816 |     }
      |     ^
Pointer.c:374:30: note: ')' token is here
  374 |             } else if (id == rb_intern("big") || id == rb_intern("network")) {
      |                              ^~~~~~~~~~~~~~~~
/Library/Developer/CommandLineTools/SDKs/MacOSX.sdk/System/Library/Frameworks/Ruby.framework/Versions/2.6/usr/include/ruby-2.6.0/ruby/ruby.h:1826:56: note: expanded from macro 'rb_intern'
 1826 |         __extension__ (RUBY_CONST_ID_CACHE((ID), (str))) : \
      |                                                        ^
Pointer.c:374:56: warning: '(' and '{' tokens introducing statement expression appear in different macro expansion contexts [-Wcompound-token-split-by-macro]
  374 |             } else if (id == rb_intern("big") || id == rb_intern("network")) {
      |                                                        ^~~~~~~~~~~~~~~~~~~~
/Library/Developer/CommandLineTools/SDKs/MacOSX.sdk/System/Library/Frameworks/Ruby.framework/Versions/2.6/usr/include/ruby-2.6.0/ruby/ruby.h:1826:23: note: expanded from macro 'rb_intern'
 1826 |         __extension__ (RUBY_CONST_ID_CACHE((ID), (str))) : \
      |                       ^
Pointer.c:374:56: note: '{' token is here
  374 |             } else if (id == rb_intern("big") || id == rb_intern("network")) {
      |                                                        ^~~~~~~~~~~~~~~~~~~~
/Library/Developer/CommandLineTools/SDKs/MacOSX.sdk/System/Library/Frameworks/Ruby.framework/Versions/2.6/usr/include/ruby-2.6.0/ruby/ruby.h:1826:24: note: expanded from macro 'rb_intern'
 1826 |         __extension__ (RUBY_CONST_ID_CACHE((ID), (str))) : \
      |                        ^~~~~~~~~~~~~~~~~~~~~~~~~~~~~~~~
/Library/Developer/CommandLineTools/SDKs/MacOSX.sdk/System/Library/Frameworks/Ruby.framework/Versions/2.6/usr/include/ruby-2.6.0/ruby/ruby.h:1811:5: note: expanded from macro 'RUBY_CONST_ID_CACHE'
 1811 |     {                                                   \
      |     ^
Pointer.c:374:56: warning: '}' and ')' tokens terminating statement expression appear in different macro expansion contexts [-Wcompound-token-split-by-macro]
  374 |             } else if (id == rb_intern("big") || id == rb_intern("network")) {
      |                                                        ^~~~~~~~~~~~~~~~~~~~
/Library/Developer/CommandLineTools/SDKs/MacOSX.sdk/System/Library/Frameworks/Ruby.framework/Versions/2.6/usr/include/ruby-2.6.0/ruby/ruby.h:1826:24: note: expanded from macro 'rb_intern'
 1826 |         __extension__ (RUBY_CONST_ID_CACHE((ID), (str))) : \
      |                        ^~~~~~~~~~~~~~~~~~~~~~~~~~~~~~~~
/Library/Developer/CommandLineTools/SDKs/MacOSX.sdk/System/Library/Frameworks/Ruby.framework/Versions/2.6/usr/include/ruby-2.6.0/ruby/ruby.h:1816:5: note: expanded from macro 'RUBY_CONST_ID_CACHE'
 1816 |     }
      |     ^
Pointer.c:374:56: note: ')' token is here
  374 |             } else if (id == rb_intern("big") || id == rb_intern("network")) {
      |                                                        ^~~~~~~~~~~~~~~~~~~~
/Library/Developer/CommandLineTools/SDKs/MacOSX.sdk/System/Library/Frameworks/Ruby.framework/Versions/2.6/usr/include/ruby-2.6.0/ruby/ruby.h:1826:56: note: expanded from macro 'rb_intern'
 1826 |         __extension__ (RUBY_CONST_ID_CACHE((ID), (str))) : \
      |                                                        ^
Pointer.c:415:52: warning: '(' and '{' tokens introducing statement expression appear in different macro expansion contexts [-Wcompound-token-split-by-macro]
  415 |         VALUE caller = rb_funcall(rb_funcall(Qnil, rb_intern("caller"), 0), rb_intern("first"), 0);
      |                                                    ^~~~~~~~~~~~~~~~~~~
/Library/Developer/CommandLineTools/SDKs/MacOSX.sdk/System/Library/Frameworks/Ruby.framework/Versions/2.6/usr/include/ruby-2.6.0/ruby/ruby.h:1826:23: note: expanded from macro 'rb_intern'
 1826 |         __extension__ (RUBY_CONST_ID_CACHE((ID), (str))) : \
      |                       ^
/Library/Developer/CommandLineTools/SDKs/MacOSX.sdk/System/Library/Frameworks/Ruby.framework/Versions/2.6/usr/include/ruby-2.6.0/ruby/ruby.h:2602:20: note: expanded from macro 'rb_funcall'
 2602 |         rb_funcallv(recv, mid, \
      |                           ^~~
/Library/Developer/CommandLineTools/SDKs/MacOSX.sdk/System/Library/Frameworks/Ruby.framework/Versions/2.6/usr/include/ruby-2.6.0/ruby/ruby.h:2602:14: note: expanded from macro 'rb_funcall'
 2602 |         rb_funcallv(recv, mid, \
      |                     ^~~~
Pointer.c:415:52: note: '{' token is here
  415 |         VALUE caller = rb_funcall(rb_funcall(Qnil, rb_intern("caller"), 0), rb_intern("first"), 0);
      |                                                    ^~~~~~~~~~~~~~~~~~~
/Library/Developer/CommandLineTools/SDKs/MacOSX.sdk/System/Library/Frameworks/Ruby.framework/Versions/2.6/usr/include/ruby-2.6.0/ruby/ruby.h:1826:24: note: expanded from macro 'rb_intern'
 1826 |         __extension__ (RUBY_CONST_ID_CACHE((ID), (str))) : \
      |                        ^~~~~~~~~~~~~~~~~~~~~~~~~~~~~~~~
/Library/Developer/CommandLineTools/SDKs/MacOSX.sdk/System/Library/Frameworks/Ruby.framework/Versions/2.6/usr/include/ruby-2.6.0/ruby/ruby.h:1811:5: note: expanded from macro 'RUBY_CONST_ID_CACHE'
 1811 |     {                                                   \
      |     ^
/Library/Developer/CommandLineTools/SDKs/MacOSX.sdk/System/Library/Frameworks/Ruby.framework/Versions/2.6/usr/include/ruby-2.6.0/ruby/ruby.h:2602:20: note: expanded from macro 'rb_funcall'
 2602 |         rb_funcallv(recv, mid, \
      |                           ^~~
/Library/Developer/CommandLineTools/SDKs/MacOSX.sdk/System/Library/Frameworks/Ruby.framework/Versions/2.6/usr/include/ruby-2.6.0/ruby/ruby.h:2602:14: note: expanded from macro 'rb_funcall'
 2602 |         rb_funcallv(recv, mid, \
      |                     ^~~~
Pointer.c:415:52: warning: '}' and ')' tokens terminating statement expression appear in different macro expansion contexts [-Wcompound-token-split-by-macro]
  415 |         VALUE caller = rb_funcall(rb_funcall(Qnil, rb_intern("caller"), 0), rb_intern("first"), 0);
      |                                                    ^~~~~~~~~~~~~~~~~~~
/Library/Developer/CommandLineTools/SDKs/MacOSX.sdk/System/Library/Frameworks/Ruby.framework/Versions/2.6/usr/include/ruby-2.6.0/ruby/ruby.h:1826:24: note: expanded from macro 'rb_intern'
 1826 |         __extension__ (RUBY_CONST_ID_CACHE((ID), (str))) : \
      |                        ^~~~~~~~~~~~~~~~~~~~~~~~~~~~~~~~
/Library/Developer/CommandLineTools/SDKs/MacOSX.sdk/System/Library/Frameworks/Ruby.framework/Versions/2.6/usr/include/ruby-2.6.0/ruby/ruby.h:1816:5: note: expanded from macro 'RUBY_CONST_ID_CACHE'
 1816 |     }
      |     ^
/Library/Developer/CommandLineTools/SDKs/MacOSX.sdk/System/Library/Frameworks/Ruby.framework/Versions/2.6/usr/include/ruby-2.6.0/ruby/ruby.h:2602:20: note: expanded from macro 'rb_funcall'
 2602 |         rb_funcallv(recv, mid, \
      |                           ^~~
/Library/Developer/CommandLineTools/SDKs/MacOSX.sdk/System/Library/Frameworks/Ruby.framework/Versions/2.6/usr/include/ruby-2.6.0/ruby/ruby.h:2602:14: note: expanded from macro 'rb_funcall'
 2602 |         rb_funcallv(recv, mid, \
      |                     ^~~~
Pointer.c:415:52: note: ')' token is here
  415 |         VALUE caller = rb_funcall(rb_funcall(Qnil, rb_intern("caller"), 0), rb_intern("first"), 0);
      |                                                    ^~~~~~~~~~~~~~~~~~~
/Library/Developer/CommandLineTools/SDKs/MacOSX.sdk/System/Library/Frameworks/Ruby.framework/Versions/2.6/usr/include/ruby-2.6.0/ruby/ruby.h:1826:56: note: expanded from macro 'rb_intern'
 1826 |         __extension__ (RUBY_CONST_ID_CACHE((ID), (str))) : \
      |                                                        ^
/Library/Developer/CommandLineTools/SDKs/MacOSX.sdk/System/Library/Frameworks/Ruby.framework/Versions/2.6/usr/include/ruby-2.6.0/ruby/ruby.h:2602:20: note: expanded from macro 'rb_funcall'
 2602 |         rb_funcallv(recv, mid, \
      |                           ^~~
/Library/Developer/CommandLineTools/SDKs/MacOSX.sdk/System/Library/Frameworks/Ruby.framework/Versions/2.6/usr/include/ruby-2.6.0/ruby/ruby.h:2602:14: note: expanded from macro 'rb_funcall'
 2602 |         rb_funcallv(recv, mid, \
      |                     ^~~~
Pointer.c:415:77: warning: '(' and '{' tokens introducing statement expression appear in different macro expansion contexts [-Wcompound-token-split-by-macro]
  415 |         VALUE caller = rb_funcall(rb_funcall(Qnil, rb_intern("caller"), 0), rb_intern("first"), 0);
      |                                                                             ^~~~~~~~~~~~~~~~~~
/Library/Developer/CommandLineTools/SDKs/MacOSX.sdk/System/Library/Frameworks/Ruby.framework/Versions/2.6/usr/include/ruby-2.6.0/ruby/ruby.h:1826:23: note: expanded from macro 'rb_intern'
 1826 |         __extension__ (RUBY_CONST_ID_CACHE((ID), (str))) : \
      |                       ^
/Library/Developer/CommandLineTools/SDKs/MacOSX.sdk/System/Library/Frameworks/Ruby.framework/Versions/2.6/usr/include/ruby-2.6.0/ruby/ruby.h:2602:20: note: expanded from macro 'rb_funcall'
 2602 |         rb_funcallv(recv, mid, \
      |                           ^~~
Pointer.c:415:77: note: '{' token is here
  415 |         VALUE caller = rb_funcall(rb_funcall(Qnil, rb_intern("caller"), 0), rb_intern("first"), 0);
      |                                                                             ^~~~~~~~~~~~~~~~~~
/Library/Developer/CommandLineTools/SDKs/MacOSX.sdk/System/Library/Frameworks/Ruby.framework/Versions/2.6/usr/include/ruby-2.6.0/ruby/ruby.h:1826:24: note: expanded from macro 'rb_intern'
 1826 |         __extension__ (RUBY_CONST_ID_CACHE((ID), (str))) : \
      |                        ^~~~~~~~~~~~~~~~~~~~~~~~~~~~~~~~
/Library/Developer/CommandLineTools/SDKs/MacOSX.sdk/System/Library/Frameworks/Ruby.framework/Versions/2.6/usr/include/ruby-2.6.0/ruby/ruby.h:1811:5: note: expanded from macro 'RUBY_CONST_ID_CACHE'
 1811 |     {                                                   \
      |     ^
/Library/Developer/CommandLineTools/SDKs/MacOSX.sdk/System/Library/Frameworks/Ruby.framework/Versions/2.6/usr/include/ruby-2.6.0/ruby/ruby.h:2602:20: note: expanded from macro 'rb_funcall'
 2602 |         rb_funcallv(recv, mid, \
      |                           ^~~
Pointer.c:415:77: warning: '}' and ')' tokens terminating statement expression appear in different macro expansion contexts [-Wcompound-token-split-by-macro]
  415 |         VALUE caller = rb_funcall(rb_funcall(Qnil, rb_intern("caller"), 0), rb_intern("first"), 0);
      |                                                                             ^~~~~~~~~~~~~~~~~~
/Library/Developer/CommandLineTools/SDKs/MacOSX.sdk/System/Library/Frameworks/Ruby.framework/Versions/2.6/usr/include/ruby-2.6.0/ruby/ruby.h:1826:24: note: expanded from macro 'rb_intern'
 1826 |         __extension__ (RUBY_CONST_ID_CACHE((ID), (str))) : \
      |                        ^~~~~~~~~~~~~~~~~~~~~~~~~~~~~~~~
/Library/Developer/CommandLineTools/SDKs/MacOSX.sdk/System/Library/Frameworks/Ruby.framework/Versions/2.6/usr/include/ruby-2.6.0/ruby/ruby.h:1816:5: note: expanded from macro 'RUBY_CONST_ID_CACHE'
 1816 |     }
      |     ^
/Library/Developer/CommandLineTools/SDKs/MacOSX.sdk/System/Library/Frameworks/Ruby.framework/Versions/2.6/usr/include/ruby-2.6.0/ruby/ruby.h:2602:20: note: expanded from macro 'rb_funcall'
 2602 |         rb_funcallv(recv, mid, \
      |                           ^~~
Pointer.c:415:77: note: ')' token is here
  415 |         VALUE caller = rb_funcall(rb_funcall(Qnil, rb_intern("caller"), 0), rb_intern("first"), 0);
      |                                                                             ^~~~~~~~~~~~~~~~~~
/Library/Developer/CommandLineTools/SDKs/MacOSX.sdk/System/Library/Frameworks/Ruby.framework/Versions/2.6/usr/include/ruby-2.6.0/ruby/ruby.h:1826:56: note: expanded from macro 'rb_intern'
 1826 |         __extension__ (RUBY_CONST_ID_CACHE((ID), (str))) : \
      |                                                        ^
/Library/Developer/CommandLineTools/SDKs/MacOSX.sdk/System/Library/Frameworks/Ruby.framework/Versions/2.6/usr/include/ruby-2.6.0/ruby/ruby.h:2602:20: note: expanded from macro 'rb_funcall'
 2602 |         rb_funcallv(recv, mid, \
      |                           ^~~
14 warnings generated.
compiling Struct.c
Struct.c:529:41: warning: '(' and '{' tokens introducing statement expression appear in different macro expansion contexts [-Wcompound-token-split-by-macro]
  529 |         return rb_funcall(s->rbPointer, rb_intern("order"), 0);
      |                                         ^~~~~~~~~~~~~~~~~~
/Library/Developer/CommandLineTools/SDKs/MacOSX.sdk/System/Library/Frameworks/Ruby.framework/Versions/2.6/usr/include/ruby-2.6.0/ruby/ruby.h:1826:23: note: expanded from macro 'rb_intern'
 1826 |         __extension__ (RUBY_CONST_ID_CACHE((ID), (str))) : \
      |                       ^
/Library/Developer/CommandLineTools/SDKs/MacOSX.sdk/System/Library/Frameworks/Ruby.framework/Versions/2.6/usr/include/ruby-2.6.0/ruby/ruby.h:2602:20: note: expanded from macro 'rb_funcall'
 2602 |         rb_funcallv(recv, mid, \
      |                           ^~~
Struct.c:529:41: note: '{' token is here
  529 |         return rb_funcall(s->rbPointer, rb_intern("order"), 0);
      |                                         ^~~~~~~~~~~~~~~~~~
/Library/Developer/CommandLineTools/SDKs/MacOSX.sdk/System/Library/Frameworks/Ruby.framework/Versions/2.6/usr/include/ruby-2.6.0/ruby/ruby.h:1826:24: note: expanded from macro 'rb_intern'
 1826 |         __extension__ (RUBY_CONST_ID_CACHE((ID), (str))) : \
      |                        ^~~~~~~~~~~~~~~~~~~~~~~~~~~~~~~~
/Library/Developer/CommandLineTools/SDKs/MacOSX.sdk/System/Library/Frameworks/Ruby.framework/Versions/2.6/usr/include/ruby-2.6.0/ruby/ruby.h:1811:5: note: expanded from macro 'RUBY_CONST_ID_CACHE'
 1811 |     {                                                   \
      |     ^
/Library/Developer/CommandLineTools/SDKs/MacOSX.sdk/System/Library/Frameworks/Ruby.framework/Versions/2.6/usr/include/ruby-2.6.0/ruby/ruby.h:2602:20: note: expanded from macro 'rb_funcall'
 2602 |         rb_funcallv(recv, mid, \
      |                           ^~~
Struct.c:529:41: warning: '}' and ')' tokens terminating statement expression appear in different macro expansion contexts [-Wcompound-token-split-by-macro]
  529 |         return rb_funcall(s->rbPointer, rb_intern("order"), 0);
      |                                         ^~~~~~~~~~~~~~~~~~
/Library/Developer/CommandLineTools/SDKs/MacOSX.sdk/System/Library/Frameworks/Ruby.framework/Versions/2.6/usr/include/ruby-2.6.0/ruby/ruby.h:1826:24: note: expanded from macro 'rb_intern'
 1826 |         __extension__ (RUBY_CONST_ID_CACHE((ID), (str))) : \
      |                        ^~~~~~~~~~~~~~~~~~~~~~~~~~~~~~~~
/Library/Developer/CommandLineTools/SDKs/MacOSX.sdk/System/Library/Frameworks/Ruby.framework/Versions/2.6/usr/include/ruby-2.6.0/ruby/ruby.h:1816:5: note: expanded from macro 'RUBY_CONST_ID_CACHE'
 1816 |     }
      |     ^
/Library/Developer/CommandLineTools/SDKs/MacOSX.sdk/System/Library/Frameworks/Ruby.framework/Versions/2.6/usr/include/ruby-2.6.0/ruby/ruby.h:2602:20: note: expanded from macro 'rb_funcall'
 2602 |         rb_funcallv(recv, mid, \
      |                           ^~~
Struct.c:529:41: note: ')' token is here
  529 |         return rb_funcall(s->rbPointer, rb_intern("order"), 0);
      |                                         ^~~~~~~~~~~~~~~~~~
/Library/Developer/CommandLineTools/SDKs/MacOSX.sdk/System/Library/Frameworks/Ruby.framework/Versions/2.6/usr/include/ruby-2.6.0/ruby/ruby.h:1826:56: note: expanded from macro 'rb_intern'
 1826 |         __extension__ (RUBY_CONST_ID_CACHE((ID), (str))) : \
      |                                                        ^
/Library/Developer/CommandLineTools/SDKs/MacOSX.sdk/System/Library/Frameworks/Ruby.framework/Versions/2.6/usr/include/ruby-2.6.0/ruby/ruby.h:2602:20: note: expanded from macro 'rb_funcall'
 2602 |         rb_funcallv(recv, mid, \
      |                           ^~~
Struct.c:533:53: warning: '(' and '{' tokens introducing statement expression appear in different macro expansion contexts [-Wcompound-token-split-by-macro]
  533 |         VALUE rbPointer = rb_funcall2(s->rbPointer, rb_intern("order"), argc, argv);
      |                                                     ^~~~~~~~~~~~~~~~~~
/Library/Developer/CommandLineTools/SDKs/MacOSX.sdk/System/Library/Frameworks/Ruby.framework/Versions/2.6/usr/include/ruby-2.6.0/ruby/ruby.h:1826:23: note: expanded from macro 'rb_intern'
 1826 |         __extension__ (RUBY_CONST_ID_CACHE((ID), (str))) : \
      |                       ^
Struct.c:533:53: note: '{' token is here
  533 |         VALUE rbPointer = rb_funcall2(s->rbPointer, rb_intern("order"), argc, argv);
      |                                                     ^~~~~~~~~~~~~~~~~~
/Library/Developer/CommandLineTools/SDKs/MacOSX.sdk/System/Library/Frameworks/Ruby.framework/Versions/2.6/usr/include/ruby-2.6.0/ruby/ruby.h:1826:24: note: expanded from macro 'rb_intern'
 1826 |         __extension__ (RUBY_CONST_ID_CACHE((ID), (str))) : \
      |                        ^~~~~~~~~~~~~~~~~~~~~~~~~~~~~~~~
/Library/Developer/CommandLineTools/SDKs/MacOSX.sdk/System/Library/Frameworks/Ruby.framework/Versions/2.6/usr/include/ruby-2.6.0/ruby/ruby.h:1811:5: note: expanded from macro 'RUBY_CONST_ID_CACHE'
 1811 |     {                                                   \
      |     ^
Struct.c:533:53: warning: '}' and ')' tokens terminating statement expression appear in different macro expansion contexts [-Wcompound-token-split-by-macro]
  533 |         VALUE rbPointer = rb_funcall2(s->rbPointer, rb_intern("order"), argc, argv);
      |                                                     ^~~~~~~~~~~~~~~~~~
/Library/Developer/CommandLineTools/SDKs/MacOSX.sdk/System/Library/Frameworks/Ruby.framework/Versions/2.6/usr/include/ruby-2.6.0/ruby/ruby.h:1826:24: note: expanded from macro 'rb_intern'
 1826 |         __extension__ (RUBY_CONST_ID_CACHE((ID), (str))) : \
      |                        ^~~~~~~~~~~~~~~~~~~~~~~~~~~~~~~~
/Library/Developer/CommandLineTools/SDKs/MacOSX.sdk/System/Library/Frameworks/Ruby.framework/Versions/2.6/usr/include/ruby-2.6.0/ruby/ruby.h:1816:5: note: expanded from macro 'RUBY_CONST_ID_CACHE'
 1816 |     }
      |     ^
Struct.c:533:53: note: ')' token is here
  533 |         VALUE rbPointer = rb_funcall2(s->rbPointer, rb_intern("order"), argc, argv);
      |                                                     ^~~~~~~~~~~~~~~~~~
/Library/Developer/CommandLineTools/SDKs/MacOSX.sdk/System/Library/Frameworks/Ruby.framework/Versions/2.6/usr/include/ruby-2.6.0/ruby/ruby.h:1826:56: note: expanded from macro 'rb_intern'
 1826 |         __extension__ (RUBY_CONST_ID_CACHE((ID), (str))) : \
      |                                                        ^
Struct.c:661:21: warning: '(' and '{' tokens introducing statement expression appear in different macro expansion contexts [-Wcompound-token-split-by-macro]
  661 |                     rb_intern("from_native"), 2, rbNativeValue, Qnil);
      |                     ^~~~~~~~~~~~~~~~~~~~~~~~
/Library/Developer/CommandLineTools/SDKs/MacOSX.sdk/System/Library/Frameworks/Ruby.framework/Versions/2.6/usr/include/ruby-2.6.0/ruby/ruby.h:1826:23: note: expanded from macro 'rb_intern'
 1826 |         __extension__ (RUBY_CONST_ID_CACHE((ID), (str))) : \
      |                       ^
/Library/Developer/CommandLineTools/SDKs/MacOSX.sdk/System/Library/Frameworks/Ruby.framework/Versions/2.6/usr/include/ruby-2.6.0/ruby/ruby.h:2602:20: note: expanded from macro 'rb_funcall'
 2602 |         rb_funcallv(recv, mid, \
      |                           ^~~
Struct.c:661:21: note: '{' token is here
  661 |                     rb_intern("from_native"), 2, rbNativeValue, Qnil);
      |                     ^~~~~~~~~~~~~~~~~~~~~~~~
/Library/Developer/CommandLineTools/SDKs/MacOSX.sdk/System/Library/Frameworks/Ruby.framework/Versions/2.6/usr/include/ruby-2.6.0/ruby/ruby.h:1826:24: note: expanded from macro 'rb_intern'
 1826 |         __extension__ (RUBY_CONST_ID_CACHE((ID), (str))) : \
      |                        ^~~~~~~~~~~~~~~~~~~~~~~~~~~~~~~~
/Library/Developer/CommandLineTools/SDKs/MacOSX.sdk/System/Library/Frameworks/Ruby.framework/Versions/2.6/usr/include/ruby-2.6.0/ruby/ruby.h:1811:5: note: expanded from macro 'RUBY_CONST_ID_CACHE'
 1811 |     {                                                   \
      |     ^
/Library/Developer/CommandLineTools/SDKs/MacOSX.sdk/System/Library/Frameworks/Ruby.framework/Versions/2.6/usr/include/ruby-2.6.0/ruby/ruby.h:2602:20: note: expanded from macro 'rb_funcall'
 2602 |         rb_funcallv(recv, mid, \
      |                           ^~~
Struct.c:661:21: warning: '}' and ')' tokens terminating statement expression appear in different macro expansion contexts [-Wcompound-token-split-by-macro]
  661 |                     rb_intern("from_native"), 2, rbNativeValue, Qnil);
      |                     ^~~~~~~~~~~~~~~~~~~~~~~~
/Library/Developer/CommandLineTools/SDKs/MacOSX.sdk/System/Library/Frameworks/Ruby.framework/Versions/2.6/usr/include/ruby-2.6.0/ruby/ruby.h:1826:24: note: expanded from macro 'rb_intern'
 1826 |         __extension__ (RUBY_CONST_ID_CACHE((ID), (str))) : \
      |                        ^~~~~~~~~~~~~~~~~~~~~~~~~~~~~~~~
/Library/Developer/CommandLineTools/SDKs/MacOSX.sdk/System/Library/Frameworks/Ruby.framework/Versions/2.6/usr/include/ruby-2.6.0/ruby/ruby.h:1816:5: note: expanded from macro 'RUBY_CONST_ID_CACHE'
 1816 |     }
      |     ^
/Library/Developer/CommandLineTools/SDKs/MacOSX.sdk/System/Library/Frameworks/Ruby.framework/Versions/2.6/usr/include/ruby-2.6.0/ruby/ruby.h:2602:20: note: expanded from macro 'rb_funcall'
 2602 |         rb_funcallv(recv, mid, \
      |                           ^~~
Struct.c:661:21: note: ')' token is here
  661 |                     rb_intern("from_native"), 2, rbNativeValue, Qnil);
      |                     ^~~~~~~~~~~~~~~~~~~~~~~~
/Library/Developer/CommandLineTools/SDKs/MacOSX.sdk/System/Library/Frameworks/Ruby.framework/Versions/2.6/usr/include/ruby-2.6.0/ruby/ruby.h:1826:56: note: expanded from macro 'rb_intern'
 1826 |         __extension__ (RUBY_CONST_ID_CACHE((ID), (str))) : \
      |                                                        ^
/Library/Developer/CommandLineTools/SDKs/MacOSX.sdk/System/Library/Frameworks/Ruby.framework/Versions/2.6/usr/include/ruby-2.6.0/ruby/ruby.h:2602:20: note: expanded from macro 'rb_funcall'
 2602 |         rb_funcallv(recv, mid, \
      |                           ^~~
Struct.c:669:55: warning: '(' and '{' tokens introducing statement expression appear in different macro expansion contexts [-Wcompound-token-split-by-macro]
  669 |         VALUE rbPointer = rb_funcall(array->rbMemory, rb_intern("slice"), 2, rbOffset, rbLength);
      |                                                       ^~~~~~~~~~~~~~~~~~
/Library/Developer/CommandLineTools/SDKs/MacOSX.sdk/System/Library/Frameworks/Ruby.framework/Versions/2.6/usr/include/ruby-2.6.0/ruby/ruby.h:1826:23: note: expanded from macro 'rb_intern'
 1826 |         __extension__ (RUBY_CONST_ID_CACHE((ID), (str))) : \
      |                       ^
/Library/Developer/CommandLineTools/SDKs/MacOSX.sdk/System/Library/Frameworks/Ruby.framework/Versions/2.6/usr/include/ruby-2.6.0/ruby/ruby.h:2602:20: note: expanded from macro 'rb_funcall'
 2602 |         rb_funcallv(recv, mid, \
      |                           ^~~
Struct.c:669:55: note: '{' token is here
  669 |         VALUE rbPointer = rb_funcall(array->rbMemory, rb_intern("slice"), 2, rbOffset, rbLength);
      |                                                       ^~~~~~~~~~~~~~~~~~
/Library/Developer/CommandLineTools/SDKs/MacOSX.sdk/System/Library/Frameworks/Ruby.framework/Versions/2.6/usr/include/ruby-2.6.0/ruby/ruby.h:1826:24: note: expanded from macro 'rb_intern'
 1826 |         __extension__ (RUBY_CONST_ID_CACHE((ID), (str))) : \
      |                        ^~~~~~~~~~~~~~~~~~~~~~~~~~~~~~~~
/Library/Developer/CommandLineTools/SDKs/MacOSX.sdk/System/Library/Frameworks/Ruby.framework/Versions/2.6/usr/include/ruby-2.6.0/ruby/ruby.h:1811:5: note: expanded from macro 'RUBY_CONST_ID_CACHE'
 1811 |     {                                                   \
      |     ^
/Library/Developer/CommandLineTools/SDKs/MacOSX.sdk/System/Library/Frameworks/Ruby.framework/Versions/2.6/usr/include/ruby-2.6.0/ruby/ruby.h:2602:20: note: expanded from macro 'rb_funcall'
 2602 |         rb_funcallv(recv, mid, \
      |                           ^~~
Struct.c:669:55: warning: '}' and ')' tokens terminating statement expression appear in different macro expansion contexts [-Wcompound-token-split-by-macro]
  669 |         VALUE rbPointer = rb_funcall(array->rbMemory, rb_intern("slice"), 2, rbOffset, rbLength);
      |                                                       ^~~~~~~~~~~~~~~~~~
/Library/Developer/CommandLineTools/SDKs/MacOSX.sdk/System/Library/Frameworks/Ruby.framework/Versions/2.6/usr/include/ruby-2.6.0/ruby/ruby.h:1826:24: note: expanded from macro 'rb_intern'
 1826 |         __extension__ (RUBY_CONST_ID_CACHE((ID), (str))) : \
      |                        ^~~~~~~~~~~~~~~~~~~~~~~~~~~~~~~~
/Library/Developer/CommandLineTools/SDKs/MacOSX.sdk/System/Library/Frameworks/Ruby.framework/Versions/2.6/usr/include/ruby-2.6.0/ruby/ruby.h:1816:5: note: expanded from macro 'RUBY_CONST_ID_CACHE'
 1816 |     }
      |     ^
/Library/Developer/CommandLineTools/SDKs/MacOSX.sdk/System/Library/Frameworks/Ruby.framework/Versions/2.6/usr/include/ruby-2.6.0/ruby/ruby.h:2602:20: note: expanded from macro 'rb_funcall'
 2602 |         rb_funcallv(recv, mid, \
      |                           ^~~
Struct.c:669:55: note: ')' token is here
  669 |         VALUE rbPointer = rb_funcall(array->rbMemory, rb_intern("slice"), 2, rbOffset, rbLength);
      |                                                       ^~~~~~~~~~~~~~~~~~
/Library/Developer/CommandLineTools/SDKs/MacOSX.sdk/System/Library/Frameworks/Ruby.framework/Versions/2.6/usr/include/ruby-2.6.0/ruby/ruby.h:1826:56: note: expanded from macro 'rb_intern'
 1826 |         __extension__ (RUBY_CONST_ID_CACHE((ID), (str))) : \
      |                                                        ^
/Library/Developer/CommandLineTools/SDKs/MacOSX.sdk/System/Library/Frameworks/Ruby.framework/Versions/2.6/usr/include/ruby-2.6.0/ruby/ruby.h:2602:20: note: expanded from macro 'rb_funcall'
 2602 |         rb_funcallv(recv, mid, \
      |                           ^~~
Struct.c:700:21: warning: '(' and '{' tokens introducing statement expression appear in different macro expansion contexts [-Wcompound-token-split-by-macro]
  700 |                     rb_intern("to_native"), 2, rbValue, Qnil);
      |                     ^~~~~~~~~~~~~~~~~~~~~~
/Library/Developer/CommandLineTools/SDKs/MacOSX.sdk/System/Library/Frameworks/Ruby.framework/Versions/2.6/usr/include/ruby-2.6.0/ruby/ruby.h:1826:23: note: expanded from macro 'rb_intern'
 1826 |         __extension__ (RUBY_CONST_ID_CACHE((ID), (str))) : \
      |                       ^
/Library/Developer/CommandLineTools/SDKs/MacOSX.sdk/System/Library/Frameworks/Ruby.framework/Versions/2.6/usr/include/ruby-2.6.0/ruby/ruby.h:2602:20: note: expanded from macro 'rb_funcall'
 2602 |         rb_funcallv(recv, mid, \
      |                           ^~~
Struct.c:700:21: note: '{' token is here
  700 |                     rb_intern("to_native"), 2, rbValue, Qnil);
      |                     ^~~~~~~~~~~~~~~~~~~~~~
/Library/Developer/CommandLineTools/SDKs/MacOSX.sdk/System/Library/Frameworks/Ruby.framework/Versions/2.6/usr/include/ruby-2.6.0/ruby/ruby.h:1826:24: note: expanded from macro 'rb_intern'
 1826 |         __extension__ (RUBY_CONST_ID_CACHE((ID), (str))) : \
      |                        ^~~~~~~~~~~~~~~~~~~~~~~~~~~~~~~~
/Library/Developer/CommandLineTools/SDKs/MacOSX.sdk/System/Library/Frameworks/Ruby.framework/Versions/2.6/usr/include/ruby-2.6.0/ruby/ruby.h:1811:5: note: expanded from macro 'RUBY_CONST_ID_CACHE'
 1811 |     {                                                   \
      |     ^
/Library/Developer/CommandLineTools/SDKs/MacOSX.sdk/System/Library/Frameworks/Ruby.framework/Versions/2.6/usr/include/ruby-2.6.0/ruby/ruby.h:2602:20: note: expanded from macro 'rb_funcall'
 2602 |         rb_funcallv(recv, mid, \
      |                           ^~~
Struct.c:700:21: warning: '}' and ')' tokens terminating statement expression appear in different macro expansion contexts [-Wcompound-token-split-by-macro]
  700 |                     rb_intern("to_native"), 2, rbValue, Qnil);
      |                     ^~~~~~~~~~~~~~~~~~~~~~
/Library/Developer/CommandLineTools/SDKs/MacOSX.sdk/System/Library/Frameworks/Ruby.framework/Versions/2.6/usr/include/ruby-2.6.0/ruby/ruby.h:1826:24: note: expanded from macro 'rb_intern'
 1826 |         __extension__ (RUBY_CONST_ID_CACHE((ID), (str))) : \
      |                        ^~~~~~~~~~~~~~~~~~~~~~~~~~~~~~~~
/Library/Developer/CommandLineTools/SDKs/MacOSX.sdk/System/Library/Frameworks/Ruby.framework/Versions/2.6/usr/include/ruby-2.6.0/ruby/ruby.h:1816:5: note: expanded from macro 'RUBY_CONST_ID_CACHE'
 1816 |     }
      |     ^
/Library/Developer/CommandLineTools/SDKs/MacOSX.sdk/System/Library/Frameworks/Ruby.framework/Versions/2.6/usr/include/ruby-2.6.0/ruby/ruby.h:2602:20: note: expanded from macro 'rb_funcall'
 2602 |         rb_funcallv(recv, mid, \
      |                           ^~~
Struct.c:700:21: note: ')' token is here
  700 |                     rb_intern("to_native"), 2, rbValue, Qnil);
      |                     ^~~~~~~~~~~~~~~~~~~~~~
/Library/Developer/CommandLineTools/SDKs/MacOSX.sdk/System/Library/Frameworks/Ruby.framework/Versions/2.6/usr/include/ruby-2.6.0/ruby/ruby.h:1826:56: note: expanded from macro 'rb_intern'
 1826 |         __extension__ (RUBY_CONST_ID_CACHE((ID), (str))) : \
      |                                                        ^
/Library/Developer/CommandLineTools/SDKs/MacOSX.sdk/System/Library/Frameworks/Ruby.framework/Versions/2.6/usr/include/ruby-2.6.0/ruby/ruby.h:2602:20: note: expanded from macro 'rb_funcall'
 2602 |         rb_funcallv(recv, mid, \
      |                           ^~~
Struct.c:799:41: warning: '(' and '{' tokens introducing statement expression appear in different macro expansion contexts [-Wcompound-token-split-by-macro]
  799 |     return rb_funcall2(array->rbMemory, rb_intern("get_string"), 2, argv);
      |                                         ^~~~~~~~~~~~~~~~~~~~~~~
/Library/Developer/CommandLineTools/SDKs/MacOSX.sdk/System/Library/Frameworks/Ruby.framework/Versions/2.6/usr/include/ruby-2.6.0/ruby/ruby.h:1826:23: note: expanded from macro 'rb_intern'
 1826 |         __extension__ (RUBY_CONST_ID_CACHE((ID), (str))) : \
      |                       ^
Struct.c:799:41: note: '{' token is here
  799 |     return rb_funcall2(array->rbMemory, rb_intern("get_string"), 2, argv);
      |                                         ^~~~~~~~~~~~~~~~~~~~~~~
/Library/Developer/CommandLineTools/SDKs/MacOSX.sdk/System/Library/Frameworks/Ruby.framework/Versions/2.6/usr/include/ruby-2.6.0/ruby/ruby.h:1826:24: note: expanded from macro 'rb_intern'
 1826 |         __extension__ (RUBY_CONST_ID_CACHE((ID), (str))) : \
      |                        ^~~~~~~~~~~~~~~~~~~~~~~~~~~~~~~~
/Library/Developer/CommandLineTools/SDKs/MacOSX.sdk/System/Library/Frameworks/Ruby.framework/Versions/2.6/usr/include/ruby-2.6.0/ruby/ruby.h:1811:5: note: expanded from macro 'RUBY_CONST_ID_CACHE'
 1811 |     {                                                   \
      |     ^
Struct.c:799:41: warning: '}' and ')' tokens terminating statement expression appear in different macro expansion contexts [-Wcompound-token-split-by-macro]
  799 |     return rb_funcall2(array->rbMemory, rb_intern("get_string"), 2, argv);
      |                                         ^~~~~~~~~~~~~~~~~~~~~~~
/Library/Developer/CommandLineTools/SDKs/MacOSX.sdk/System/Library/Frameworks/Ruby.framework/Versions/2.6/usr/include/ruby-2.6.0/ruby/ruby.h:1826:24: note: expanded from macro 'rb_intern'
 1826 |         __extension__ (RUBY_CONST_ID_CACHE((ID), (str))) : \
      |                        ^~~~~~~~~~~~~~~~~~~~~~~~~~~~~~~~
/Library/Developer/CommandLineTools/SDKs/MacOSX.sdk/System/Library/Frameworks/Ruby.framework/Versions/2.6/usr/include/ruby-2.6.0/ruby/ruby.h:1816:5: note: expanded from macro 'RUBY_CONST_ID_CACHE'
 1816 |     }
      |     ^
Struct.c:799:41: note: ')' token is here
  799 |     return rb_funcall2(array->rbMemory, rb_intern("get_string"), 2, argv);
      |                                         ^~~~~~~~~~~~~~~~~~~~~~~
/Library/Developer/CommandLineTools/SDKs/MacOSX.sdk/System/Library/Frameworks/Ruby.framework/Versions/2.6/usr/include/ruby-2.6.0/ruby/ruby.h:1826:56: note: expanded from macro 'rb_intern'
 1826 |         __extension__ (RUBY_CONST_ID_CACHE((ID), (str))) : \
      |                                                        ^
Struct.c:814:40: warning: '(' and '{' tokens introducing statement expression appear in different macro expansion contexts [-Wcompound-token-split-by-macro]
  814 |     return rb_funcall(array->rbMemory, rb_intern("slice"), 2,
      |                                        ^~~~~~~~~~~~~~~~~~
/Library/Developer/CommandLineTools/SDKs/MacOSX.sdk/System/Library/Frameworks/Ruby.framework/Versions/2.6/usr/include/ruby-2.6.0/ruby/ruby.h:1826:23: note: expanded from macro 'rb_intern'
 1826 |         __extension__ (RUBY_CONST_ID_CACHE((ID), (str))) : \
      |                       ^
/Library/Developer/CommandLineTools/SDKs/MacOSX.sdk/System/Library/Frameworks/Ruby.framework/Versions/2.6/usr/include/ruby-2.6.0/ruby/ruby.h:2602:20: note: expanded from macro 'rb_funcall'
 2602 |         rb_funcallv(recv, mid, \
      |                           ^~~
Struct.c:814:40: note: '{' token is here
  814 |     return rb_funcall(array->rbMemory, rb_intern("slice"), 2,
      |                                        ^~~~~~~~~~~~~~~~~~
/Library/Developer/CommandLineTools/SDKs/MacOSX.sdk/System/Library/Frameworks/Ruby.framework/Versions/2.6/usr/include/ruby-2.6.0/ruby/ruby.h:1826:24: note: expanded from macro 'rb_intern'
 1826 |         __extension__ (RUBY_CONST_ID_CACHE((ID), (str))) : \
      |                        ^~~~~~~~~~~~~~~~~~~~~~~~~~~~~~~~
/Library/Developer/CommandLineTools/SDKs/MacOSX.sdk/System/Library/Frameworks/Ruby.framework/Versions/2.6/usr/include/ruby-2.6.0/ruby/ruby.h:1811:5: note: expanded from macro 'RUBY_CONST_ID_CACHE'
 1811 |     {                                                   \
      |     ^
/Library/Developer/CommandLineTools/SDKs/MacOSX.sdk/System/Library/Frameworks/Ruby.framework/Versions/2.6/usr/include/ruby-2.6.0/ruby/ruby.h:2602:20: note: expanded from macro 'rb_funcall'
 2602 |         rb_funcallv(recv, mid, \
      |                           ^~~
Struct.c:814:40: warning: '}' and ')' tokens terminating statement expression appear in different macro expansion contexts [-Wcompound-token-split-by-macro]
  814 |     return rb_funcall(array->rbMemory, rb_intern("slice"), 2,
      |                                        ^~~~~~~~~~~~~~~~~~
/Library/Developer/CommandLineTools/SDKs/MacOSX.sdk/System/Library/Frameworks/Ruby.framework/Versions/2.6/usr/include/ruby-2.6.0/ruby/ruby.h:1826:24: note: expanded from macro 'rb_intern'
 1826 |         __extension__ (RUBY_CONST_ID_CACHE((ID), (str))) : \
      |                        ^~~~~~~~~~~~~~~~~~~~~~~~~~~~~~~~
/Library/Developer/CommandLineTools/SDKs/MacOSX.sdk/System/Library/Frameworks/Ruby.framework/Versions/2.6/usr/include/ruby-2.6.0/ruby/ruby.h:1816:5: note: expanded from macro 'RUBY_CONST_ID_CACHE'
 1816 |     }
      |     ^
/Library/Developer/CommandLineTools/SDKs/MacOSX.sdk/System/Library/Frameworks/Ruby.framework/Versions/2.6/usr/include/ruby-2.6.0/ruby/ruby.h:2602:20: note: expanded from macro 'rb_funcall'
 2602 |         rb_funcallv(recv, mid, \
      |                           ^~~
Struct.c:814:40: note: ')' token is here
  814 |     return rb_funcall(array->rbMemory, rb_intern("slice"), 2,
      |                                        ^~~~~~~~~~~~~~~~~~
/Library/Developer/CommandLineTools/SDKs/MacOSX.sdk/System/Library/Frameworks/Ruby.framework/Versions/2.6/usr/include/ruby-2.6.0/ruby/ruby.h:1826:56: note: expanded from macro 'rb_intern'
 1826 |         __extension__ (RUBY_CONST_ID_CACHE((ID), (str))) : \
      |                                                        ^
/Library/Developer/CommandLineTools/SDKs/MacOSX.sdk/System/Library/Frameworks/Ruby.framework/Versions/2.6/usr/include/ruby-2.6.0/ruby/ruby.h:2602:20: note: expanded from macro 'rb_funcall'
 2602 |         rb_funcallv(recv, mid, \
      |                           ^~~
Struct.c:895:23: warning: '(' and '{' tokens introducing statement expression appear in different macro expansion contexts [-Wcompound-token-split-by-macro]
  895 |     id_pointer_ivar = rb_intern("@pointer");
      |                       ^~~~~~~~~~~~~~~~~~~~~
/Library/Developer/CommandLineTools/SDKs/MacOSX.sdk/System/Library/Frameworks/Ruby.framework/Versions/2.6/usr/include/ruby-2.6.0/ruby/ruby.h:1826:23: note: expanded from macro 'rb_intern'
 1826 |         __extension__ (RUBY_CONST_ID_CACHE((ID), (str))) : \
      |                       ^
Struct.c:895:23: note: '{' token is here
  895 |     id_pointer_ivar = rb_intern("@pointer");
      |                       ^~~~~~~~~~~~~~~~~~~~~
/Library/Developer/CommandLineTools/SDKs/MacOSX.sdk/System/Library/Frameworks/Ruby.framework/Versions/2.6/usr/include/ruby-2.6.0/ruby/ruby.h:1826:24: note: expanded from macro 'rb_intern'
 1826 |         __extension__ (RUBY_CONST_ID_CACHE((ID), (str))) : \
      |                        ^~~~~~~~~~~~~~~~~~~~~~~~~~~~~~~~
/Library/Developer/CommandLineTools/SDKs/MacOSX.sdk/System/Library/Frameworks/Ruby.framework/Versions/2.6/usr/include/ruby-2.6.0/ruby/ruby.h:1811:5: note: expanded from macro 'RUBY_CONST_ID_CACHE'
 1811 |     {                                                   \
      |     ^
Struct.c:895:23: warning: '}' and ')' tokens terminating statement expression appear in different macro expansion contexts [-Wcompound-token-split-by-macro]
  895 |     id_pointer_ivar = rb_intern("@pointer");
      |                       ^~~~~~~~~~~~~~~~~~~~~
/Library/Developer/CommandLineTools/SDKs/MacOSX.sdk/System/Library/Frameworks/Ruby.framework/Versions/2.6/usr/include/ruby-2.6.0/ruby/ruby.h:1826:24: note: expanded from macro 'rb_intern'
 1826 |         __extension__ (RUBY_CONST_ID_CACHE((ID), (str))) : \
      |                        ^~~~~~~~~~~~~~~~~~~~~~~~~~~~~~~~
/Library/Developer/CommandLineTools/SDKs/MacOSX.sdk/System/Library/Frameworks/Ruby.framework/Versions/2.6/usr/include/ruby-2.6.0/ruby/ruby.h:1816:5: note: expanded from macro 'RUBY_CONST_ID_CACHE'
 1816 |     }
      |     ^
Struct.c:895:23: note: ')' token is here
  895 |     id_pointer_ivar = rb_intern("@pointer");
      |                       ^~~~~~~~~~~~~~~~~~~~~
/Library/Developer/CommandLineTools/SDKs/MacOSX.sdk/System/Library/Frameworks/Ruby.framework/Versions/2.6/usr/include/ruby-2.6.0/ruby/ruby.h:1826:56: note: expanded from macro 'rb_intern'
 1826 |         __extension__ (RUBY_CONST_ID_CACHE((ID), (str))) : \
      |                                                        ^
Struct.c:896:22: warning: '(' and '{' tokens introducing statement expression appear in different macro expansion contexts [-Wcompound-token-split-by-macro]
  896 |     id_layout_ivar = rb_intern("@layout");
      |                      ^~~~~~~~~~~~~~~~~~~~
/Library/Developer/CommandLineTools/SDKs/MacOSX.sdk/System/Library/Frameworks/Ruby.framework/Versions/2.6/usr/include/ruby-2.6.0/ruby/ruby.h:1826:23: note: expanded from macro 'rb_intern'
 1826 |         __extension__ (RUBY_CONST_ID_CACHE((ID), (str))) : \
      |                       ^
Struct.c:896:22: note: '{' token is here
  896 |     id_layout_ivar = rb_intern("@layout");
      |                      ^~~~~~~~~~~~~~~~~~~~
/Library/Developer/CommandLineTools/SDKs/MacOSX.sdk/System/Library/Frameworks/Ruby.framework/Versions/2.6/usr/include/ruby-2.6.0/ruby/ruby.h:1826:24: note: expanded from macro 'rb_intern'
 1826 |         __extension__ (RUBY_CONST_ID_CACHE((ID), (str))) : \
      |                        ^~~~~~~~~~~~~~~~~~~~~~~~~~~~~~~~
/Library/Developer/CommandLineTools/SDKs/MacOSX.sdk/System/Library/Frameworks/Ruby.framework/Versions/2.6/usr/include/ruby-2.6.0/ruby/ruby.h:1811:5: note: expanded from macro 'RUBY_CONST_ID_CACHE'
 1811 |     {                                                   \
      |     ^
Struct.c:896:22: warning: '}' and ')' tokens terminating statement expression appear in different macro expansion contexts [-Wcompound-token-split-by-macro]
  896 |     id_layout_ivar = rb_intern("@layout");
      |                      ^~~~~~~~~~~~~~~~~~~~
/Library/Developer/CommandLineTools/SDKs/MacOSX.sdk/System/Library/Frameworks/Ruby.framework/Versions/2.6/usr/include/ruby-2.6.0/ruby/ruby.h:1826:24: note: expanded from macro 'rb_intern'
 1826 |         __extension__ (RUBY_CONST_ID_CACHE((ID), (str))) : \
      |                        ^~~~~~~~~~~~~~~~~~~~~~~~~~~~~~~~
/Library/Developer/CommandLineTools/SDKs/MacOSX.sdk/System/Library/Frameworks/Ruby.framework/Versions/2.6/usr/include/ruby-2.6.0/ruby/ruby.h:1816:5: note: expanded from macro 'RUBY_CONST_ID_CACHE'
 1816 |     }
      |     ^
Struct.c:896:22: note: ')' token is here
  896 |     id_layout_ivar = rb_intern("@layout");
      |                      ^~~~~~~~~~~~~~~~~~~~
/Library/Developer/CommandLineTools/SDKs/MacOSX.sdk/System/Library/Frameworks/Ruby.framework/Versions/2.6/usr/include/ruby-2.6.0/ruby/ruby.h:1826:56: note: expanded from macro 'rb_intern'
 1826 |         __extension__ (RUBY_CONST_ID_CACHE((ID), (str))) : \
      |                                                        ^
Struct.c:897:17: warning: '(' and '{' tokens introducing statement expression appear in different macro expansion contexts [-Wcompound-token-split-by-macro]
  897 |     id_layout = rb_intern("layout");
      |                 ^~~~~~~~~~~~~~~~~~~
/Library/Developer/CommandLineTools/SDKs/MacOSX.sdk/System/Library/Frameworks/Ruby.framework/Versions/2.6/usr/include/ruby-2.6.0/ruby/ruby.h:1826:23: note: expanded from macro 'rb_intern'
 1826 |         __extension__ (RUBY_CONST_ID_CACHE((ID), (str))) : \
      |                       ^
Struct.c:897:17: note: '{' token is here
  897 |     id_layout = rb_intern("layout");
      |                 ^~~~~~~~~~~~~~~~~~~
/Library/Developer/CommandLineTools/SDKs/MacOSX.sdk/System/Library/Frameworks/Ruby.framework/Versions/2.6/usr/include/ruby-2.6.0/ruby/ruby.h:1826:24: note: expanded from macro 'rb_intern'
 1826 |         __extension__ (RUBY_CONST_ID_CACHE((ID), (str))) : \
      |                        ^~~~~~~~~~~~~~~~~~~~~~~~~~~~~~~~
/Library/Developer/CommandLineTools/SDKs/MacOSX.sdk/System/Library/Frameworks/Ruby.framework/Versions/2.6/usr/include/ruby-2.6.0/ruby/ruby.h:1811:5: note: expanded from macro 'RUBY_CONST_ID_CACHE'
 1811 |     {                                                   \
      |     ^
Struct.c:897:17: warning: '}' and ')' tokens terminating statement expression appear in different macro expansion contexts [-Wcompound-token-split-by-macro]
  897 |     id_layout = rb_intern("layout");
      |                 ^~~~~~~~~~~~~~~~~~~
/Library/Developer/CommandLineTools/SDKs/MacOSX.sdk/System/Library/Frameworks/Ruby.framework/Versions/2.6/usr/include/ruby-2.6.0/ruby/ruby.h:1826:24: note: expanded from macro 'rb_intern'
 1826 |         __extension__ (RUBY_CONST_ID_CACHE((ID), (str))) : \
      |                        ^~~~~~~~~~~~~~~~~~~~~~~~~~~~~~~~
/Library/Developer/CommandLineTools/SDKs/MacOSX.sdk/System/Library/Frameworks/Ruby.framework/Versions/2.6/usr/include/ruby-2.6.0/ruby/ruby.h:1816:5: note: expanded from macro 'RUBY_CONST_ID_CACHE'
 1816 |     }
      |     ^
Struct.c:897:17: note: ')' token is here
  897 |     id_layout = rb_intern("layout");
      |                 ^~~~~~~~~~~~~~~~~~~
/Library/Developer/CommandLineTools/SDKs/MacOSX.sdk/System/Library/Frameworks/Ruby.framework/Versions/2.6/usr/include/ruby-2.6.0/ruby/ruby.h:1826:56: note: expanded from macro 'rb_intern'
 1826 |         __extension__ (RUBY_CONST_ID_CACHE((ID), (str))) : \
      |                                                        ^
Struct.c:898:14: warning: '(' and '{' tokens introducing statement expression appear in different macro expansion contexts [-Wcompound-token-split-by-macro]
  898 |     id_get = rb_intern("get");
      |              ^~~~~~~~~~~~~~~~
/Library/Developer/CommandLineTools/SDKs/MacOSX.sdk/System/Library/Frameworks/Ruby.framework/Versions/2.6/usr/include/ruby-2.6.0/ruby/ruby.h:1826:23: note: expanded from macro 'rb_intern'
 1826 |         __extension__ (RUBY_CONST_ID_CACHE((ID), (str))) : \
      |                       ^
Struct.c:898:14: note: '{' token is here
  898 |     id_get = rb_intern("get");
      |              ^~~~~~~~~~~~~~~~
/Library/Developer/CommandLineTools/SDKs/MacOSX.sdk/System/Library/Frameworks/Ruby.framework/Versions/2.6/usr/include/ruby-2.6.0/ruby/ruby.h:1826:24: note: expanded from macro 'rb_intern'
 1826 |         __extension__ (RUBY_CONST_ID_CACHE((ID), (str))) : \
      |                        ^~~~~~~~~~~~~~~~~~~~~~~~~~~~~~~~
/Library/Developer/CommandLineTools/SDKs/MacOSX.sdk/System/Library/Frameworks/Ruby.framework/Versions/2.6/usr/include/ruby-2.6.0/ruby/ruby.h:1811:5: note: expanded from macro 'RUBY_CONST_ID_CACHE'
 1811 |     {                                                   \
      |     ^
Struct.c:898:14: warning: '}' and ')' tokens terminating statement expression appear in different macro expansion contexts [-Wcompound-token-split-by-macro]
  898 |     id_get = rb_intern("get");
      |              ^~~~~~~~~~~~~~~~
/Library/Developer/CommandLineTools/SDKs/MacOSX.sdk/System/Library/Frameworks/Ruby.framework/Versions/2.6/usr/include/ruby-2.6.0/ruby/ruby.h:1826:24: note: expanded from macro 'rb_intern'
 1826 |         __extension__ (RUBY_CONST_ID_CACHE((ID), (str))) : \
      |                        ^~~~~~~~~~~~~~~~~~~~~~~~~~~~~~~~
/Library/Developer/CommandLineTools/SDKs/MacOSX.sdk/System/Library/Frameworks/Ruby.framework/Versions/2.6/usr/include/ruby-2.6.0/ruby/ruby.h:1816:5: note: expanded from macro 'RUBY_CONST_ID_CACHE'
 1816 |     }
      |     ^
Struct.c:898:14: note: ')' token is here
  898 |     id_get = rb_intern("get");
      |              ^~~~~~~~~~~~~~~~
/Library/Developer/CommandLineTools/SDKs/MacOSX.sdk/System/Library/Frameworks/Ruby.framework/Versions/2.6/usr/include/ruby-2.6.0/ruby/ruby.h:1826:56: note: expanded from macro 'rb_intern'
 1826 |         __extension__ (RUBY_CONST_ID_CACHE((ID), (str))) : \
      |                                                        ^
Struct.c:899:14: warning: '(' and '{' tokens introducing statement expression appear in different macro expansion contexts [-Wcompound-token-split-by-macro]
  899 |     id_put = rb_intern("put");
      |              ^~~~~~~~~~~~~~~~
/Library/Developer/CommandLineTools/SDKs/MacOSX.sdk/System/Library/Frameworks/Ruby.framework/Versions/2.6/usr/include/ruby-2.6.0/ruby/ruby.h:1826:23: note: expanded from macro 'rb_intern'
 1826 |         __extension__ (RUBY_CONST_ID_CACHE((ID), (str))) : \
      |                       ^
Struct.c:899:14: note: '{' token is here
  899 |     id_put = rb_intern("put");
      |              ^~~~~~~~~~~~~~~~
/Library/Developer/CommandLineTools/SDKs/MacOSX.sdk/System/Library/Frameworks/Ruby.framework/Versions/2.6/usr/include/ruby-2.6.0/ruby/ruby.h:1826:24: note: expanded from macro 'rb_intern'
 1826 |         __extension__ (RUBY_CONST_ID_CACHE((ID), (str))) : \
      |                        ^~~~~~~~~~~~~~~~~~~~~~~~~~~~~~~~
/Library/Developer/CommandLineTools/SDKs/MacOSX.sdk/System/Library/Frameworks/Ruby.framework/Versions/2.6/usr/include/ruby-2.6.0/ruby/ruby.h:1811:5: note: expanded from macro 'RUBY_CONST_ID_CACHE'
 1811 |     {                                                   \
      |     ^
Struct.c:899:14: warning: '}' and ')' tokens terminating statement expression appear in different macro expansion contexts [-Wcompound-token-split-by-macro]
  899 |     id_put = rb_intern("put");
      |              ^~~~~~~~~~~~~~~~
/Library/Developer/CommandLineTools/SDKs/MacOSX.sdk/System/Library/Frameworks/Ruby.framework/Versions/2.6/usr/include/ruby-2.6.0/ruby/ruby.h:1826:24: note: expanded from macro 'rb_intern'
 1826 |         __extension__ (RUBY_CONST_ID_CACHE((ID), (str))) : \
      |                        ^~~~~~~~~~~~~~~~~~~~~~~~~~~~~~~~
/Library/Developer/CommandLineTools/SDKs/MacOSX.sdk/System/Library/Frameworks/Ruby.framework/Versions/2.6/usr/include/ruby-2.6.0/ruby/ruby.h:1816:5: note: expanded from macro 'RUBY_CONST_ID_CACHE'
 1816 |     }
      |     ^
Struct.c:899:14: note: ')' token is here
  899 |     id_put = rb_intern("put");
      |              ^~~~~~~~~~~~~~~~
/Library/Developer/CommandLineTools/SDKs/MacOSX.sdk/System/Library/Frameworks/Ruby.framework/Versions/2.6/usr/include/ruby-2.6.0/ruby/ruby.h:1826:56: note: expanded from macro 'rb_intern'
 1826 |         __extension__ (RUBY_CONST_ID_CACHE((ID), (str))) : \
      |                                                        ^
Struct.c:900:17: warning: '(' and '{' tokens introducing statement expression appear in different macro expansion contexts [-Wcompound-token-split-by-macro]
  900 |     id_to_ptr = rb_intern("to_ptr");
      |                 ^~~~~~~~~~~~~~~~~~~
/Library/Developer/CommandLineTools/SDKs/MacOSX.sdk/System/Library/Frameworks/Ruby.framework/Versions/2.6/usr/include/ruby-2.6.0/ruby/ruby.h:1826:23: note: expanded from macro 'rb_intern'
 1826 |         __extension__ (RUBY_CONST_ID_CACHE((ID), (str))) : \
      |                       ^
Struct.c:900:17: note: '{' token is here
  900 |     id_to_ptr = rb_intern("to_ptr");
      |                 ^~~~~~~~~~~~~~~~~~~
/Library/Developer/CommandLineTools/SDKs/MacOSX.sdk/System/Library/Frameworks/Ruby.framework/Versions/2.6/usr/include/ruby-2.6.0/ruby/ruby.h:1826:24: note: expanded from macro 'rb_intern'
 1826 |         __extension__ (RUBY_CONST_ID_CACHE((ID), (str))) : \
      |                        ^~~~~~~~~~~~~~~~~~~~~~~~~~~~~~~~
/Library/Developer/CommandLineTools/SDKs/MacOSX.sdk/System/Library/Frameworks/Ruby.framework/Versions/2.6/usr/include/ruby-2.6.0/ruby/ruby.h:1811:5: note: expanded from macro 'RUBY_CONST_ID_CACHE'
 1811 |     {                                                   \
      |     ^
Struct.c:900:17: warning: '}' and ')' tokens terminating statement expression appear in different macro expansion contexts [-Wcompound-token-split-by-macro]
  900 |     id_to_ptr = rb_intern("to_ptr");
      |                 ^~~~~~~~~~~~~~~~~~~
/Library/Developer/CommandLineTools/SDKs/MacOSX.sdk/System/Library/Frameworks/Ruby.framework/Versions/2.6/usr/include/ruby-2.6.0/ruby/ruby.h:1826:24: note: expanded from macro 'rb_intern'
 1826 |         __extension__ (RUBY_CONST_ID_CACHE((ID), (str))) : \
      |                        ^~~~~~~~~~~~~~~~~~~~~~~~~~~~~~~~
/Library/Developer/CommandLineTools/SDKs/MacOSX.sdk/System/Library/Frameworks/Ruby.framework/Versions/2.6/usr/include/ruby-2.6.0/ruby/ruby.h:1816:5: note: expanded from macro 'RUBY_CONST_ID_CACHE'
 1816 |     }
      |     ^
Struct.c:900:17: note: ')' token is here
  900 |     id_to_ptr = rb_intern("to_ptr");
      |                 ^~~~~~~~~~~~~~~~~~~
/Library/Developer/CommandLineTools/SDKs/MacOSX.sdk/System/Library/Frameworks/Ruby.framework/Versions/2.6/usr/include/ruby-2.6.0/ruby/ruby.h:1826:56: note: expanded from macro 'rb_intern'
 1826 |         __extension__ (RUBY_CONST_ID_CACHE((ID), (str))) : \
      |                                                        ^
Struct.c:901:15: warning: '(' and '{' tokens introducing statement expression appear in different macro expansion contexts [-Wcompound-token-split-by-macro]
  901 |     id_to_s = rb_intern("to_s");
      |               ^~~~~~~~~~~~~~~~~
/Library/Developer/CommandLineTools/SDKs/MacOSX.sdk/System/Library/Frameworks/Ruby.framework/Versions/2.6/usr/include/ruby-2.6.0/ruby/ruby.h:1826:23: note: expanded from macro 'rb_intern'
 1826 |         __extension__ (RUBY_CONST_ID_CACHE((ID), (str))) : \
      |                       ^
Struct.c:901:15: note: '{' token is here
  901 |     id_to_s = rb_intern("to_s");
      |               ^~~~~~~~~~~~~~~~~
/Library/Developer/CommandLineTools/SDKs/MacOSX.sdk/System/Library/Frameworks/Ruby.framework/Versions/2.6/usr/include/ruby-2.6.0/ruby/ruby.h:1826:24: note: expanded from macro 'rb_intern'
 1826 |         __extension__ (RUBY_CONST_ID_CACHE((ID), (str))) : \
      |                        ^~~~~~~~~~~~~~~~~~~~~~~~~~~~~~~~
/Library/Developer/CommandLineTools/SDKs/MacOSX.sdk/System/Library/Frameworks/Ruby.framework/Versions/2.6/usr/include/ruby-2.6.0/ruby/ruby.h:1811:5: note: expanded from macro 'RUBY_CONST_ID_CACHE'
 1811 |     {                                                   \
      |     ^
Struct.c:901:15: warning: '}' and ')' tokens terminating statement expression appear in different macro expansion contexts [-Wcompound-token-split-by-macro]
  901 |     id_to_s = rb_intern("to_s");
      |               ^~~~~~~~~~~~~~~~~
/Library/Developer/CommandLineTools/SDKs/MacOSX.sdk/System/Library/Frameworks/Ruby.framework/Versions/2.6/usr/include/ruby-2.6.0/ruby/ruby.h:1826:24: note: expanded from macro 'rb_intern'
 1826 |         __extension__ (RUBY_CONST_ID_CACHE((ID), (str))) : \
      |                        ^~~~~~~~~~~~~~~~~~~~~~~~~~~~~~~~
/Library/Developer/CommandLineTools/SDKs/MacOSX.sdk/System/Library/Frameworks/Ruby.framework/Versions/2.6/usr/include/ruby-2.6.0/ruby/ruby.h:1816:5: note: expanded from macro 'RUBY_CONST_ID_CACHE'
 1816 |     }
      |     ^
Struct.c:901:15: note: ')' token is here
  901 |     id_to_s = rb_intern("to_s");
      |               ^~~~~~~~~~~~~~~~~
/Library/Developer/CommandLineTools/SDKs/MacOSX.sdk/System/Library/Frameworks/Ruby.framework/Versions/2.6/usr/include/ruby-2.6.0/ruby/ruby.h:1826:56: note: expanded from macro 'rb_intern'
 1826 |         __extension__ (RUBY_CONST_ID_CACHE((ID), (str))) : \
      |                                                        ^
Struct.c:902:21: warning: '(' and '{' tokens introducing statement expression appear in different macro expansion contexts [-Wcompound-token-split-by-macro]
  902 |     id_initialize = rb_intern("initialize");
      |                     ^~~~~~~~~~~~~~~~~~~~~~~
/Library/Developer/CommandLineTools/SDKs/MacOSX.sdk/System/Library/Frameworks/Ruby.framework/Versions/2.6/usr/include/ruby-2.6.0/ruby/ruby.h:1826:23: note: expanded from macro 'rb_intern'
 1826 |         __extension__ (RUBY_CONST_ID_CACHE((ID), (str))) : \
      |                       ^
Struct.c:902:21: note: '{' token is here
  902 |     id_initialize = rb_intern("initialize");
      |                     ^~~~~~~~~~~~~~~~~~~~~~~
/Library/Developer/CommandLineTools/SDKs/MacOSX.sdk/System/Library/Frameworks/Ruby.framework/Versions/2.6/usr/include/ruby-2.6.0/ruby/ruby.h:1826:24: note: expanded from macro 'rb_intern'
 1826 |         __extension__ (RUBY_CONST_ID_CACHE((ID), (str))) : \
      |                        ^~~~~~~~~~~~~~~~~~~~~~~~~~~~~~~~
/Library/Developer/CommandLineTools/SDKs/MacOSX.sdk/System/Library/Frameworks/Ruby.framework/Versions/2.6/usr/include/ruby-2.6.0/ruby/ruby.h:1811:5: note: expanded from macro 'RUBY_CONST_ID_CACHE'
 1811 |     {                                                   \
      |     ^
Struct.c:902:21: warning: '}' and ')' tokens terminating statement expression appear in different macro expansion contexts [-Wcompound-token-split-by-macro]
  902 |     id_initialize = rb_intern("initialize");
      |                     ^~~~~~~~~~~~~~~~~~~~~~~
/Library/Developer/CommandLineTools/SDKs/MacOSX.sdk/System/Library/Frameworks/Ruby.framework/Versions/2.6/usr/include/ruby-2.6.0/ruby/ruby.h:1826:24: note: expanded from macro 'rb_intern'
 1826 |         __extension__ (RUBY_CONST_ID_CACHE((ID), (str))) : \
      |                        ^~~~~~~~~~~~~~~~~~~~~~~~~~~~~~~~
/Library/Developer/CommandLineTools/SDKs/MacOSX.sdk/System/Library/Frameworks/Ruby.framework/Versions/2.6/usr/include/ruby-2.6.0/ruby/ruby.h:1816:5: note: expanded from macro 'RUBY_CONST_ID_CACHE'
 1816 |     }
      |     ^
Struct.c:902:21: note: ')' token is here
  902 |     id_initialize = rb_intern("initialize");
      |                     ^~~~~~~~~~~~~~~~~~~~~~~
/Library/Developer/CommandLineTools/SDKs/MacOSX.sdk/System/Library/Frameworks/Ruby.framework/Versions/2.6/usr/include/ruby-2.6.0/ruby/ruby.h:1826:56: note: expanded from macro 'rb_intern'
 1826 |         __extension__ (RUBY_CONST_ID_CACHE((ID), (str))) : \
      |                                                        ^
30 warnings generated.
compiling StructByValue.c
StructByValue.c:99:43: warning: '(' and '{' tokens introducing statement expression appear in different macro expansion contexts [-Wcompound-token-split-by-macro]
   99 |     rbLayout = rb_ivar_get(rbStructClass, rb_intern("@layout"));
      |                                           ^~~~~~~~~~~~~~~~~~~~
/Library/Developer/CommandLineTools/SDKs/MacOSX.sdk/System/Library/Frameworks/Ruby.framework/Versions/2.6/usr/include/ruby-2.6.0/ruby/ruby.h:1826:23: note: expanded from macro 'rb_intern'
 1826 |         __extension__ (RUBY_CONST_ID_CACHE((ID), (str))) : \
      |                       ^
StructByValue.c:99:43: note: '{' token is here
   99 |     rbLayout = rb_ivar_get(rbStructClass, rb_intern("@layout"));
      |                                           ^~~~~~~~~~~~~~~~~~~~
/Library/Developer/CommandLineTools/SDKs/MacOSX.sdk/System/Library/Frameworks/Ruby.framework/Versions/2.6/usr/include/ruby-2.6.0/ruby/ruby.h:1826:24: note: expanded from macro 'rb_intern'
 1826 |         __extension__ (RUBY_CONST_ID_CACHE((ID), (str))) : \
      |                        ^~~~~~~~~~~~~~~~~~~~~~~~~~~~~~~~
/Library/Developer/CommandLineTools/SDKs/MacOSX.sdk/System/Library/Frameworks/Ruby.framework/Versions/2.6/usr/include/ruby-2.6.0/ruby/ruby.h:1811:5: note: expanded from macro 'RUBY_CONST_ID_CACHE'
 1811 |     {                                                   \
      |     ^
StructByValue.c:99:43: warning: '}' and ')' tokens terminating statement expression appear in different macro expansion contexts [-Wcompound-token-split-by-macro]
   99 |     rbLayout = rb_ivar_get(rbStructClass, rb_intern("@layout"));
      |                                           ^~~~~~~~~~~~~~~~~~~~
/Library/Developer/CommandLineTools/SDKs/MacOSX.sdk/System/Library/Frameworks/Ruby.framework/Versions/2.6/usr/include/ruby-2.6.0/ruby/ruby.h:1826:24: note: expanded from macro 'rb_intern'
 1826 |         __extension__ (RUBY_CONST_ID_CACHE((ID), (str))) : \
      |                        ^~~~~~~~~~~~~~~~~~~~~~~~~~~~~~~~
/Library/Developer/CommandLineTools/SDKs/MacOSX.sdk/System/Library/Frameworks/Ruby.framework/Versions/2.6/usr/include/ruby-2.6.0/ruby/ruby.h:1816:5: note: expanded from macro 'RUBY_CONST_ID_CACHE'
 1816 |     }
      |     ^
StructByValue.c:99:43: note: ')' token is here
   99 |     rbLayout = rb_ivar_get(rbStructClass, rb_intern("@layout"));
      |                                           ^~~~~~~~~~~~~~~~~~~~
/Library/Developer/CommandLineTools/SDKs/MacOSX.sdk/System/Library/Frameworks/Ruby.framework/Versions/2.6/usr/include/ruby-2.6.0/ruby/ruby.h:1826:56: note: expanded from macro 'rb_intern'
 1826 |         __extension__ (RUBY_CONST_ID_CACHE((ID), (str))) : \
      |                                                        ^
2 warnings generated.
compiling StructLayout.c
StructLayout.c:177:61: warning: '(' and '{' tokens introducing statement expression appear in different macro expansion contexts [-Wcompound-token-split-by-macro]
  177 |             field->referenceRequired = (rb_respond_to(self, rb_intern("reference_required?"))
      |                                                             ^~~~~~~~~~~~~~~~~~~~~~~~~~~~~~~~
/Library/Developer/CommandLineTools/SDKs/MacOSX.sdk/System/Library/Frameworks/Ruby.framework/Versions/2.6/usr/include/ruby-2.6.0/ruby/ruby.h:1826:23: note: expanded from macro 'rb_intern'
 1826 |         __extension__ (RUBY_CONST_ID_CACHE((ID), (str))) : \
      |                       ^
StructLayout.c:177:61: note: '{' token is here
  177 |             field->referenceRequired = (rb_respond_to(self, rb_intern("reference_required?"))
      |                                                             ^~~~~~~~~~~~~~~~~~~~~~~~~~~~~~~~
/Library/Developer/CommandLineTools/SDKs/MacOSX.sdk/System/Library/Frameworks/Ruby.framework/Versions/2.6/usr/include/ruby-2.6.0/ruby/ruby.h:1826:24: note: expanded from macro 'rb_intern'
 1826 |         __extension__ (RUBY_CONST_ID_CACHE((ID), (str))) : \
      |                        ^~~~~~~~~~~~~~~~~~~~~~~~~~~~~~~~
/Library/Developer/CommandLineTools/SDKs/MacOSX.sdk/System/Library/Frameworks/Ruby.framework/Versions/2.6/usr/include/ruby-2.6.0/ruby/ruby.h:1811:5: note: expanded from macro 'RUBY_CONST_ID_CACHE'
 1811 |     {                                                   \
      |     ^
StructLayout.c:177:61: warning: '}' and ')' tokens terminating statement expression appear in different macro expansion contexts [-Wcompound-token-split-by-macro]
  177 |             field->referenceRequired = (rb_respond_to(self, rb_intern("reference_required?"))
      |                                                             ^~~~~~~~~~~~~~~~~~~~~~~~~~~~~~~~
/Library/Developer/CommandLineTools/SDKs/MacOSX.sdk/System/Library/Frameworks/Ruby.framework/Versions/2.6/usr/include/ruby-2.6.0/ruby/ruby.h:1826:24: note: expanded from macro 'rb_intern'
 1826 |         __extension__ (RUBY_CONST_ID_CACHE((ID), (str))) : \
      |                        ^~~~~~~~~~~~~~~~~~~~~~~~~~~~~~~~
/Library/Developer/CommandLineTools/SDKs/MacOSX.sdk/System/Library/Frameworks/Ruby.framework/Versions/2.6/usr/include/ruby-2.6.0/ruby/ruby.h:1816:5: note: expanded from macro 'RUBY_CONST_ID_CACHE'
 1816 |     }
      |     ^
StructLayout.c:177:61: note: ')' token is here
  177 |             field->referenceRequired = (rb_respond_to(self, rb_intern("reference_required?"))
      |                                                             ^~~~~~~~~~~~~~~~~~~~~~~~~~~~~~~~
/Library/Developer/CommandLineTools/SDKs/MacOSX.sdk/System/Library/Frameworks/Ruby.framework/Versions/2.6/usr/include/ruby-2.6.0/ruby/ruby.h:1826:56: note: expanded from macro 'rb_intern'
 1826 |         __extension__ (RUBY_CONST_ID_CACHE((ID), (str))) : \
      |                                                        ^
StructLayout.c:178:48: warning: '(' and '{' tokens introducing statement expression appear in different macro expansion contexts [-Wcompound-token-split-by-macro]
  178 |                     && RTEST(rb_funcall2(self, rb_intern("reference_required?"), 0, NULL)))
      |                                                ^~~~~~~~~~~~~~~~~~~~~~~~~~~~~~~~
/Library/Developer/CommandLineTools/SDKs/MacOSX.sdk/System/Library/Frameworks/Ruby.framework/Versions/2.6/usr/include/ruby-2.6.0/ruby/ruby.h:1826:23: note: expanded from macro 'rb_intern'
 1826 |         __extension__ (RUBY_CONST_ID_CACHE((ID), (str))) : \
      |                       ^
/Library/Developer/CommandLineTools/SDKs/MacOSX.sdk/System/Library/Frameworks/Ruby.framework/Versions/2.6/usr/include/ruby-2.6.0/ruby/ruby.h:480:26: note: expanded from macro 'RTEST'
  480 | #define RTEST(v) RB_TEST(v)
      |                          ^
/Library/Developer/CommandLineTools/SDKs/MacOSX.sdk/System/Library/Frameworks/Ruby.framework/Versions/2.6/usr/include/ruby-2.6.0/ruby/ruby.h:478:31: note: expanded from macro 'RB_TEST'
  478 | #define RB_TEST(v) !(((VALUE)(v) & (VALUE)~RUBY_Qnil) == 0)
      |                               ^
StructLayout.c:178:48: note: '{' token is here
  178 |                     && RTEST(rb_funcall2(self, rb_intern("reference_required?"), 0, NULL)))
      |                                                ^~~~~~~~~~~~~~~~~~~~~~~~~~~~~~~~
/Library/Developer/CommandLineTools/SDKs/MacOSX.sdk/System/Library/Frameworks/Ruby.framework/Versions/2.6/usr/include/ruby-2.6.0/ruby/ruby.h:1826:24: note: expanded from macro 'rb_intern'
 1826 |         __extension__ (RUBY_CONST_ID_CACHE((ID), (str))) : \
      |                        ^~~~~~~~~~~~~~~~~~~~~~~~~~~~~~~~
/Library/Developer/CommandLineTools/SDKs/MacOSX.sdk/System/Library/Frameworks/Ruby.framework/Versions/2.6/usr/include/ruby-2.6.0/ruby/ruby.h:1811:5: note: expanded from macro 'RUBY_CONST_ID_CACHE'
 1811 |     {                                                   \
      |     ^
/Library/Developer/CommandLineTools/SDKs/MacOSX.sdk/System/Library/Frameworks/Ruby.framework/Versions/2.6/usr/include/ruby-2.6.0/ruby/ruby.h:480:26: note: expanded from macro 'RTEST'
  480 | #define RTEST(v) RB_TEST(v)
      |                          ^
/Library/Developer/CommandLineTools/SDKs/MacOSX.sdk/System/Library/Frameworks/Ruby.framework/Versions/2.6/usr/include/ruby-2.6.0/ruby/ruby.h:478:31: note: expanded from macro 'RB_TEST'
  478 | #define RB_TEST(v) !(((VALUE)(v) & (VALUE)~RUBY_Qnil) == 0)
      |                               ^
StructLayout.c:178:48: warning: '}' and ')' tokens terminating statement expression appear in different macro expansion contexts [-Wcompound-token-split-by-macro]
  178 |                     && RTEST(rb_funcall2(self, rb_intern("reference_required?"), 0, NULL)))
      |                                                ^~~~~~~~~~~~~~~~~~~~~~~~~~~~~~~~
/Library/Developer/CommandLineTools/SDKs/MacOSX.sdk/System/Library/Frameworks/Ruby.framework/Versions/2.6/usr/include/ruby-2.6.0/ruby/ruby.h:1826:24: note: expanded from macro 'rb_intern'
 1826 |         __extension__ (RUBY_CONST_ID_CACHE((ID), (str))) : \
      |                        ^~~~~~~~~~~~~~~~~~~~~~~~~~~~~~~~
/Library/Developer/CommandLineTools/SDKs/MacOSX.sdk/System/Library/Frameworks/Ruby.framework/Versions/2.6/usr/include/ruby-2.6.0/ruby/ruby.h:1816:5: note: expanded from macro 'RUBY_CONST_ID_CACHE'
 1816 |     }
      |     ^
/Library/Developer/CommandLineTools/SDKs/MacOSX.sdk/System/Library/Frameworks/Ruby.framework/Versions/2.6/usr/include/ruby-2.6.0/ruby/ruby.h:480:26: note: expanded from macro 'RTEST'
  480 | #define RTEST(v) RB_TEST(v)
      |                          ^
/Library/Developer/CommandLineTools/SDKs/MacOSX.sdk/System/Library/Frameworks/Ruby.framework/Versions/2.6/usr/include/ruby-2.6.0/ruby/ruby.h:478:31: note: expanded from macro 'RB_TEST'
  478 | #define RB_TEST(v) !(((VALUE)(v) & (VALUE)~RUBY_Qnil) == 0)
      |                               ^
StructLayout.c:178:48: note: ')' token is here
  178 |                     && RTEST(rb_funcall2(self, rb_intern("reference_required?"), 0, NULL)))
      |                                                ^~~~~~~~~~~~~~~~~~~~~~~~~~~~~~~~
/Library/Developer/CommandLineTools/SDKs/MacOSX.sdk/System/Library/Frameworks/Ruby.framework/Versions/2.6/usr/include/ruby-2.6.0/ruby/ruby.h:1826:56: note: expanded from macro 'rb_intern'
 1826 |         __extension__ (RUBY_CONST_ID_CACHE((ID), (str))) : \
      |                                                        ^
/Library/Developer/CommandLineTools/SDKs/MacOSX.sdk/System/Library/Frameworks/Ruby.framework/Versions/2.6/usr/include/ruby-2.6.0/ruby/ruby.h:480:26: note: expanded from macro 'RTEST'
  480 | #define RTEST(v) RB_TEST(v)
      |                          ^
/Library/Developer/CommandLineTools/SDKs/MacOSX.sdk/System/Library/Frameworks/Ruby.framework/Versions/2.6/usr/include/ruby-2.6.0/ruby/ruby.h:478:31: note: expanded from macro 'RB_TEST'
  478 | #define RB_TEST(v) !(((VALUE)(v) & (VALUE)~RUBY_Qnil) == 0)
      |                               ^
StructLayout.c:179:47: warning: '(' and '{' tokens introducing statement expression appear in different macro expansion contexts [-Wcompound-token-split-by-macro]
  179 |                     || (rb_respond_to(rbType, rb_intern("reference_required?"))
      |                                               ^~~~~~~~~~~~~~~~~~~~~~~~~~~~~~~~
/Library/Developer/CommandLineTools/SDKs/MacOSX.sdk/System/Library/Frameworks/Ruby.framework/Versions/2.6/usr/include/ruby-2.6.0/ruby/ruby.h:1826:23: note: expanded from macro 'rb_intern'
 1826 |         __extension__ (RUBY_CONST_ID_CACHE((ID), (str))) : \
      |                       ^
StructLayout.c:179:47: note: '{' token is here
  179 |                     || (rb_respond_to(rbType, rb_intern("reference_required?"))
      |                                               ^~~~~~~~~~~~~~~~~~~~~~~~~~~~~~~~
/Library/Developer/CommandLineTools/SDKs/MacOSX.sdk/System/Library/Frameworks/Ruby.framework/Versions/2.6/usr/include/ruby-2.6.0/ruby/ruby.h:1826:24: note: expanded from macro 'rb_intern'
 1826 |         __extension__ (RUBY_CONST_ID_CACHE((ID), (str))) : \
      |                        ^~~~~~~~~~~~~~~~~~~~~~~~~~~~~~~~
/Library/Developer/CommandLineTools/SDKs/MacOSX.sdk/System/Library/Frameworks/Ruby.framework/Versions/2.6/usr/include/ruby-2.6.0/ruby/ruby.h:1811:5: note: expanded from macro 'RUBY_CONST_ID_CACHE'
 1811 |     {                                                   \
      |     ^
StructLayout.c:179:47: warning: '}' and ')' tokens terminating statement expression appear in different macro expansion contexts [-Wcompound-token-split-by-macro]
  179 |                     || (rb_respond_to(rbType, rb_intern("reference_required?"))
      |                                               ^~~~~~~~~~~~~~~~~~~~~~~~~~~~~~~~
/Library/Developer/CommandLineTools/SDKs/MacOSX.sdk/System/Library/Frameworks/Ruby.framework/Versions/2.6/usr/include/ruby-2.6.0/ruby/ruby.h:1826:24: note: expanded from macro 'rb_intern'
 1826 |         __extension__ (RUBY_CONST_ID_CACHE((ID), (str))) : \
      |                        ^~~~~~~~~~~~~~~~~~~~~~~~~~~~~~~~
/Library/Developer/CommandLineTools/SDKs/MacOSX.sdk/System/Library/Frameworks/Ruby.framework/Versions/2.6/usr/include/ruby-2.6.0/ruby/ruby.h:1816:5: note: expanded from macro 'RUBY_CONST_ID_CACHE'
 1816 |     }
      |     ^
StructLayout.c:179:47: note: ')' token is here
  179 |                     || (rb_respond_to(rbType, rb_intern("reference_required?"))
      |                                               ^~~~~~~~~~~~~~~~~~~~~~~~~~~~~~~~
/Library/Developer/CommandLineTools/SDKs/MacOSX.sdk/System/Library/Frameworks/Ruby.framework/Versions/2.6/usr/include/ruby-2.6.0/ruby/ruby.h:1826:56: note: expanded from macro 'rb_intern'
 1826 |         __extension__ (RUBY_CONST_ID_CACHE((ID), (str))) : \
      |                                                        ^
StructLayout.c:180:54: warning: '(' and '{' tokens introducing statement expression appear in different macro expansion contexts [-Wcompound-token-split-by-macro]
  180 |                         && RTEST(rb_funcall2(rbType, rb_intern("reference_required?"), 0, NULL)));
      |                                                      ^~~~~~~~~~~~~~~~~~~~~~~~~~~~~~~~
/Library/Developer/CommandLineTools/SDKs/MacOSX.sdk/System/Library/Frameworks/Ruby.framework/Versions/2.6/usr/include/ruby-2.6.0/ruby/ruby.h:1826:23: note: expanded from macro 'rb_intern'
 1826 |         __extension__ (RUBY_CONST_ID_CACHE((ID), (str))) : \
      |                       ^
/Library/Developer/CommandLineTools/SDKs/MacOSX.sdk/System/Library/Frameworks/Ruby.framework/Versions/2.6/usr/include/ruby-2.6.0/ruby/ruby.h:480:26: note: expanded from macro 'RTEST'
  480 | #define RTEST(v) RB_TEST(v)
      |                          ^
/Library/Developer/CommandLineTools/SDKs/MacOSX.sdk/System/Library/Frameworks/Ruby.framework/Versions/2.6/usr/include/ruby-2.6.0/ruby/ruby.h:478:31: note: expanded from macro 'RB_TEST'
  478 | #define RB_TEST(v) !(((VALUE)(v) & (VALUE)~RUBY_Qnil) == 0)
      |                               ^
StructLayout.c:180:54: note: '{' token is here
  180 |                         && RTEST(rb_funcall2(rbType, rb_intern("reference_required?"), 0, NULL)));
      |                                                      ^~~~~~~~~~~~~~~~~~~~~~~~~~~~~~~~
/Library/Developer/CommandLineTools/SDKs/MacOSX.sdk/System/Library/Frameworks/Ruby.framework/Versions/2.6/usr/include/ruby-2.6.0/ruby/ruby.h:1826:24: note: expanded from macro 'rb_intern'
 1826 |         __extension__ (RUBY_CONST_ID_CACHE((ID), (str))) : \
      |                        ^~~~~~~~~~~~~~~~~~~~~~~~~~~~~~~~
/Library/Developer/CommandLineTools/SDKs/MacOSX.sdk/System/Library/Frameworks/Ruby.framework/Versions/2.6/usr/include/ruby-2.6.0/ruby/ruby.h:1811:5: note: expanded from macro 'RUBY_CONST_ID_CACHE'
 1811 |     {                                                   \
      |     ^
/Library/Developer/CommandLineTools/SDKs/MacOSX.sdk/System/Library/Frameworks/Ruby.framework/Versions/2.6/usr/include/ruby-2.6.0/ruby/ruby.h:480:26: note: expanded from macro 'RTEST'
  480 | #define RTEST(v) RB_TEST(v)
      |                          ^
/Library/Developer/CommandLineTools/SDKs/MacOSX.sdk/System/Library/Frameworks/Ruby.framework/Versions/2.6/usr/include/ruby-2.6.0/ruby/ruby.h:478:31: note: expanded from macro 'RB_TEST'
  478 | #define RB_TEST(v) !(((VALUE)(v) & (VALUE)~RUBY_Qnil) == 0)
      |                               ^
StructLayout.c:180:54: warning: '}' and ')' tokens terminating statement expression appear in different macro expansion contexts [-Wcompound-token-split-by-macro]
  180 |                         && RTEST(rb_funcall2(rbType, rb_intern("reference_required?"), 0, NULL)));
      |                                                      ^~~~~~~~~~~~~~~~~~~~~~~~~~~~~~~~
/Library/Developer/CommandLineTools/SDKs/MacOSX.sdk/System/Library/Frameworks/Ruby.framework/Versions/2.6/usr/include/ruby-2.6.0/ruby/ruby.h:1826:24: note: expanded from macro 'rb_intern'
 1826 |         __extension__ (RUBY_CONST_ID_CACHE((ID), (str))) : \
      |                        ^~~~~~~~~~~~~~~~~~~~~~~~~~~~~~~~
/Library/Developer/CommandLineTools/SDKs/MacOSX.sdk/System/Library/Frameworks/Ruby.framework/Versions/2.6/usr/include/ruby-2.6.0/ruby/ruby.h:1816:5: note: expanded from macro 'RUBY_CONST_ID_CACHE'
 1816 |     }
      |     ^
/Library/Developer/CommandLineTools/SDKs/MacOSX.sdk/System/Library/Frameworks/Ruby.framework/Versions/2.6/usr/include/ruby-2.6.0/ruby/ruby.h:480:26: note: expanded from macro 'RTEST'
  480 | #define RTEST(v) RB_TEST(v)
      |                          ^
/Library/Developer/CommandLineTools/SDKs/MacOSX.sdk/System/Library/Frameworks/Ruby.framework/Versions/2.6/usr/include/ruby-2.6.0/ruby/ruby.h:478:31: note: expanded from macro 'RB_TEST'
  478 | #define RB_TEST(v) !(((VALUE)(v) & (VALUE)~RUBY_Qnil) == 0)
      |                               ^
StructLayout.c:180:54: note: ')' token is here
  180 |                         && RTEST(rb_funcall2(rbType, rb_intern("reference_required?"), 0, NULL)));
      |                                                      ^~~~~~~~~~~~~~~~~~~~~~~~~~~~~~~~
/Library/Developer/CommandLineTools/SDKs/MacOSX.sdk/System/Library/Frameworks/Ruby.framework/Versions/2.6/usr/include/ruby-2.6.0/ruby/ruby.h:1826:56: note: expanded from macro 'rb_intern'
 1826 |         __extension__ (RUBY_CONST_ID_CACHE((ID), (str))) : \
      |                                                        ^
/Library/Developer/CommandLineTools/SDKs/MacOSX.sdk/System/Library/Frameworks/Ruby.framework/Versions/2.6/usr/include/ruby-2.6.0/ruby/ruby.h:480:26: note: expanded from macro 'RTEST'
  480 | #define RTEST(v) RB_TEST(v)
      |                          ^
/Library/Developer/CommandLineTools/SDKs/MacOSX.sdk/System/Library/Frameworks/Ruby.framework/Versions/2.6/usr/include/ruby-2.6.0/ruby/ruby.h:478:31: note: expanded from macro 'RB_TEST'
  478 | #define RB_TEST(v) !(((VALUE)(v) & (VALUE)~RUBY_Qnil) == 0)
      |                               ^
StructLayout.c:333:73: warning: '(' and '{' tokens introducing statement expression appear in different macro expansion contexts [-Wcompound-token-split-by-macro]
  333 |     } else if (rb_obj_is_kind_of(proc, rb_cProc) || rb_respond_to(proc, rb_intern("call"))) {
      |                                                                         ^~~~~~~~~~~~~~~~~
/Library/Developer/CommandLineTools/SDKs/MacOSX.sdk/System/Library/Frameworks/Ruby.framework/Versions/2.6/usr/include/ruby-2.6.0/ruby/ruby.h:1826:23: note: expanded from macro 'rb_intern'
 1826 |         __extension__ (RUBY_CONST_ID_CACHE((ID), (str))) : \
      |                       ^
StructLayout.c:333:73: note: '{' token is here
  333 |     } else if (rb_obj_is_kind_of(proc, rb_cProc) || rb_respond_to(proc, rb_intern("call"))) {
      |                                                                         ^~~~~~~~~~~~~~~~~
/Library/Developer/CommandLineTools/SDKs/MacOSX.sdk/System/Library/Frameworks/Ruby.framework/Versions/2.6/usr/include/ruby-2.6.0/ruby/ruby.h:1826:24: note: expanded from macro 'rb_intern'
 1826 |         __extension__ (RUBY_CONST_ID_CACHE((ID), (str))) : \
      |                        ^~~~~~~~~~~~~~~~~~~~~~~~~~~~~~~~
/Library/Developer/CommandLineTools/SDKs/MacOSX.sdk/System/Library/Frameworks/Ruby.framework/Versions/2.6/usr/include/ruby-2.6.0/ruby/ruby.h:1811:5: note: expanded from macro 'RUBY_CONST_ID_CACHE'
 1811 |     {                                                   \
      |     ^
StructLayout.c:333:73: warning: '}' and ')' tokens terminating statement expression appear in different macro expansion contexts [-Wcompound-token-split-by-macro]
  333 |     } else if (rb_obj_is_kind_of(proc, rb_cProc) || rb_respond_to(proc, rb_intern("call"))) {
      |                                                                         ^~~~~~~~~~~~~~~~~
/Library/Developer/CommandLineTools/SDKs/MacOSX.sdk/System/Library/Frameworks/Ruby.framework/Versions/2.6/usr/include/ruby-2.6.0/ruby/ruby.h:1826:24: note: expanded from macro 'rb_intern'
 1826 |         __extension__ (RUBY_CONST_ID_CACHE((ID), (str))) : \
      |                        ^~~~~~~~~~~~~~~~~~~~~~~~~~~~~~~~
/Library/Developer/CommandLineTools/SDKs/MacOSX.sdk/System/Library/Frameworks/Ruby.framework/Versions/2.6/usr/include/ruby-2.6.0/ruby/ruby.h:1816:5: note: expanded from macro 'RUBY_CONST_ID_CACHE'
 1816 |     }
      |     ^
StructLayout.c:333:73: note: ')' token is here
  333 |     } else if (rb_obj_is_kind_of(proc, rb_cProc) || rb_respond_to(proc, rb_intern("call"))) {
      |                                                                         ^~~~~~~~~~~~~~~~~
/Library/Developer/CommandLineTools/SDKs/MacOSX.sdk/System/Library/Frameworks/Ruby.framework/Versions/2.6/usr/include/ruby-2.6.0/ruby/ruby.h:1826:56: note: expanded from macro 'rb_intern'
 1826 |         __extension__ (RUBY_CONST_ID_CACHE((ID), (str))) : \
      |                                                        ^
StructLayout.c:397:34: warning: '(' and '{' tokens introducing statement expression appear in different macro expansion contexts [-Wcompound-token-split-by-macro]
  397 |             rb_funcall2(pointer, rb_intern("put_string"), 2, argv);
      |                                  ^~~~~~~~~~~~~~~~~~~~~~~
/Library/Developer/CommandLineTools/SDKs/MacOSX.sdk/System/Library/Frameworks/Ruby.framework/Versions/2.6/usr/include/ruby-2.6.0/ruby/ruby.h:1826:23: note: expanded from macro 'rb_intern'
 1826 |         __extension__ (RUBY_CONST_ID_CACHE((ID), (str))) : \
      |                       ^
StructLayout.c:397:34: note: '{' token is here
  397 |             rb_funcall2(pointer, rb_intern("put_string"), 2, argv);
      |                                  ^~~~~~~~~~~~~~~~~~~~~~~
/Library/Developer/CommandLineTools/SDKs/MacOSX.sdk/System/Library/Frameworks/Ruby.framework/Versions/2.6/usr/include/ruby-2.6.0/ruby/ruby.h:1826:24: note: expanded from macro 'rb_intern'
 1826 |         __extension__ (RUBY_CONST_ID_CACHE((ID), (str))) : \
      |                        ^~~~~~~~~~~~~~~~~~~~~~~~~~~~~~~~
/Library/Developer/CommandLineTools/SDKs/MacOSX.sdk/System/Library/Frameworks/Ruby.framework/Versions/2.6/usr/include/ruby-2.6.0/ruby/ruby.h:1811:5: note: expanded from macro 'RUBY_CONST_ID_CACHE'
 1811 |     {                                                   \
      |     ^
StructLayout.c:397:34: warning: '}' and ')' tokens terminating statement expression appear in different macro expansion contexts [-Wcompound-token-split-by-macro]
  397 |             rb_funcall2(pointer, rb_intern("put_string"), 2, argv);
      |                                  ^~~~~~~~~~~~~~~~~~~~~~~
/Library/Developer/CommandLineTools/SDKs/MacOSX.sdk/System/Library/Frameworks/Ruby.framework/Versions/2.6/usr/include/ruby-2.6.0/ruby/ruby.h:1826:24: note: expanded from macro 'rb_intern'
 1826 |         __extension__ (RUBY_CONST_ID_CACHE((ID), (str))) : \
      |                        ^~~~~~~~~~~~~~~~~~~~~~~~~~~~~~~~
/Library/Developer/CommandLineTools/SDKs/MacOSX.sdk/System/Library/Frameworks/Ruby.framework/Versions/2.6/usr/include/ruby-2.6.0/ruby/ruby.h:1816:5: note: expanded from macro 'RUBY_CONST_ID_CACHE'
 1816 |     }
      |     ^
StructLayout.c:397:34: note: ')' token is here
  397 |             rb_funcall2(pointer, rb_intern("put_string"), 2, argv);
      |                                  ^~~~~~~~~~~~~~~~~~~~~~~
/Library/Developer/CommandLineTools/SDKs/MacOSX.sdk/System/Library/Frameworks/Ruby.framework/Versions/2.6/usr/include/ruby-2.6.0/ruby/ruby.h:1826:56: note: expanded from macro 'rb_intern'
 1826 |         __extension__ (RUBY_CONST_ID_CACHE((ID), (str))) : \
      |                                                        ^
StructLayout.c:399:34: warning: '(' and '{' tokens introducing statement expression appear in different macro expansion contexts [-Wcompound-token-split-by-macro]
  399 |             rb_funcall2(pointer, rb_intern("put_bytes"), 2, argv);
      |                                  ^~~~~~~~~~~~~~~~~~~~~~
/Library/Developer/CommandLineTools/SDKs/MacOSX.sdk/System/Library/Frameworks/Ruby.framework/Versions/2.6/usr/include/ruby-2.6.0/ruby/ruby.h:1826:23: note: expanded from macro 'rb_intern'
 1826 |         __extension__ (RUBY_CONST_ID_CACHE((ID), (str))) : \
      |                       ^
StructLayout.c:399:34: note: '{' token is here
  399 |             rb_funcall2(pointer, rb_intern("put_bytes"), 2, argv);
      |                                  ^~~~~~~~~~~~~~~~~~~~~~
/Library/Developer/CommandLineTools/SDKs/MacOSX.sdk/System/Library/Frameworks/Ruby.framework/Versions/2.6/usr/include/ruby-2.6.0/ruby/ruby.h:1826:24: note: expanded from macro 'rb_intern'
 1826 |         __extension__ (RUBY_CONST_ID_CACHE((ID), (str))) : \
      |                        ^~~~~~~~~~~~~~~~~~~~~~~~~~~~~~~~
/Library/Developer/CommandLineTools/SDKs/MacOSX.sdk/System/Library/Frameworks/Ruby.framework/Versions/2.6/usr/include/ruby-2.6.0/ruby/ruby.h:1811:5: note: expanded from macro 'RUBY_CONST_ID_CACHE'
 1811 |     {                                                   \
      |     ^
StructLayout.c:399:34: warning: '}' and ')' tokens terminating statement expression appear in different macro expansion contexts [-Wcompound-token-split-by-macro]
  399 |             rb_funcall2(pointer, rb_intern("put_bytes"), 2, argv);
      |                                  ^~~~~~~~~~~~~~~~~~~~~~
/Library/Developer/CommandLineTools/SDKs/MacOSX.sdk/System/Library/Frameworks/Ruby.framework/Versions/2.6/usr/include/ruby-2.6.0/ruby/ruby.h:1826:24: note: expanded from macro 'rb_intern'
 1826 |         __extension__ (RUBY_CONST_ID_CACHE((ID), (str))) : \
      |                        ^~~~~~~~~~~~~~~~~~~~~~~~~~~~~~~~
/Library/Developer/CommandLineTools/SDKs/MacOSX.sdk/System/Library/Frameworks/Ruby.framework/Versions/2.6/usr/include/ruby-2.6.0/ruby/ruby.h:1816:5: note: expanded from macro 'RUBY_CONST_ID_CACHE'
 1816 |     }
      |     ^
StructLayout.c:399:34: note: ')' token is here
  399 |             rb_funcall2(pointer, rb_intern("put_bytes"), 2, argv);
      |                                  ^~~~~~~~~~~~~~~~~~~~~~
/Library/Developer/CommandLineTools/SDKs/MacOSX.sdk/System/Library/Frameworks/Ruby.framework/Versions/2.6/usr/include/ruby-2.6.0/ruby/ruby.h:1826:56: note: expanded from macro 'rb_intern'
 1826 |         __extension__ (RUBY_CONST_ID_CACHE((ID), (str))) : \
      |                                                        ^
StructLayout.c:514:39: warning: '(' and '{' tokens introducing statement expression appear in different macro expansion contexts [-Wcompound-token-split-by-macro]
  514 |         rbName = rb_funcall2(rbField, rb_intern("name"), 0, NULL);
      |                                       ^~~~~~~~~~~~~~~~~
/Library/Developer/CommandLineTools/SDKs/MacOSX.sdk/System/Library/Frameworks/Ruby.framework/Versions/2.6/usr/include/ruby-2.6.0/ruby/ruby.h:1826:23: note: expanded from macro 'rb_intern'
 1826 |         __extension__ (RUBY_CONST_ID_CACHE((ID), (str))) : \
      |                       ^
StructLayout.c:514:39: note: '{' token is here
  514 |         rbName = rb_funcall2(rbField, rb_intern("name"), 0, NULL);
      |                                       ^~~~~~~~~~~~~~~~~
/Library/Developer/CommandLineTools/SDKs/MacOSX.sdk/System/Library/Frameworks/Ruby.framework/Versions/2.6/usr/include/ruby-2.6.0/ruby/ruby.h:1826:24: note: expanded from macro 'rb_intern'
 1826 |         __extension__ (RUBY_CONST_ID_CACHE((ID), (str))) : \
      |                        ^~~~~~~~~~~~~~~~~~~~~~~~~~~~~~~~
/Library/Developer/CommandLineTools/SDKs/MacOSX.sdk/System/Library/Frameworks/Ruby.framework/Versions/2.6/usr/include/ruby-2.6.0/ruby/ruby.h:1811:5: note: expanded from macro 'RUBY_CONST_ID_CACHE'
 1811 |     {                                                   \
      |     ^
StructLayout.c:514:39: warning: '}' and ')' tokens terminating statement expression appear in different macro expansion contexts [-Wcompound-token-split-by-macro]
  514 |         rbName = rb_funcall2(rbField, rb_intern("name"), 0, NULL);
      |                                       ^~~~~~~~~~~~~~~~~
/Library/Developer/CommandLineTools/SDKs/MacOSX.sdk/System/Library/Frameworks/Ruby.framework/Versions/2.6/usr/include/ruby-2.6.0/ruby/ruby.h:1826:24: note: expanded from macro 'rb_intern'
 1826 |         __extension__ (RUBY_CONST_ID_CACHE((ID), (str))) : \
      |                        ^~~~~~~~~~~~~~~~~~~~~~~~~~~~~~~~
/Library/Developer/CommandLineTools/SDKs/MacOSX.sdk/System/Library/Frameworks/Ruby.framework/Versions/2.6/usr/include/ruby-2.6.0/ruby/ruby.h:1816:5: note: expanded from macro 'RUBY_CONST_ID_CACHE'
 1816 |     }
      |     ^
StructLayout.c:514:39: note: ')' token is here
  514 |         rbName = rb_funcall2(rbField, rb_intern("name"), 0, NULL);
      |                                       ^~~~~~~~~~~~~~~~~
/Library/Developer/CommandLineTools/SDKs/MacOSX.sdk/System/Library/Frameworks/Ruby.framework/Versions/2.6/usr/include/ruby-2.6.0/ruby/ruby.h:1826:56: note: expanded from macro 'rb_intern'
 1826 |         __extension__ (RUBY_CONST_ID_CACHE((ID), (str))) : \
      |                                                        ^
16 warnings generated.
compiling Thread.c
compiling Type.c
Type.c:321:20: warning: '(' and '{' tokens introducing statement expression appear in different macro expansion contexts [-Wcompound-token-split-by-macro]
  321 |     id_type_size = rb_intern("type_size");
      |                    ^~~~~~~~~~~~~~~~~~~~~~
/Library/Developer/CommandLineTools/SDKs/MacOSX.sdk/System/Library/Frameworks/Ruby.framework/Versions/2.6/usr/include/ruby-2.6.0/ruby/ruby.h:1826:23: note: expanded from macro 'rb_intern'
 1826 |         __extension__ (RUBY_CONST_ID_CACHE((ID), (str))) : \
      |                       ^
Type.c:321:20: note: '{' token is here
  321 |     id_type_size = rb_intern("type_size");
      |                    ^~~~~~~~~~~~~~~~~~~~~~
/Library/Developer/CommandLineTools/SDKs/MacOSX.sdk/System/Library/Frameworks/Ruby.framework/Versions/2.6/usr/include/ruby-2.6.0/ruby/ruby.h:1826:24: note: expanded from macro 'rb_intern'
 1826 |         __extension__ (RUBY_CONST_ID_CACHE((ID), (str))) : \
      |                        ^~~~~~~~~~~~~~~~~~~~~~~~~~~~~~~~
/Library/Developer/CommandLineTools/SDKs/MacOSX.sdk/System/Library/Frameworks/Ruby.framework/Versions/2.6/usr/include/ruby-2.6.0/ruby/ruby.h:1811:5: note: expanded from macro 'RUBY_CONST_ID_CACHE'
 1811 |     {                                                   \
      |     ^
Type.c:321:20: warning: '}' and ')' tokens terminating statement expression appear in different macro expansion contexts [-Wcompound-token-split-by-macro]
  321 |     id_type_size = rb_intern("type_size");
      |                    ^~~~~~~~~~~~~~~~~~~~~~
/Library/Developer/CommandLineTools/SDKs/MacOSX.sdk/System/Library/Frameworks/Ruby.framework/Versions/2.6/usr/include/ruby-2.6.0/ruby/ruby.h:1826:24: note: expanded from macro 'rb_intern'
 1826 |         __extension__ (RUBY_CONST_ID_CACHE((ID), (str))) : \
      |                        ^~~~~~~~~~~~~~~~~~~~~~~~~~~~~~~~
/Library/Developer/CommandLineTools/SDKs/MacOSX.sdk/System/Library/Frameworks/Ruby.framework/Versions/2.6/usr/include/ruby-2.6.0/ruby/ruby.h:1816:5: note: expanded from macro 'RUBY_CONST_ID_CACHE'
 1816 |     }
      |     ^
Type.c:321:20: note: ')' token is here
  321 |     id_type_size = rb_intern("type_size");
      |                    ^~~~~~~~~~~~~~~~~~~~~~
/Library/Developer/CommandLineTools/SDKs/MacOSX.sdk/System/Library/Frameworks/Ruby.framework/Versions/2.6/usr/include/ruby-2.6.0/ruby/ruby.h:1826:56: note: expanded from macro 'rb_intern'
 1826 |         __extension__ (RUBY_CONST_ID_CACHE((ID), (str))) : \
      |                                                        ^
Type.c:322:15: warning: '(' and '{' tokens introducing statement expression appear in different macro expansion contexts [-Wcompound-token-split-by-macro]
  322 |     id_size = rb_intern("size");
      |               ^~~~~~~~~~~~~~~~~
/Library/Developer/CommandLineTools/SDKs/MacOSX.sdk/System/Library/Frameworks/Ruby.framework/Versions/2.6/usr/include/ruby-2.6.0/ruby/ruby.h:1826:23: note: expanded from macro 'rb_intern'
 1826 |         __extension__ (RUBY_CONST_ID_CACHE((ID), (str))) : \
      |                       ^
Type.c:322:15: note: '{' token is here
  322 |     id_size = rb_intern("size");
      |               ^~~~~~~~~~~~~~~~~
/Library/Developer/CommandLineTools/SDKs/MacOSX.sdk/System/Library/Frameworks/Ruby.framework/Versions/2.6/usr/include/ruby-2.6.0/ruby/ruby.h:1826:24: note: expanded from macro 'rb_intern'
 1826 |         __extension__ (RUBY_CONST_ID_CACHE((ID), (str))) : \
      |                        ^~~~~~~~~~~~~~~~~~~~~~~~~~~~~~~~
/Library/Developer/CommandLineTools/SDKs/MacOSX.sdk/System/Library/Frameworks/Ruby.framework/Versions/2.6/usr/include/ruby-2.6.0/ruby/ruby.h:1811:5: note: expanded from macro 'RUBY_CONST_ID_CACHE'
 1811 |     {                                                   \
      |     ^
Type.c:322:15: warning: '}' and ')' tokens terminating statement expression appear in different macro expansion contexts [-Wcompound-token-split-by-macro]
  322 |     id_size = rb_intern("size");
      |               ^~~~~~~~~~~~~~~~~
/Library/Developer/CommandLineTools/SDKs/MacOSX.sdk/System/Library/Frameworks/Ruby.framework/Versions/2.6/usr/include/ruby-2.6.0/ruby/ruby.h:1826:24: note: expanded from macro 'rb_intern'
 1826 |         __extension__ (RUBY_CONST_ID_CACHE((ID), (str))) : \
      |                        ^~~~~~~~~~~~~~~~~~~~~~~~~~~~~~~~
/Library/Developer/CommandLineTools/SDKs/MacOSX.sdk/System/Library/Frameworks/Ruby.framework/Versions/2.6/usr/include/ruby-2.6.0/ruby/ruby.h:1816:5: note: expanded from macro 'RUBY_CONST_ID_CACHE'
 1816 |     }
      |     ^
Type.c:322:15: note: ')' token is here
  322 |     id_size = rb_intern("size");
      |               ^~~~~~~~~~~~~~~~~
/Library/Developer/CommandLineTools/SDKs/MacOSX.sdk/System/Library/Frameworks/Ruby.framework/Versions/2.6/usr/include/ruby-2.6.0/ruby/ruby.h:1826:56: note: expanded from macro 'rb_intern'
 1826 |         __extension__ (RUBY_CONST_ID_CACHE((ID), (str))) : \
      |                                                        ^
Type.c:412:5: warning: '(' and '{' tokens introducing statement expression appear in different macro expansion contexts [-Wcompound-token-split-by-macro]
  412 |     A(INT8, SCHAR);
      |     ^~~~~~~~~~~~~~
Type.c:403:49: note: expanded from macro 'A'
  403 |         VALUE t = rb_const_get(rbffi_TypeClass, rb_intern(#old_type)); \
      |                                                 ^~~~~~~~~~~~~~~~~~~~
/Library/Developer/CommandLineTools/SDKs/MacOSX.sdk/System/Library/Frameworks/Ruby.framework/Versions/2.6/usr/include/ruby-2.6.0/ruby/ruby.h:1826:23: note: expanded from macro 'rb_intern'
 1826 |         __extension__ (RUBY_CONST_ID_CACHE((ID), (str))) : \
      |                       ^
Type.c:412:5: note: '{' token is here
  412 |     A(INT8, SCHAR);
      |     ^~~~~~~~~~~~~~
Type.c:403:49: note: expanded from macro 'A'
  403 |         VALUE t = rb_const_get(rbffi_TypeClass, rb_intern(#old_type)); \
      |                                                 ^~~~~~~~~~~~~~~~~~~~
/Library/Developer/CommandLineTools/SDKs/MacOSX.sdk/System/Library/Frameworks/Ruby.framework/Versions/2.6/usr/include/ruby-2.6.0/ruby/ruby.h:1826:24: note: expanded from macro 'rb_intern'
 1826 |         __extension__ (RUBY_CONST_ID_CACHE((ID), (str))) : \
      |                        ^~~~~~~~~~~~~~~~~~~~~~~~~~~~~~~~
/Library/Developer/CommandLineTools/SDKs/MacOSX.sdk/System/Library/Frameworks/Ruby.framework/Versions/2.6/usr/include/ruby-2.6.0/ruby/ruby.h:1811:5: note: expanded from macro 'RUBY_CONST_ID_CACHE'
 1811 |     {                                                   \
      |     ^
Type.c:412:5: warning: '}' and ')' tokens terminating statement expression appear in different macro expansion contexts [-Wcompound-token-split-by-macro]
  412 |     A(INT8, SCHAR);
      |     ^~~~~~~~~~~~~~
Type.c:403:49: note: expanded from macro 'A'
  403 |         VALUE t = rb_const_get(rbffi_TypeClass, rb_intern(#old_type)); \
      |                                                 ^~~~~~~~~~~~~~~~~~~~
/Library/Developer/CommandLineTools/SDKs/MacOSX.sdk/System/Library/Frameworks/Ruby.framework/Versions/2.6/usr/include/ruby-2.6.0/ruby/ruby.h:1826:24: note: expanded from macro 'rb_intern'
 1826 |         __extension__ (RUBY_CONST_ID_CACHE((ID), (str))) : \
      |                        ^~~~~~~~~~~~~~~~~~~~~~~~~~~~~~~~
/Library/Developer/CommandLineTools/SDKs/MacOSX.sdk/System/Library/Frameworks/Ruby.framework/Versions/2.6/usr/include/ruby-2.6.0/ruby/ruby.h:1816:5: note: expanded from macro 'RUBY_CONST_ID_CACHE'
 1816 |     }
      |     ^
Type.c:412:5: note: ')' token is here
  412 |     A(INT8, SCHAR);
      |     ^~~~~~~~~~~~~~
Type.c:403:49: note: expanded from macro 'A'
  403 |         VALUE t = rb_const_get(rbffi_TypeClass, rb_intern(#old_type)); \
      |                                                 ^~~~~~~~~~~~~~~~~~~~
/Library/Developer/CommandLineTools/SDKs/MacOSX.sdk/System/Library/Frameworks/Ruby.framework/Versions/2.6/usr/include/ruby-2.6.0/ruby/ruby.h:1826:56: note: expanded from macro 'rb_intern'
 1826 |         __extension__ (RUBY_CONST_ID_CACHE((ID), (str))) : \
      |                                                        ^
Type.c:412:5: warning: '(' and '{' tokens introducing statement expression appear in different macro expansion contexts [-Wcompound-token-split-by-macro]
  412 |     A(INT8, SCHAR);
      |     ^~~~~~~~~~~~~~
Type.c:404:39: note: expanded from macro 'A'
  404 |         rb_const_set(rbffi_TypeClass, rb_intern(#new_type), t); \
      |                                       ^~~~~~~~~~~~~~~~~~~~
/Library/Developer/CommandLineTools/SDKs/MacOSX.sdk/System/Library/Frameworks/Ruby.framework/Versions/2.6/usr/include/ruby-2.6.0/ruby/ruby.h:1826:23: note: expanded from macro 'rb_intern'
 1826 |         __extension__ (RUBY_CONST_ID_CACHE((ID), (str))) : \
      |                       ^
Type.c:412:5: note: '{' token is here
  412 |     A(INT8, SCHAR);
      |     ^~~~~~~~~~~~~~
Type.c:404:39: note: expanded from macro 'A'
  404 |         rb_const_set(rbffi_TypeClass, rb_intern(#new_type), t); \
      |                                       ^~~~~~~~~~~~~~~~~~~~
/Library/Developer/CommandLineTools/SDKs/MacOSX.sdk/System/Library/Frameworks/Ruby.framework/Versions/2.6/usr/include/ruby-2.6.0/ruby/ruby.h:1826:24: note: expanded from macro 'rb_intern'
 1826 |         __extension__ (RUBY_CONST_ID_CACHE((ID), (str))) : \
      |                        ^~~~~~~~~~~~~~~~~~~~~~~~~~~~~~~~
/Library/Developer/CommandLineTools/SDKs/MacOSX.sdk/System/Library/Frameworks/Ruby.framework/Versions/2.6/usr/include/ruby-2.6.0/ruby/ruby.h:1811:5: note: expanded from macro 'RUBY_CONST_ID_CACHE'
 1811 |     {                                                   \
      |     ^
Type.c:412:5: warning: '}' and ')' tokens terminating statement expression appear in different macro expansion contexts [-Wcompound-token-split-by-macro]
  412 |     A(INT8, SCHAR);
      |     ^~~~~~~~~~~~~~
Type.c:404:39: note: expanded from macro 'A'
  404 |         rb_const_set(rbffi_TypeClass, rb_intern(#new_type), t); \
      |                                       ^~~~~~~~~~~~~~~~~~~~
/Library/Developer/CommandLineTools/SDKs/MacOSX.sdk/System/Library/Frameworks/Ruby.framework/Versions/2.6/usr/include/ruby-2.6.0/ruby/ruby.h:1826:24: note: expanded from macro 'rb_intern'
 1826 |         __extension__ (RUBY_CONST_ID_CACHE((ID), (str))) : \
      |                        ^~~~~~~~~~~~~~~~~~~~~~~~~~~~~~~~
/Library/Developer/CommandLineTools/SDKs/MacOSX.sdk/System/Library/Frameworks/Ruby.framework/Versions/2.6/usr/include/ruby-2.6.0/ruby/ruby.h:1816:5: note: expanded from macro 'RUBY_CONST_ID_CACHE'
 1816 |     }
      |     ^
Type.c:412:5: note: ')' token is here
  412 |     A(INT8, SCHAR);
      |     ^~~~~~~~~~~~~~
Type.c:404:39: note: expanded from macro 'A'
  404 |         rb_const_set(rbffi_TypeClass, rb_intern(#new_type), t); \
      |                                       ^~~~~~~~~~~~~~~~~~~~
/Library/Developer/CommandLineTools/SDKs/MacOSX.sdk/System/Library/Frameworks/Ruby.framework/Versions/2.6/usr/include/ruby-2.6.0/ruby/ruby.h:1826:56: note: expanded from macro 'rb_intern'
 1826 |         __extension__ (RUBY_CONST_ID_CACHE((ID), (str))) : \
      |                                                        ^
Type.c:413:5: warning: '(' and '{' tokens introducing statement expression appear in different macro expansion contexts [-Wcompound-token-split-by-macro]
  413 |     A(INT8, CHAR);
      |     ^~~~~~~~~~~~~
Type.c:403:49: note: expanded from macro 'A'
  403 |         VALUE t = rb_const_get(rbffi_TypeClass, rb_intern(#old_type)); \
      |                                                 ^~~~~~~~~~~~~~~~~~~~
/Library/Developer/CommandLineTools/SDKs/MacOSX.sdk/System/Library/Frameworks/Ruby.framework/Versions/2.6/usr/include/ruby-2.6.0/ruby/ruby.h:1826:23: note: expanded from macro 'rb_intern'
 1826 |         __extension__ (RUBY_CONST_ID_CACHE((ID), (str))) : \
      |                       ^
Type.c:413:5: note: '{' token is here
  413 |     A(INT8, CHAR);
      |     ^~~~~~~~~~~~~
Type.c:403:49: note: expanded from macro 'A'
  403 |         VALUE t = rb_const_get(rbffi_TypeClass, rb_intern(#old_type)); \
      |                                                 ^~~~~~~~~~~~~~~~~~~~
/Library/Developer/CommandLineTools/SDKs/MacOSX.sdk/System/Library/Frameworks/Ruby.framework/Versions/2.6/usr/include/ruby-2.6.0/ruby/ruby.h:1826:24: note: expanded from macro 'rb_intern'
 1826 |         __extension__ (RUBY_CONST_ID_CACHE((ID), (str))) : \
      |                        ^~~~~~~~~~~~~~~~~~~~~~~~~~~~~~~~
/Library/Developer/CommandLineTools/SDKs/MacOSX.sdk/System/Library/Frameworks/Ruby.framework/Versions/2.6/usr/include/ruby-2.6.0/ruby/ruby.h:1811:5: note: expanded from macro 'RUBY_CONST_ID_CACHE'
 1811 |     {                                                   \
      |     ^
Type.c:413:5: warning: '}' and ')' tokens terminating statement expression appear in different macro expansion contexts [-Wcompound-token-split-by-macro]
  413 |     A(INT8, CHAR);
      |     ^~~~~~~~~~~~~
Type.c:403:49: note: expanded from macro 'A'
  403 |         VALUE t = rb_const_get(rbffi_TypeClass, rb_intern(#old_type)); \
      |                                                 ^~~~~~~~~~~~~~~~~~~~
/Library/Developer/CommandLineTools/SDKs/MacOSX.sdk/System/Library/Frameworks/Ruby.framework/Versions/2.6/usr/include/ruby-2.6.0/ruby/ruby.h:1826:24: note: expanded from macro 'rb_intern'
 1826 |         __extension__ (RUBY_CONST_ID_CACHE((ID), (str))) : \
      |                        ^~~~~~~~~~~~~~~~~~~~~~~~~~~~~~~~
/Library/Developer/CommandLineTools/SDKs/MacOSX.sdk/System/Library/Frameworks/Ruby.framework/Versions/2.6/usr/include/ruby-2.6.0/ruby/ruby.h:1816:5: note: expanded from macro 'RUBY_CONST_ID_CACHE'
 1816 |     }
      |     ^
Type.c:413:5: note: ')' token is here
  413 |     A(INT8, CHAR);
      |     ^~~~~~~~~~~~~
Type.c:403:49: note: expanded from macro 'A'
  403 |         VALUE t = rb_const_get(rbffi_TypeClass, rb_intern(#old_type)); \
      |                                                 ^~~~~~~~~~~~~~~~~~~~
/Library/Developer/CommandLineTools/SDKs/MacOSX.sdk/System/Library/Frameworks/Ruby.framework/Versions/2.6/usr/include/ruby-2.6.0/ruby/ruby.h:1826:56: note: expanded from macro 'rb_intern'
 1826 |         __extension__ (RUBY_CONST_ID_CACHE((ID), (str))) : \
      |                                                        ^
Type.c:413:5: warning: '(' and '{' tokens introducing statement expression appear in different macro expansion contexts [-Wcompound-token-split-by-macro]
  413 |     A(INT8, CHAR);
      |     ^~~~~~~~~~~~~
Type.c:404:39: note: expanded from macro 'A'
  404 |         rb_const_set(rbffi_TypeClass, rb_intern(#new_type), t); \
      |                                       ^~~~~~~~~~~~~~~~~~~~
/Library/Developer/CommandLineTools/SDKs/MacOSX.sdk/System/Library/Frameworks/Ruby.framework/Versions/2.6/usr/include/ruby-2.6.0/ruby/ruby.h:1826:23: note: expanded from macro 'rb_intern'
 1826 |         __extension__ (RUBY_CONST_ID_CACHE((ID), (str))) : \
      |                       ^
Type.c:413:5: note: '{' token is here
  413 |     A(INT8, CHAR);
      |     ^~~~~~~~~~~~~
Type.c:404:39: note: expanded from macro 'A'
  404 |         rb_const_set(rbffi_TypeClass, rb_intern(#new_type), t); \
      |                                       ^~~~~~~~~~~~~~~~~~~~
/Library/Developer/CommandLineTools/SDKs/MacOSX.sdk/System/Library/Frameworks/Ruby.framework/Versions/2.6/usr/include/ruby-2.6.0/ruby/ruby.h:1826:24: note: expanded from macro 'rb_intern'
 1826 |         __extension__ (RUBY_CONST_ID_CACHE((ID), (str))) : \
      |                        ^~~~~~~~~~~~~~~~~~~~~~~~~~~~~~~~
/Library/Developer/CommandLineTools/SDKs/MacOSX.sdk/System/Library/Frameworks/Ruby.framework/Versions/2.6/usr/include/ruby-2.6.0/ruby/ruby.h:1811:5: note: expanded from macro 'RUBY_CONST_ID_CACHE'
 1811 |     {                                                   \
      |     ^
Type.c:413:5: warning: '}' and ')' tokens terminating statement expression appear in different macro expansion contexts [-Wcompound-token-split-by-macro]
  413 |     A(INT8, CHAR);
      |     ^~~~~~~~~~~~~
Type.c:404:39: note: expanded from macro 'A'
  404 |         rb_const_set(rbffi_TypeClass, rb_intern(#new_type), t); \
      |                                       ^~~~~~~~~~~~~~~~~~~~
/Library/Developer/CommandLineTools/SDKs/MacOSX.sdk/System/Library/Frameworks/Ruby.framework/Versions/2.6/usr/include/ruby-2.6.0/ruby/ruby.h:1826:24: note: expanded from macro 'rb_intern'
 1826 |         __extension__ (RUBY_CONST_ID_CACHE((ID), (str))) : \
      |                        ^~~~~~~~~~~~~~~~~~~~~~~~~~~~~~~~
/Library/Developer/CommandLineTools/SDKs/MacOSX.sdk/System/Library/Frameworks/Ruby.framework/Versions/2.6/usr/include/ruby-2.6.0/ruby/ruby.h:1816:5: note: expanded from macro 'RUBY_CONST_ID_CACHE'
 1816 |     }
      |     ^
Type.c:413:5: note: ')' token is here
  413 |     A(INT8, CHAR);
      |     ^~~~~~~~~~~~~
Type.c:404:39: note: expanded from macro 'A'
  404 |         rb_const_set(rbffi_TypeClass, rb_intern(#new_type), t); \
      |                                       ^~~~~~~~~~~~~~~~~~~~
/Library/Developer/CommandLineTools/SDKs/MacOSX.sdk/System/Library/Frameworks/Ruby.framework/Versions/2.6/usr/include/ruby-2.6.0/ruby/ruby.h:1826:56: note: expanded from macro 'rb_intern'
 1826 |         __extension__ (RUBY_CONST_ID_CACHE((ID), (str))) : \
      |                                                        ^
Type.c:415:5: warning: '(' and '{' tokens introducing statement expression appear in different macro expansion contexts [-Wcompound-token-split-by-macro]
  415 |     A(UINT8, UCHAR);
      |     ^~~~~~~~~~~~~~~
Type.c:403:49: note: expanded from macro 'A'
  403 |         VALUE t = rb_const_get(rbffi_TypeClass, rb_intern(#old_type)); \
      |                                                 ^~~~~~~~~~~~~~~~~~~~
/Library/Developer/CommandLineTools/SDKs/MacOSX.sdk/System/Library/Frameworks/Ruby.framework/Versions/2.6/usr/include/ruby-2.6.0/ruby/ruby.h:1826:23: note: expanded from macro 'rb_intern'
 1826 |         __extension__ (RUBY_CONST_ID_CACHE((ID), (str))) : \
      |                       ^
Type.c:415:5: note: '{' token is here
  415 |     A(UINT8, UCHAR);
      |     ^~~~~~~~~~~~~~~
Type.c:403:49: note: expanded from macro 'A'
  403 |         VALUE t = rb_const_get(rbffi_TypeClass, rb_intern(#old_type)); \
      |                                                 ^~~~~~~~~~~~~~~~~~~~
/Library/Developer/CommandLineTools/SDKs/MacOSX.sdk/System/Library/Frameworks/Ruby.framework/Versions/2.6/usr/include/ruby-2.6.0/ruby/ruby.h:1826:24: note: expanded from macro 'rb_intern'
 1826 |         __extension__ (RUBY_CONST_ID_CACHE((ID), (str))) : \
      |                        ^~~~~~~~~~~~~~~~~~~~~~~~~~~~~~~~
/Library/Developer/CommandLineTools/SDKs/MacOSX.sdk/System/Library/Frameworks/Ruby.framework/Versions/2.6/usr/include/ruby-2.6.0/ruby/ruby.h:1811:5: note: expanded from macro 'RUBY_CONST_ID_CACHE'
 1811 |     {                                                   \
      |     ^
Type.c:415:5: warning: '}' and ')' tokens terminating statement expression appear in different macro expansion contexts [-Wcompound-token-split-by-macro]
  415 |     A(UINT8, UCHAR);
      |     ^~~~~~~~~~~~~~~
Type.c:403:49: note: expanded from macro 'A'
  403 |         VALUE t = rb_const_get(rbffi_TypeClass, rb_intern(#old_type)); \
      |                                                 ^~~~~~~~~~~~~~~~~~~~
/Library/Developer/CommandLineTools/SDKs/MacOSX.sdk/System/Library/Frameworks/Ruby.framework/Versions/2.6/usr/include/ruby-2.6.0/ruby/ruby.h:1826:24: note: expanded from macro 'rb_intern'
 1826 |         __extension__ (RUBY_CONST_ID_CACHE((ID), (str))) : \
      |                        ^~~~~~~~~~~~~~~~~~~~~~~~~~~~~~~~
/Library/Developer/CommandLineTools/SDKs/MacOSX.sdk/System/Library/Frameworks/Ruby.framework/Versions/2.6/usr/include/ruby-2.6.0/ruby/ruby.h:1816:5: note: expanded from macro 'RUBY_CONST_ID_CACHE'
 1816 |     }
      |     ^
Type.c:415:5: note: ')' token is here
  415 |     A(UINT8, UCHAR);
      |     ^~~~~~~~~~~~~~~
Type.c:403:49: note: expanded from macro 'A'
  403 |         VALUE t = rb_const_get(rbffi_TypeClass, rb_intern(#old_type)); \
      |                                                 ^~~~~~~~~~~~~~~~~~~~
/Library/Developer/CommandLineTools/SDKs/MacOSX.sdk/System/Library/Frameworks/Ruby.framework/Versions/2.6/usr/include/ruby-2.6.0/ruby/ruby.h:1826:56: note: expanded from macro 'rb_intern'
 1826 |         __extension__ (RUBY_CONST_ID_CACHE((ID), (str))) : \
      |                                                        ^
Type.c:415:5: warning: '(' and '{' tokens introducing statement expression appear in different macro expansion contexts [-Wcompound-token-split-by-macro]
  415 |     A(UINT8, UCHAR);
      |     ^~~~~~~~~~~~~~~
Type.c:404:39: note: expanded from macro 'A'
  404 |         rb_const_set(rbffi_TypeClass, rb_intern(#new_type), t); \
      |                                       ^~~~~~~~~~~~~~~~~~~~
/Library/Developer/CommandLineTools/SDKs/MacOSX.sdk/System/Library/Frameworks/Ruby.framework/Versions/2.6/usr/include/ruby-2.6.0/ruby/ruby.h:1826:23: note: expanded from macro 'rb_intern'
 1826 |         __extension__ (RUBY_CONST_ID_CACHE((ID), (str))) : \
      |                       ^
Type.c:415:5: note: '{' token is here
  415 |     A(UINT8, UCHAR);
      |     ^~~~~~~~~~~~~~~
Type.c:404:39: note: expanded from macro 'A'
  404 |         rb_const_set(rbffi_TypeClass, rb_intern(#new_type), t); \
      |                                       ^~~~~~~~~~~~~~~~~~~~
/Library/Developer/CommandLineTools/SDKs/MacOSX.sdk/System/Library/Frameworks/Ruby.framework/Versions/2.6/usr/include/ruby-2.6.0/ruby/ruby.h:1826:24: note: expanded from macro 'rb_intern'
 1826 |         __extension__ (RUBY_CONST_ID_CACHE((ID), (str))) : \
      |                        ^~~~~~~~~~~~~~~~~~~~~~~~~~~~~~~~
/Library/Developer/CommandLineTools/SDKs/MacOSX.sdk/System/Library/Frameworks/Ruby.framework/Versions/2.6/usr/include/ruby-2.6.0/ruby/ruby.h:1811:5: note: expanded from macro 'RUBY_CONST_ID_CACHE'
 1811 |     {                                                   \
      |     ^
Type.c:415:5: warning: '}' and ')' tokens terminating statement expression appear in different macro expansion contexts [-Wcompound-token-split-by-macro]
  415 |     A(UINT8, UCHAR);
      |     ^~~~~~~~~~~~~~~
Type.c:404:39: note: expanded from macro 'A'
  404 |         rb_const_set(rbffi_TypeClass, rb_intern(#new_type), t); \
      |                                       ^~~~~~~~~~~~~~~~~~~~
/Library/Developer/CommandLineTools/SDKs/MacOSX.sdk/System/Library/Frameworks/Ruby.framework/Versions/2.6/usr/include/ruby-2.6.0/ruby/ruby.h:1826:24: note: expanded from macro 'rb_intern'
 1826 |         __extension__ (RUBY_CONST_ID_CACHE((ID), (str))) : \
      |                        ^~~~~~~~~~~~~~~~~~~~~~~~~~~~~~~~
/Library/Developer/CommandLineTools/SDKs/MacOSX.sdk/System/Library/Frameworks/Ruby.framework/Versions/2.6/usr/include/ruby-2.6.0/ruby/ruby.h:1816:5: note: expanded from macro 'RUBY_CONST_ID_CACHE'
 1816 |     }
      |     ^
Type.c:415:5: note: ')' token is here
  415 |     A(UINT8, UCHAR);
      |     ^~~~~~~~~~~~~~~
Type.c:404:39: note: expanded from macro 'A'
  404 |         rb_const_set(rbffi_TypeClass, rb_intern(#new_type), t); \
      |                                       ^~~~~~~~~~~~~~~~~~~~
/Library/Developer/CommandLineTools/SDKs/MacOSX.sdk/System/Library/Frameworks/Ruby.framework/Versions/2.6/usr/include/ruby-2.6.0/ruby/ruby.h:1826:56: note: expanded from macro 'rb_intern'
 1826 |         __extension__ (RUBY_CONST_ID_CACHE((ID), (str))) : \
      |                                                        ^
Type.c:418:5: warning: '(' and '{' tokens introducing statement expression appear in different macro expansion contexts [-Wcompound-token-split-by-macro]
  418 |     A(INT16, SHORT);
      |     ^~~~~~~~~~~~~~~
Type.c:403:49: note: expanded from macro 'A'
  403 |         VALUE t = rb_const_get(rbffi_TypeClass, rb_intern(#old_type)); \
      |                                                 ^~~~~~~~~~~~~~~~~~~~
/Library/Developer/CommandLineTools/SDKs/MacOSX.sdk/System/Library/Frameworks/Ruby.framework/Versions/2.6/usr/include/ruby-2.6.0/ruby/ruby.h:1826:23: note: expanded from macro 'rb_intern'
 1826 |         __extension__ (RUBY_CONST_ID_CACHE((ID), (str))) : \
      |                       ^
Type.c:418:5: note: '{' token is here
  418 |     A(INT16, SHORT);
      |     ^~~~~~~~~~~~~~~
Type.c:403:49: note: expanded from macro 'A'
  403 |         VALUE t = rb_const_get(rbffi_TypeClass, rb_intern(#old_type)); \
      |                                                 ^~~~~~~~~~~~~~~~~~~~
/Library/Developer/CommandLineTools/SDKs/MacOSX.sdk/System/Library/Frameworks/Ruby.framework/Versions/2.6/usr/include/ruby-2.6.0/ruby/ruby.h:1826:24: note: expanded from macro 'rb_intern'
 1826 |         __extension__ (RUBY_CONST_ID_CACHE((ID), (str))) : \
      |                        ^~~~~~~~~~~~~~~~~~~~~~~~~~~~~~~~
/Library/Developer/CommandLineTools/SDKs/MacOSX.sdk/System/Library/Frameworks/Ruby.framework/Versions/2.6/usr/include/ruby-2.6.0/ruby/ruby.h:1811:5: note: expanded from macro 'RUBY_CONST_ID_CACHE'
 1811 |     {                                                   \
      |     ^
Type.c:418:5: warning: '}' and ')' tokens terminating statement expression appear in different macro expansion contexts [-Wcompound-token-split-by-macro]
  418 |     A(INT16, SHORT);
      |     ^~~~~~~~~~~~~~~
Type.c:403:49: note: expanded from macro 'A'
  403 |         VALUE t = rb_const_get(rbffi_TypeClass, rb_intern(#old_type)); \
      |                                                 ^~~~~~~~~~~~~~~~~~~~
/Library/Developer/CommandLineTools/SDKs/MacOSX.sdk/System/Library/Frameworks/Ruby.framework/Versions/2.6/usr/include/ruby-2.6.0/ruby/ruby.h:1826:24: note: expanded from macro 'rb_intern'
 1826 |         __extension__ (RUBY_CONST_ID_CACHE((ID), (str))) : \
      |                        ^~~~~~~~~~~~~~~~~~~~~~~~~~~~~~~~
/Library/Developer/CommandLineTools/SDKs/MacOSX.sdk/System/Library/Frameworks/Ruby.framework/Versions/2.6/usr/include/ruby-2.6.0/ruby/ruby.h:1816:5: note: expanded from macro 'RUBY_CONST_ID_CACHE'
 1816 |     }
      |     ^
Type.c:418:5: note: ')' token is here
  418 |     A(INT16, SHORT);
      |     ^~~~~~~~~~~~~~~
Type.c:403:49: note: expanded from macro 'A'
  403 |         VALUE t = rb_const_get(rbffi_TypeClass, rb_intern(#old_type)); \
      |                                                 ^~~~~~~~~~~~~~~~~~~~
/Library/Developer/CommandLineTools/SDKs/MacOSX.sdk/System/Library/Frameworks/Ruby.framework/Versions/2.6/usr/include/ruby-2.6.0/ruby/ruby.h:1826:56: note: expanded from macro 'rb_intern'
 1826 |         __extension__ (RUBY_CONST_ID_CACHE((ID), (str))) : \
      |                                                        ^
Type.c:418:5: warning: '(' and '{' tokens introducing statement expression appear in different macro expansion contexts [-Wcompound-token-split-by-macro]
  418 |     A(INT16, SHORT);
      |     ^~~~~~~~~~~~~~~
Type.c:404:39: note: expanded from macro 'A'
  404 |         rb_const_set(rbffi_TypeClass, rb_intern(#new_type), t); \
      |                                       ^~~~~~~~~~~~~~~~~~~~
/Library/Developer/CommandLineTools/SDKs/MacOSX.sdk/System/Library/Frameworks/Ruby.framework/Versions/2.6/usr/include/ruby-2.6.0/ruby/ruby.h:1826:23: note: expanded from macro 'rb_intern'
 1826 |         __extension__ (RUBY_CONST_ID_CACHE((ID), (str))) : \
      |                       ^
Type.c:418:5: note: '{' token is here
  418 |     A(INT16, SHORT);
      |     ^~~~~~~~~~~~~~~
Type.c:404:39: note: expanded from macro 'A'
  404 |         rb_const_set(rbffi_TypeClass, rb_intern(#new_type), t); \
      |                                       ^~~~~~~~~~~~~~~~~~~~
/Library/Developer/CommandLineTools/SDKs/MacOSX.sdk/System/Library/Frameworks/Ruby.framework/Versions/2.6/usr/include/ruby-2.6.0/ruby/ruby.h:1826:24: note: expanded from macro 'rb_intern'
 1826 |         __extension__ (RUBY_CONST_ID_CACHE((ID), (str))) : \
      |                        ^~~~~~~~~~~~~~~~~~~~~~~~~~~~~~~~
/Library/Developer/CommandLineTools/SDKs/MacOSX.sdk/System/Library/Frameworks/Ruby.framework/Versions/2.6/usr/include/ruby-2.6.0/ruby/ruby.h:1811:5: note: expanded from macro 'RUBY_CONST_ID_CACHE'
 1811 |     {                                                   \
      |     ^
Type.c:418:5: warning: '}' and ')' tokens terminating statement expression appear in different macro expansion contexts [-Wcompound-token-split-by-macro]
  418 |     A(INT16, SHORT);
      |     ^~~~~~~~~~~~~~~
Type.c:404:39: note: expanded from macro 'A'
  404 |         rb_const_set(rbffi_TypeClass, rb_intern(#new_type), t); \
      |                                       ^~~~~~~~~~~~~~~~~~~~
/Library/Developer/CommandLineTools/SDKs/MacOSX.sdk/System/Library/Frameworks/Ruby.framework/Versions/2.6/usr/include/ruby-2.6.0/ruby/ruby.h:1826:24: note: expanded from macro 'rb_intern'
 1826 |         __extension__ (RUBY_CONST_ID_CACHE((ID), (str))) : \
      |                        ^~~~~~~~~~~~~~~~~~~~~~~~~~~~~~~~
/Library/Developer/CommandLineTools/SDKs/MacOSX.sdk/System/Library/Frameworks/Ruby.framework/Versions/2.6/usr/include/ruby-2.6.0/ruby/ruby.h:1816:5: note: expanded from macro 'RUBY_CONST_ID_CACHE'
 1816 |     }
      |     ^
Type.c:418:5: note: ')' token is here
  418 |     A(INT16, SHORT);
      |     ^~~~~~~~~~~~~~~
Type.c:404:39: note: expanded from macro 'A'
  404 |         rb_const_set(rbffi_TypeClass, rb_intern(#new_type), t); \
      |                                       ^~~~~~~~~~~~~~~~~~~~
/Library/Developer/CommandLineTools/SDKs/MacOSX.sdk/System/Library/Frameworks/Ruby.framework/Versions/2.6/usr/include/ruby-2.6.0/ruby/ruby.h:1826:56: note: expanded from macro 'rb_intern'
 1826 |         __extension__ (RUBY_CONST_ID_CACHE((ID), (str))) : \
      |                                                        ^
Type.c:419:5: warning: '(' and '{' tokens introducing statement expression appear in different macro expansion contexts [-Wcompound-token-split-by-macro]
  419 |     A(INT16, SSHORT);
      |     ^~~~~~~~~~~~~~~~
Type.c:403:49: note: expanded from macro 'A'
  403 |         VALUE t = rb_const_get(rbffi_TypeClass, rb_intern(#old_type)); \
      |                                                 ^~~~~~~~~~~~~~~~~~~~
/Library/Developer/CommandLineTools/SDKs/MacOSX.sdk/System/Library/Frameworks/Ruby.framework/Versions/2.6/usr/include/ruby-2.6.0/ruby/ruby.h:1826:23: note: expanded from macro 'rb_intern'
 1826 |         __extension__ (RUBY_CONST_ID_CACHE((ID), (str))) : \
      |                       ^
Type.c:419:5: note: '{' token is here
  419 |     A(INT16, SSHORT);
      |     ^~~~~~~~~~~~~~~~
Type.c:403:49: note: expanded from macro 'A'
  403 |         VALUE t = rb_const_get(rbffi_TypeClass, rb_intern(#old_type)); \
      |                                                 ^~~~~~~~~~~~~~~~~~~~
/Library/Developer/CommandLineTools/SDKs/MacOSX.sdk/System/Library/Frameworks/Ruby.framework/Versions/2.6/usr/include/ruby-2.6.0/ruby/ruby.h:1826:24: note: expanded from macro 'rb_intern'
 1826 |         __extension__ (RUBY_CONST_ID_CACHE((ID), (str))) : \
      |                        ^~~~~~~~~~~~~~~~~~~~~~~~~~~~~~~~
/Library/Developer/CommandLineTools/SDKs/MacOSX.sdk/System/Library/Frameworks/Ruby.framework/Versions/2.6/usr/include/ruby-2.6.0/ruby/ruby.h:1811:5: note: expanded from macro 'RUBY_CONST_ID_CACHE'
 1811 |     {                                                   \
      |     ^
Type.c:419:5: warning: '}' and ')' tokens terminating statement expression appear in different macro expansion contexts [-Wcompound-token-split-by-macro]
  419 |     A(INT16, SSHORT);
      |     ^~~~~~~~~~~~~~~~
Type.c:403:49: note: expanded from macro 'A'
  403 |         VALUE t = rb_const_get(rbffi_TypeClass, rb_intern(#old_type)); \
      |                                                 ^~~~~~~~~~~~~~~~~~~~
/Library/Developer/CommandLineTools/SDKs/MacOSX.sdk/System/Library/Frameworks/Ruby.framework/Versions/2.6/usr/include/ruby-2.6.0/ruby/ruby.h:1826:24: note: expanded from macro 'rb_intern'
 1826 |         __extension__ (RUBY_CONST_ID_CACHE((ID), (str))) : \
      |                        ^~~~~~~~~~~~~~~~~~~~~~~~~~~~~~~~
/Library/Developer/CommandLineTools/SDKs/MacOSX.sdk/System/Library/Frameworks/Ruby.framework/Versions/2.6/usr/include/ruby-2.6.0/ruby/ruby.h:1816:5: note: expanded from macro 'RUBY_CONST_ID_CACHE'
 1816 |     }
      |     ^
Type.c:419:5: note: ')' token is here
  419 |     A(INT16, SSHORT);
      |     ^~~~~~~~~~~~~~~~
Type.c:403:49: note: expanded from macro 'A'
  403 |         VALUE t = rb_const_get(rbffi_TypeClass, rb_intern(#old_type)); \
      |                                                 ^~~~~~~~~~~~~~~~~~~~
/Library/Developer/CommandLineTools/SDKs/MacOSX.sdk/System/Library/Frameworks/Ruby.framework/Versions/2.6/usr/include/ruby-2.6.0/ruby/ruby.h:1826:56: note: expanded from macro 'rb_intern'
 1826 |         __extension__ (RUBY_CONST_ID_CACHE((ID), (str))) : \
      |                                                        ^
Type.c:419:5: warning: '(' and '{' tokens introducing statement expression appear in different macro expansion contexts [-Wcompound-token-split-by-macro]
  419 |     A(INT16, SSHORT);
      |     ^~~~~~~~~~~~~~~~
Type.c:404:39: note: expanded from macro 'A'
  404 |         rb_const_set(rbffi_TypeClass, rb_intern(#new_type), t); \
      |                                       ^~~~~~~~~~~~~~~~~~~~
/Library/Developer/CommandLineTools/SDKs/MacOSX.sdk/System/Library/Frameworks/Ruby.framework/Versions/2.6/usr/include/ruby-2.6.0/ruby/ruby.h:1826:23: note: expanded from macro 'rb_intern'
 1826 |         __extension__ (RUBY_CONST_ID_CACHE((ID), (str))) : \
      |                       ^
Type.c:419:5: note: '{' token is here
  419 |     A(INT16, SSHORT);
      |     ^~~~~~~~~~~~~~~~
Type.c:404:39: note: expanded from macro 'A'
  404 |         rb_const_set(rbffi_TypeClass, rb_intern(#new_type), t); \
      |                                       ^~~~~~~~~~~~~~~~~~~~
/Library/Developer/CommandLineTools/SDKs/MacOSX.sdk/System/Library/Frameworks/Ruby.framework/Versions/2.6/usr/include/ruby-2.6.0/ruby/ruby.h:1826:24: note: expanded from macro 'rb_intern'
 1826 |         __extension__ (RUBY_CONST_ID_CACHE((ID), (str))) : \
      |                        ^~~~~~~~~~~~~~~~~~~~~~~~~~~~~~~~
/Library/Developer/CommandLineTools/SDKs/MacOSX.sdk/System/Library/Frameworks/Ruby.framework/Versions/2.6/usr/include/ruby-2.6.0/ruby/ruby.h:1811:5: note: expanded from macro 'RUBY_CONST_ID_CACHE'
 1811 |     {                                                   \
      |     ^
Type.c:419:5: warning: '}' and ')' tokens terminating statement expression appear in different macro expansion contexts [-Wcompound-token-split-by-macro]
  419 |     A(INT16, SSHORT);
      |     ^~~~~~~~~~~~~~~~
Type.c:404:39: note: expanded from macro 'A'
  404 |         rb_const_set(rbffi_TypeClass, rb_intern(#new_type), t); \
      |                                       ^~~~~~~~~~~~~~~~~~~~
/Library/Developer/CommandLineTools/SDKs/MacOSX.sdk/System/Library/Frameworks/Ruby.framework/Versions/2.6/usr/include/ruby-2.6.0/ruby/ruby.h:1826:24: note: expanded from macro 'rb_intern'
 1826 |         __extension__ (RUBY_CONST_ID_CACHE((ID), (str))) : \
      |                        ^~~~~~~~~~~~~~~~~~~~~~~~~~~~~~~~
/Library/Developer/CommandLineTools/SDKs/MacOSX.sdk/System/Library/Frameworks/Ruby.framework/Versions/2.6/usr/include/ruby-2.6.0/ruby/ruby.h:1816:5: note: expanded from macro 'RUBY_CONST_ID_CACHE'
 1816 |     }
      |     ^
Type.c:419:5: note: ')' token is here
  419 |     A(INT16, SSHORT);
      |     ^~~~~~~~~~~~~~~~
Type.c:404:39: note: expanded from macro 'A'
  404 |         rb_const_set(rbffi_TypeClass, rb_intern(#new_type), t); \
      |                                       ^~~~~~~~~~~~~~~~~~~~
/Library/Developer/CommandLineTools/SDKs/MacOSX.sdk/System/Library/Frameworks/Ruby.framework/Versions/2.6/usr/include/ruby-2.6.0/ruby/ruby.h:1826:56: note: expanded from macro 'rb_intern'
 1826 |         __extension__ (RUBY_CONST_ID_CACHE((ID), (str))) : \
      |                                                        ^
Type.c:421:5: warning: '(' and '{' tokens introducing statement expression appear in different macro expansion contexts [-Wcompound-token-split-by-macro]
  421 |     A(UINT16, USHORT);
      |     ^~~~~~~~~~~~~~~~~
Type.c:403:49: note: expanded from macro 'A'
  403 |         VALUE t = rb_const_get(rbffi_TypeClass, rb_intern(#old_type)); \
      |                                                 ^~~~~~~~~~~~~~~~~~~~
/Library/Developer/CommandLineTools/SDKs/MacOSX.sdk/System/Library/Frameworks/Ruby.framework/Versions/2.6/usr/include/ruby-2.6.0/ruby/ruby.h:1826:23: note: expanded from macro 'rb_intern'
 1826 |         __extension__ (RUBY_CONST_ID_CACHE((ID), (str))) : \
      |                       ^
Type.c:421:5: note: '{' token is here
  421 |     A(UINT16, USHORT);
      |     ^~~~~~~~~~~~~~~~~
Type.c:403:49: note: expanded from macro 'A'
  403 |         VALUE t = rb_const_get(rbffi_TypeClass, rb_intern(#old_type)); \
      |                                                 ^~~~~~~~~~~~~~~~~~~~
/Library/Developer/CommandLineTools/SDKs/MacOSX.sdk/System/Library/Frameworks/Ruby.framework/Versions/2.6/usr/include/ruby-2.6.0/ruby/ruby.h:1826:24: note: expanded from macro 'rb_intern'
 1826 |         __extension__ (RUBY_CONST_ID_CACHE((ID), (str))) : \
      |                        ^~~~~~~~~~~~~~~~~~~~~~~~~~~~~~~~
/Library/Developer/CommandLineTools/SDKs/MacOSX.sdk/System/Library/Frameworks/Ruby.framework/Versions/2.6/usr/include/ruby-2.6.0/ruby/ruby.h:1811:5: note: expanded from macro 'RUBY_CONST_ID_CACHE'
 1811 |     {                                                   \
      |     ^
Type.c:421:5: warning: '}' and ')' tokens terminating statement expression appear in different macro expansion contexts [-Wcompound-token-split-by-macro]
  421 |     A(UINT16, USHORT);
      |     ^~~~~~~~~~~~~~~~~
Type.c:403:49: note: expanded from macro 'A'
  403 |         VALUE t = rb_const_get(rbffi_TypeClass, rb_intern(#old_type)); \
      |                                                 ^~~~~~~~~~~~~~~~~~~~
/Library/Developer/CommandLineTools/SDKs/MacOSX.sdk/System/Library/Frameworks/Ruby.framework/Versions/2.6/usr/include/ruby-2.6.0/ruby/ruby.h:1826:24: note: expanded from macro 'rb_intern'
 1826 |         __extension__ (RUBY_CONST_ID_CACHE((ID), (str))) : \
      |                        ^~~~~~~~~~~~~~~~~~~~~~~~~~~~~~~~
/Library/Developer/CommandLineTools/SDKs/MacOSX.sdk/System/Library/Frameworks/Ruby.framework/Versions/2.6/usr/include/ruby-2.6.0/ruby/ruby.h:1816:5: note: expanded from macro 'RUBY_CONST_ID_CACHE'
 1816 |     }
      |     ^
Type.c:421:5: note: ')' token is here
  421 |     A(UINT16, USHORT);
      |     ^~~~~~~~~~~~~~~~~
Type.c:403:49: note: expanded from macro 'A'
  403 |         VALUE t = rb_const_get(rbffi_TypeClass, rb_intern(#old_type)); \
      |                                                 ^~~~~~~~~~~~~~~~~~~~
/Library/Developer/CommandLineTools/SDKs/MacOSX.sdk/System/Library/Frameworks/Ruby.framework/Versions/2.6/usr/include/ruby-2.6.0/ruby/ruby.h:1826:56: note: expanded from macro 'rb_intern'
 1826 |         __extension__ (RUBY_CONST_ID_CACHE((ID), (str))) : \
      |                                                        ^
Type.c:421:5: warning: '(' and '{' tokens introducing statement expression appear in different macro expansion contexts [-Wcompound-token-split-by-macro]
  421 |     A(UINT16, USHORT);
      |     ^~~~~~~~~~~~~~~~~
Type.c:404:39: note: expanded from macro 'A'
  404 |         rb_const_set(rbffi_TypeClass, rb_intern(#new_type), t); \
      |                                       ^~~~~~~~~~~~~~~~~~~~
/Library/Developer/CommandLineTools/SDKs/MacOSX.sdk/System/Library/Frameworks/Ruby.framework/Versions/2.6/usr/include/ruby-2.6.0/ruby/ruby.h:1826:23: note: expanded from macro 'rb_intern'
 1826 |         __extension__ (RUBY_CONST_ID_CACHE((ID), (str))) : \
      |                       ^
Type.c:421:5: note: '{' token is here
  421 |     A(UINT16, USHORT);
      |     ^~~~~~~~~~~~~~~~~
Type.c:404:39: note: expanded from macro 'A'
  404 |         rb_const_set(rbffi_TypeClass, rb_intern(#new_type), t); \
      |                                       ^~~~~~~~~~~~~~~~~~~~
/Library/Developer/CommandLineTools/SDKs/MacOSX.sdk/System/Library/Frameworks/Ruby.framework/Versions/2.6/usr/include/ruby-2.6.0/ruby/ruby.h:1826:24: note: expanded from macro 'rb_intern'
 1826 |         __extension__ (RUBY_CONST_ID_CACHE((ID), (str))) : \
      |                        ^~~~~~~~~~~~~~~~~~~~~~~~~~~~~~~~
/Library/Developer/CommandLineTools/SDKs/MacOSX.sdk/System/Library/Frameworks/Ruby.framework/Versions/2.6/usr/include/ruby-2.6.0/ruby/ruby.h:1811:5: note: expanded from macro 'RUBY_CONST_ID_CACHE'
 1811 |     {                                                   \
      |     ^
Type.c:421:5: warning: '}' and ')' tokens terminating statement expression appear in different macro expansion contexts [-Wcompound-token-split-by-macro]
  421 |     A(UINT16, USHORT);
      |     ^~~~~~~~~~~~~~~~~
Type.c:404:39: note: expanded from macro 'A'
  404 |         rb_const_set(rbffi_TypeClass, rb_intern(#new_type), t); \
      |                                       ^~~~~~~~~~~~~~~~~~~~
/Library/Developer/CommandLineTools/SDKs/MacOSX.sdk/System/Library/Frameworks/Ruby.framework/Versions/2.6/usr/include/ruby-2.6.0/ruby/ruby.h:1826:24: note: expanded from macro 'rb_intern'
 1826 |         __extension__ (RUBY_CONST_ID_CACHE((ID), (str))) : \
      |                        ^~~~~~~~~~~~~~~~~~~~~~~~~~~~~~~~
/Library/Developer/CommandLineTools/SDKs/MacOSX.sdk/System/Library/Frameworks/Ruby.framework/Versions/2.6/usr/include/ruby-2.6.0/ruby/ruby.h:1816:5: note: expanded from macro 'RUBY_CONST_ID_CACHE'
 1816 |     }
      |     ^
Type.c:421:5: note: ')' token is here
  421 |     A(UINT16, USHORT);
      |     ^~~~~~~~~~~~~~~~~
Type.c:404:39: note: expanded from macro 'A'
  404 |         rb_const_set(rbffi_TypeClass, rb_intern(#new_type), t); \
      |                                       ^~~~~~~~~~~~~~~~~~~~
/Library/Developer/CommandLineTools/SDKs/MacOSX.sdk/System/Library/Frameworks/Ruby.framework/Versions/2.6/usr/include/ruby-2.6.0/ruby/ruby.h:1826:56: note: expanded from macro 'rb_intern'
 1826 |         __extension__ (RUBY_CONST_ID_CACHE((ID), (str))) : \
      |                                                        ^
Type.c:423:5: warning: '(' and '{' tokens introducing statement expression appear in different macro expansion contexts [-Wcompound-token-split-by-macro]
  423 |     A(INT32, INT);
      |     ^~~~~~~~~~~~~
Type.c:403:49: note: expanded from macro 'A'
  403 |         VALUE t = rb_const_get(rbffi_TypeClass, rb_intern(#old_type)); \
      |                                                 ^~~~~~~~~~~~~~~~~~~~
/Library/Developer/CommandLineTools/SDKs/MacOSX.sdk/System/Library/Frameworks/Ruby.framework/Versions/2.6/usr/include/ruby-2.6.0/ruby/ruby.h:1826:23: note: expanded from macro 'rb_intern'
 1826 |         __extension__ (RUBY_CONST_ID_CACHE((ID), (str))) : \
      |                       ^
Type.c:423:5: note: '{' token is here
  423 |     A(INT32, INT);
      |     ^~~~~~~~~~~~~
Type.c:403:49: note: expanded from macro 'A'
  403 |         VALUE t = rb_const_get(rbffi_TypeClass, rb_intern(#old_type)); \
      |                                                 ^~~~~~~~~~~~~~~~~~~~
/Library/Developer/CommandLineTools/SDKs/MacOSX.sdk/System/Library/Frameworks/Ruby.framework/Versions/2.6/usr/include/ruby-2.6.0/ruby/ruby.h:1826:24: note: expanded from macro 'rb_intern'
 1826 |         __extension__ (RUBY_CONST_ID_CACHE((ID), (str))) : \
      |                        ^~~~~~~~~~~~~~~~~~~~~~~~~~~~~~~~
/Library/Developer/CommandLineTools/SDKs/MacOSX.sdk/System/Library/Frameworks/Ruby.framework/Versions/2.6/usr/include/ruby-2.6.0/ruby/ruby.h:1811:5: note: expanded from macro 'RUBY_CONST_ID_CACHE'
 1811 |     {                                                   \
      |     ^
Type.c:423:5: warning: '}' and ')' tokens terminating statement expression appear in different macro expansion contexts [-Wcompound-token-split-by-macro]
  423 |     A(INT32, INT);
      |     ^~~~~~~~~~~~~
Type.c:403:49: note: expanded from macro 'A'
  403 |         VALUE t = rb_const_get(rbffi_TypeClass, rb_intern(#old_type)); \
      |                                                 ^~~~~~~~~~~~~~~~~~~~
/Library/Developer/CommandLineTools/SDKs/MacOSX.sdk/System/Library/Frameworks/Ruby.framework/Versions/2.6/usr/include/ruby-2.6.0/ruby/ruby.h:1826:24: note: expanded from macro 'rb_intern'
 1826 |         __extension__ (RUBY_CONST_ID_CACHE((ID), (str))) : \
      |                        ^~~~~~~~~~~~~~~~~~~~~~~~~~~~~~~~
/Library/Developer/CommandLineTools/SDKs/MacOSX.sdk/System/Library/Frameworks/Ruby.framework/Versions/2.6/usr/include/ruby-2.6.0/ruby/ruby.h:1816:5: note: expanded from macro 'RUBY_CONST_ID_CACHE'
 1816 |     }
      |     ^
Type.c:423:5: note: ')' token is here
  423 |     A(INT32, INT);
      |     ^~~~~~~~~~~~~
Type.c:403:49: note: expanded from macro 'A'
  403 |         VALUE t = rb_const_get(rbffi_TypeClass, rb_intern(#old_type)); \
      |                                                 ^~~~~~~~~~~~~~~~~~~~
/Library/Developer/CommandLineTools/SDKs/MacOSX.sdk/System/Library/Frameworks/Ruby.framework/Versions/2.6/usr/include/ruby-2.6.0/ruby/ruby.h:1826:56: note: expanded from macro 'rb_intern'
 1826 |         __extension__ (RUBY_CONST_ID_CACHE((ID), (str))) : \
      |                                                        ^
Type.c:423:5: warning: '(' and '{' tokens introducing statement expression appear in different macro expansion contexts [-Wcompound-token-split-by-macro]
  423 |     A(INT32, INT);
      |     ^~~~~~~~~~~~~
Type.c:404:39: note: expanded from macro 'A'
  404 |         rb_const_set(rbffi_TypeClass, rb_intern(#new_type), t); \
      |                                       ^~~~~~~~~~~~~~~~~~~~
/Library/Developer/CommandLineTools/SDKs/MacOSX.sdk/System/Library/Frameworks/Ruby.framework/Versions/2.6/usr/include/ruby-2.6.0/ruby/ruby.h:1826:23: note: expanded from macro 'rb_intern'
 1826 |         __extension__ (RUBY_CONST_ID_CACHE((ID), (str))) : \
      |                       ^
Type.c:423:5: note: '{' token is here
  423 |     A(INT32, INT);
      |     ^~~~~~~~~~~~~
Type.c:404:39: note: expanded from macro 'A'
  404 |         rb_const_set(rbffi_TypeClass, rb_intern(#new_type), t); \
      |                                       ^~~~~~~~~~~~~~~~~~~~
/Library/Developer/CommandLineTools/SDKs/MacOSX.sdk/System/Library/Frameworks/Ruby.framework/Versions/2.6/usr/include/ruby-2.6.0/ruby/ruby.h:1826:24: note: expanded from macro 'rb_intern'
 1826 |         __extension__ (RUBY_CONST_ID_CACHE((ID), (str))) : \
      |                        ^~~~~~~~~~~~~~~~~~~~~~~~~~~~~~~~
/Library/Developer/CommandLineTools/SDKs/MacOSX.sdk/System/Library/Frameworks/Ruby.framework/Versions/2.6/usr/include/ruby-2.6.0/ruby/ruby.h:1811:5: note: expanded from macro 'RUBY_CONST_ID_CACHE'
 1811 |     {                                                   \
      |     ^
Type.c:423:5: warning: '}' and ')' tokens terminating statement expression appear in different macro expansion contexts [-Wcompound-token-split-by-macro]
  423 |     A(INT32, INT);
      |     ^~~~~~~~~~~~~
Type.c:404:39: note: expanded from macro 'A'
  404 |         rb_const_set(rbffi_TypeClass, rb_intern(#new_type), t); \
      |                                       ^~~~~~~~~~~~~~~~~~~~
/Library/Developer/CommandLineTools/SDKs/MacOSX.sdk/System/Library/Frameworks/Ruby.framework/Versions/2.6/usr/include/ruby-2.6.0/ruby/ruby.h:1826:24: note: expanded from macro 'rb_intern'
 1826 |         __extension__ (RUBY_CONST_ID_CACHE((ID), (str))) : \
      |                        ^~~~~~~~~~~~~~~~~~~~~~~~~~~~~~~~
/Library/Developer/CommandLineTools/SDKs/MacOSX.sdk/System/Library/Frameworks/Ruby.framework/Versions/2.6/usr/include/ruby-2.6.0/ruby/ruby.h:1816:5: note: expanded from macro 'RUBY_CONST_ID_CACHE'
 1816 |     }
      |     ^
Type.c:423:5: note: ')' token is here
  423 |     A(INT32, INT);
      |     ^~~~~~~~~~~~~
Type.c:404:39: note: expanded from macro 'A'
  404 |         rb_const_set(rbffi_TypeClass, rb_intern(#new_type), t); \
      |                                       ^~~~~~~~~~~~~~~~~~~~
/Library/Developer/CommandLineTools/SDKs/MacOSX.sdk/System/Library/Frameworks/Ruby.framework/Versions/2.6/usr/include/ruby-2.6.0/ruby/ruby.h:1826:56: note: expanded from macro 'rb_intern'
 1826 |         __extension__ (RUBY_CONST_ID_CACHE((ID), (str))) : \
      |                                                        ^
Type.c:424:5: warning: '(' and '{' tokens introducing statement expression appear in different macro expansion contexts [-Wcompound-token-split-by-macro]
  424 |     A(INT32, SINT);
      |     ^~~~~~~~~~~~~~
Type.c:403:49: note: expanded from macro 'A'
  403 |         VALUE t = rb_const_get(rbffi_TypeClass, rb_intern(#old_type)); \
      |                                                 ^~~~~~~~~~~~~~~~~~~~
/Library/Developer/CommandLineTools/SDKs/MacOSX.sdk/System/Library/Frameworks/Ruby.framework/Versions/2.6/usr/include/ruby-2.6.0/ruby/ruby.h:1826:23: note: expanded from macro 'rb_intern'
 1826 |         __extension__ (RUBY_CONST_ID_CACHE((ID), (str))) : \
      |                       ^
Type.c:424:5: note: '{' token is here
  424 |     A(INT32, SINT);
      |     ^~~~~~~~~~~~~~
Type.c:403:49: note: expanded from macro 'A'
  403 |         VALUE t = rb_const_get(rbffi_TypeClass, rb_intern(#old_type)); \
      |                                                 ^~~~~~~~~~~~~~~~~~~~
/Library/Developer/CommandLineTools/SDKs/MacOSX.sdk/System/Library/Frameworks/Ruby.framework/Versions/2.6/usr/include/ruby-2.6.0/ruby/ruby.h:1826:24: note: expanded from macro 'rb_intern'
 1826 |         __extension__ (RUBY_CONST_ID_CACHE((ID), (str))) : \
      |                        ^~~~~~~~~~~~~~~~~~~~~~~~~~~~~~~~
/Library/Developer/CommandLineTools/SDKs/MacOSX.sdk/System/Library/Frameworks/Ruby.framework/Versions/2.6/usr/include/ruby-2.6.0/ruby/ruby.h:1811:5: note: expanded from macro 'RUBY_CONST_ID_CACHE'
 1811 |     {                                                   \
      |     ^
Type.c:424:5: warning: '}' and ')' tokens terminating statement expression appear in different macro expansion contexts [-Wcompound-token-split-by-macro]
  424 |     A(INT32, SINT);
      |     ^~~~~~~~~~~~~~
Type.c:403:49: note: expanded from macro 'A'
  403 |         VALUE t = rb_const_get(rbffi_TypeClass, rb_intern(#old_type)); \
      |                                                 ^~~~~~~~~~~~~~~~~~~~
/Library/Developer/CommandLineTools/SDKs/MacOSX.sdk/System/Library/Frameworks/Ruby.framework/Versions/2.6/usr/include/ruby-2.6.0/ruby/ruby.h:1826:24: note: expanded from macro 'rb_intern'
 1826 |         __extension__ (RUBY_CONST_ID_CACHE((ID), (str))) : \
      |                        ^~~~~~~~~~~~~~~~~~~~~~~~~~~~~~~~
/Library/Developer/CommandLineTools/SDKs/MacOSX.sdk/System/Library/Frameworks/Ruby.framework/Versions/2.6/usr/include/ruby-2.6.0/ruby/ruby.h:1816:5: note: expanded from macro 'RUBY_CONST_ID_CACHE'
 1816 |     }
      |     ^
Type.c:424:5: note: ')' token is here
  424 |     A(INT32, SINT);
      |     ^~~~~~~~~~~~~~
Type.c:403:49: note: expanded from macro 'A'
  403 |         VALUE t = rb_const_get(rbffi_TypeClass, rb_intern(#old_type)); \
      |                                                 ^~~~~~~~~~~~~~~~~~~~
/Library/Developer/CommandLineTools/SDKs/MacOSX.sdk/System/Library/Frameworks/Ruby.framework/Versions/2.6/usr/include/ruby-2.6.0/ruby/ruby.h:1826:56: note: expanded from macro 'rb_intern'
 1826 |         __extension__ (RUBY_CONST_ID_CACHE((ID), (str))) : \
      |                                                        ^
Type.c:424:5: warning: '(' and '{' tokens introducing statement expression appear in different macro expansion contexts [-Wcompound-token-split-by-macro]
  424 |     A(INT32, SINT);
      |     ^~~~~~~~~~~~~~
Type.c:404:39: note: expanded from macro 'A'
  404 |         rb_const_set(rbffi_TypeClass, rb_intern(#new_type), t); \
      |                                       ^~~~~~~~~~~~~~~~~~~~
/Library/Developer/CommandLineTools/SDKs/MacOSX.sdk/System/Library/Frameworks/Ruby.framework/Versions/2.6/usr/include/ruby-2.6.0/ruby/ruby.h:1826:23: note: expanded from macro 'rb_intern'
 1826 |         __extension__ (RUBY_CONST_ID_CACHE((ID), (str))) : \
      |                       ^
Type.c:424:5: note: '{' token is here
  424 |     A(INT32, SINT);
      |     ^~~~~~~~~~~~~~
Type.c:404:39: note: expanded from macro 'A'
  404 |         rb_const_set(rbffi_TypeClass, rb_intern(#new_type), t); \
      |                                       ^~~~~~~~~~~~~~~~~~~~
/Library/Developer/CommandLineTools/SDKs/MacOSX.sdk/System/Library/Frameworks/Ruby.framework/Versions/2.6/usr/include/ruby-2.6.0/ruby/ruby.h:1826:24: note: expanded from macro 'rb_intern'
 1826 |         __extension__ (RUBY_CONST_ID_CACHE((ID), (str))) : \
      |                        ^~~~~~~~~~~~~~~~~~~~~~~~~~~~~~~~
/Library/Developer/CommandLineTools/SDKs/MacOSX.sdk/System/Library/Frameworks/Ruby.framework/Versions/2.6/usr/include/ruby-2.6.0/ruby/ruby.h:1811:5: note: expanded from macro 'RUBY_CONST_ID_CACHE'
 1811 |     {                                                   \
      |     ^
Type.c:424:5: warning: '}' and ')' tokens terminating statement expression appear in different macro expansion contexts [-Wcompound-token-split-by-macro]
  424 |     A(INT32, SINT);
      |     ^~~~~~~~~~~~~~
Type.c:404:39: note: expanded from macro 'A'
  404 |         rb_const_set(rbffi_TypeClass, rb_intern(#new_type), t); \
      |                                       ^~~~~~~~~~~~~~~~~~~~
/Library/Developer/CommandLineTools/SDKs/MacOSX.sdk/System/Library/Frameworks/Ruby.framework/Versions/2.6/usr/include/ruby-2.6.0/ruby/ruby.h:1826:24: note: expanded from macro 'rb_intern'
 1826 |         __extension__ (RUBY_CONST_ID_CACHE((ID), (str))) : \
      |                        ^~~~~~~~~~~~~~~~~~~~~~~~~~~~~~~~
/Library/Developer/CommandLineTools/SDKs/MacOSX.sdk/System/Library/Frameworks/Ruby.framework/Versions/2.6/usr/include/ruby-2.6.0/ruby/ruby.h:1816:5: note: expanded from macro 'RUBY_CONST_ID_CACHE'
 1816 |     }
      |     ^
Type.c:424:5: note: ')' token is here
  424 |     A(INT32, SINT);
      |     ^~~~~~~~~~~~~~
Type.c:404:39: note: expanded from macro 'A'
  404 |         rb_const_set(rbffi_TypeClass, rb_intern(#new_type), t); \
      |                                       ^~~~~~~~~~~~~~~~~~~~
/Library/Developer/CommandLineTools/SDKs/MacOSX.sdk/System/Library/Frameworks/Ruby.framework/Versions/2.6/usr/include/ruby-2.6.0/ruby/ruby.h:1826:56: note: expanded from macro 'rb_intern'
 1826 |         __extension__ (RUBY_CONST_ID_CACHE((ID), (str))) : \
      |                                                        ^
Type.c:426:5: warning: '(' and '{' tokens introducing statement expression appear in different macro expansion contexts [-Wcompound-token-split-by-macro]
  426 |     A(UINT32, UINT);
      |     ^~~~~~~~~~~~~~~
Type.c:403:49: note: expanded from macro 'A'
  403 |         VALUE t = rb_const_get(rbffi_TypeClass, rb_intern(#old_type)); \
      |                                                 ^~~~~~~~~~~~~~~~~~~~
/Library/Developer/CommandLineTools/SDKs/MacOSX.sdk/System/Library/Frameworks/Ruby.framework/Versions/2.6/usr/include/ruby-2.6.0/ruby/ruby.h:1826:23: note: expanded from macro 'rb_intern'
 1826 |         __extension__ (RUBY_CONST_ID_CACHE((ID), (str))) : \
      |                       ^
Type.c:426:5: note: '{' token is here
  426 |     A(UINT32, UINT);
      |     ^~~~~~~~~~~~~~~
Type.c:403:49: note: expanded from macro 'A'
  403 |         VALUE t = rb_const_get(rbffi_TypeClass, rb_intern(#old_type)); \
      |                                                 ^~~~~~~~~~~~~~~~~~~~
/Library/Developer/CommandLineTools/SDKs/MacOSX.sdk/System/Library/Frameworks/Ruby.framework/Versions/2.6/usr/include/ruby-2.6.0/ruby/ruby.h:1826:24: note: expanded from macro 'rb_intern'
 1826 |         __extension__ (RUBY_CONST_ID_CACHE((ID), (str))) : \
      |                        ^~~~~~~~~~~~~~~~~~~~~~~~~~~~~~~~
/Library/Developer/CommandLineTools/SDKs/MacOSX.sdk/System/Library/Frameworks/Ruby.framework/Versions/2.6/usr/include/ruby-2.6.0/ruby/ruby.h:1811:5: note: expanded from macro 'RUBY_CONST_ID_CACHE'
 1811 |     {                                                   \
      |     ^
Type.c:426:5: warning: '}' and ')' tokens terminating statement expression appear in different macro expansion contexts [-Wcompound-token-split-by-macro]
  426 |     A(UINT32, UINT);
      |     ^~~~~~~~~~~~~~~
Type.c:403:49: note: expanded from macro 'A'
  403 |         VALUE t = rb_const_get(rbffi_TypeClass, rb_intern(#old_type)); \
      |                                                 ^~~~~~~~~~~~~~~~~~~~
/Library/Developer/CommandLineTools/SDKs/MacOSX.sdk/System/Library/Frameworks/Ruby.framework/Versions/2.6/usr/include/ruby-2.6.0/ruby/ruby.h:1826:24: note: expanded from macro 'rb_intern'
 1826 |         __extension__ (RUBY_CONST_ID_CACHE((ID), (str))) : \
      |                        ^~~~~~~~~~~~~~~~~~~~~~~~~~~~~~~~
/Library/Developer/CommandLineTools/SDKs/MacOSX.sdk/System/Library/Frameworks/Ruby.framework/Versions/2.6/usr/include/ruby-2.6.0/ruby/ruby.h:1816:5: note: expanded from macro 'RUBY_CONST_ID_CACHE'
 1816 |     }
      |     ^
Type.c:426:5: note: ')' token is here
  426 |     A(UINT32, UINT);
      |     ^~~~~~~~~~~~~~~
Type.c:403:49: note: expanded from macro 'A'
  403 |         VALUE t = rb_const_get(rbffi_TypeClass, rb_intern(#old_type)); \
      |                                                 ^~~~~~~~~~~~~~~~~~~~
/Library/Developer/CommandLineTools/SDKs/MacOSX.sdk/System/Library/Frameworks/Ruby.framework/Versions/2.6/usr/include/ruby-2.6.0/ruby/ruby.h:1826:56: note: expanded from macro 'rb_intern'
 1826 |         __extension__ (RUBY_CONST_ID_CACHE((ID), (str))) : \
      |                                                        ^
Type.c:426:5: warning: '(' and '{' tokens introducing statement expression appear in different macro expansion contexts [-Wcompound-token-split-by-macro]
  426 |     A(UINT32, UINT);
      |     ^~~~~~~~~~~~~~~
Type.c:404:39: note: expanded from macro 'A'
  404 |         rb_const_set(rbffi_TypeClass, rb_intern(#new_type), t); \
      |                                       ^~~~~~~~~~~~~~~~~~~~
/Library/Developer/CommandLineTools/SDKs/MacOSX.sdk/System/Library/Frameworks/Ruby.framework/Versions/2.6/usr/include/ruby-2.6.0/ruby/ruby.h:1826:23: note: expanded from macro 'rb_intern'
 1826 |         __extension__ (RUBY_CONST_ID_CACHE((ID), (str))) : \
      |                       ^
Type.c:426:5: note: '{' token is here
  426 |     A(UINT32, UINT);
      |     ^~~~~~~~~~~~~~~
Type.c:404:39: note: expanded from macro 'A'
  404 |         rb_const_set(rbffi_TypeClass, rb_intern(#new_type), t); \
      |                                       ^~~~~~~~~~~~~~~~~~~~
/Library/Developer/CommandLineTools/SDKs/MacOSX.sdk/System/Library/Frameworks/Ruby.framework/Versions/2.6/usr/include/ruby-2.6.0/ruby/ruby.h:1826:24: note: expanded from macro 'rb_intern'
 1826 |         __extension__ (RUBY_CONST_ID_CACHE((ID), (str))) : \
      |                        ^~~~~~~~~~~~~~~~~~~~~~~~~~~~~~~~
/Library/Developer/CommandLineTools/SDKs/MacOSX.sdk/System/Library/Frameworks/Ruby.framework/Versions/2.6/usr/include/ruby-2.6.0/ruby/ruby.h:1811:5: note: expanded from macro 'RUBY_CONST_ID_CACHE'
 1811 |     {                                                   \
      |     ^
Type.c:426:5: warning: '}' and ')' tokens terminating statement expression appear in different macro expansion contexts [-Wcompound-token-split-by-macro]
  426 |     A(UINT32, UINT);
      |     ^~~~~~~~~~~~~~~
Type.c:404:39: note: expanded from macro 'A'
  404 |         rb_const_set(rbffi_TypeClass, rb_intern(#new_type), t); \
      |                                       ^~~~~~~~~~~~~~~~~~~~
/Library/Developer/CommandLineTools/SDKs/MacOSX.sdk/System/Library/Frameworks/Ruby.framework/Versions/2.6/usr/include/ruby-2.6.0/ruby/ruby.h:1826:24: note: expanded from macro 'rb_intern'
 1826 |         __extension__ (RUBY_CONST_ID_CACHE((ID), (str))) : \
      |                        ^~~~~~~~~~~~~~~~~~~~~~~~~~~~~~~~
/Library/Developer/CommandLineTools/SDKs/MacOSX.sdk/System/Library/Frameworks/Ruby.framework/Versions/2.6/usr/include/ruby-2.6.0/ruby/ruby.h:1816:5: note: expanded from macro 'RUBY_CONST_ID_CACHE'
 1816 |     }
      |     ^
Type.c:426:5: note: ')' token is here
  426 |     A(UINT32, UINT);
      |     ^~~~~~~~~~~~~~~
Type.c:404:39: note: expanded from macro 'A'
  404 |         rb_const_set(rbffi_TypeClass, rb_intern(#new_type), t); \
      |                                       ^~~~~~~~~~~~~~~~~~~~
/Library/Developer/CommandLineTools/SDKs/MacOSX.sdk/System/Library/Frameworks/Ruby.framework/Versions/2.6/usr/include/ruby-2.6.0/ruby/ruby.h:1826:56: note: expanded from macro 'rb_intern'
 1826 |         __extension__ (RUBY_CONST_ID_CACHE((ID), (str))) : \
      |                                                        ^
Type.c:428:5: warning: '(' and '{' tokens introducing statement expression appear in different macro expansion contexts [-Wcompound-token-split-by-macro]
  428 |     A(INT64, LONG_LONG);
      |     ^~~~~~~~~~~~~~~~~~~
Type.c:403:49: note: expanded from macro 'A'
  403 |         VALUE t = rb_const_get(rbffi_TypeClass, rb_intern(#old_type)); \
      |                                                 ^~~~~~~~~~~~~~~~~~~~
/Library/Developer/CommandLineTools/SDKs/MacOSX.sdk/System/Library/Frameworks/Ruby.framework/Versions/2.6/usr/include/ruby-2.6.0/ruby/ruby.h:1826:23: note: expanded from macro 'rb_intern'
 1826 |         __extension__ (RUBY_CONST_ID_CACHE((ID), (str))) : \
      |                       ^
Type.c:428:5: note: '{' token is here
  428 |     A(INT64, LONG_LONG);
      |     ^~~~~~~~~~~~~~~~~~~
Type.c:403:49: note: expanded from macro 'A'
  403 |         VALUE t = rb_const_get(rbffi_TypeClass, rb_intern(#old_type)); \
      |                                                 ^~~~~~~~~~~~~~~~~~~~
/Library/Developer/CommandLineTools/SDKs/MacOSX.sdk/System/Library/Frameworks/Ruby.framework/Versions/2.6/usr/include/ruby-2.6.0/ruby/ruby.h:1826:24: note: expanded from macro 'rb_intern'
 1826 |         __extension__ (RUBY_CONST_ID_CACHE((ID), (str))) : \
      |                        ^~~~~~~~~~~~~~~~~~~~~~~~~~~~~~~~
/Library/Developer/CommandLineTools/SDKs/MacOSX.sdk/System/Library/Frameworks/Ruby.framework/Versions/2.6/usr/include/ruby-2.6.0/ruby/ruby.h:1811:5: note: expanded from macro 'RUBY_CONST_ID_CACHE'
 1811 |     {                                                   \
      |     ^
Type.c:428:5: warning: '}' and ')' tokens terminating statement expression appear in different macro expansion contexts [-Wcompound-token-split-by-macro]
  428 |     A(INT64, LONG_LONG);
      |     ^~~~~~~~~~~~~~~~~~~
Type.c:403:49: note: expanded from macro 'A'
  403 |         VALUE t = rb_const_get(rbffi_TypeClass, rb_intern(#old_type)); \
      |                                                 ^~~~~~~~~~~~~~~~~~~~
/Library/Developer/CommandLineTools/SDKs/MacOSX.sdk/System/Library/Frameworks/Ruby.framework/Versions/2.6/usr/include/ruby-2.6.0/ruby/ruby.h:1826:24: note: expanded from macro 'rb_intern'
 1826 |         __extension__ (RUBY_CONST_ID_CACHE((ID), (str))) : \
      |                        ^~~~~~~~~~~~~~~~~~~~~~~~~~~~~~~~
/Library/Developer/CommandLineTools/SDKs/MacOSX.sdk/System/Library/Frameworks/Ruby.framework/Versions/2.6/usr/include/ruby-2.6.0/ruby/ruby.h:1816:5: note: expanded from macro 'RUBY_CONST_ID_CACHE'
 1816 |     }
      |     ^
Type.c:428:5: note: ')' token is here
  428 |     A(INT64, LONG_LONG);
      |     ^~~~~~~~~~~~~~~~~~~
Type.c:403:49: note: expanded from macro 'A'
  403 |         VALUE t = rb_const_get(rbffi_TypeClass, rb_intern(#old_type)); \
      |                                                 ^~~~~~~~~~~~~~~~~~~~
/Library/Developer/CommandLineTools/SDKs/MacOSX.sdk/System/Library/Frameworks/Ruby.framework/Versions/2.6/usr/include/ruby-2.6.0/ruby/ruby.h:1826:56: note: expanded from macro 'rb_intern'
 1826 |         __extension__ (RUBY_CONST_ID_CACHE((ID), (str))) : \
      |                                                        ^
Type.c:428:5: warning: '(' and '{' tokens introducing statement expression appear in different macro expansion contexts [-Wcompound-token-split-by-macro]
  428 |     A(INT64, LONG_LONG);
      |     ^~~~~~~~~~~~~~~~~~~
Type.c:404:39: note: expanded from macro 'A'
  404 |         rb_const_set(rbffi_TypeClass, rb_intern(#new_type), t); \
      |                                       ^~~~~~~~~~~~~~~~~~~~
/Library/Developer/CommandLineTools/SDKs/MacOSX.sdk/System/Library/Frameworks/Ruby.framework/Versions/2.6/usr/include/ruby-2.6.0/ruby/ruby.h:1826:23: note: expanded from macro 'rb_intern'
 1826 |         __extension__ (RUBY_CONST_ID_CACHE((ID), (str))) : \
      |                       ^
Type.c:428:5: note: '{' token is here
  428 |     A(INT64, LONG_LONG);
      |     ^~~~~~~~~~~~~~~~~~~
Type.c:404:39: note: expanded from macro 'A'
  404 |         rb_const_set(rbffi_TypeClass, rb_intern(#new_type), t); \
      |                                       ^~~~~~~~~~~~~~~~~~~~
/Library/Developer/CommandLineTools/SDKs/MacOSX.sdk/System/Library/Frameworks/Ruby.framework/Versions/2.6/usr/include/ruby-2.6.0/ruby/ruby.h:1826:24: note: expanded from macro 'rb_intern'
 1826 |         __extension__ (RUBY_CONST_ID_CACHE((ID), (str))) : \
      |                        ^~~~~~~~~~~~~~~~~~~~~~~~~~~~~~~~
/Library/Developer/CommandLineTools/SDKs/MacOSX.sdk/System/Library/Frameworks/Ruby.framework/Versions/2.6/usr/include/ruby-2.6.0/ruby/ruby.h:1811:5: note: expanded from macro 'RUBY_CONST_ID_CACHE'
 1811 |     {                                                   \
      |     ^
Type.c:428:5: warning: '}' and ')' tokens terminating statement expression appear in different macro expansion contexts [-Wcompound-token-split-by-macro]
  428 |     A(INT64, LONG_LONG);
      |     ^~~~~~~~~~~~~~~~~~~
Type.c:404:39: note: expanded from macro 'A'
  404 |         rb_const_set(rbffi_TypeClass, rb_intern(#new_type), t); \
      |                                       ^~~~~~~~~~~~~~~~~~~~
/Library/Developer/CommandLineTools/SDKs/MacOSX.sdk/System/Library/Frameworks/Ruby.framework/Versions/2.6/usr/include/ruby-2.6.0/ruby/ruby.h:1826:24: note: expanded from macro 'rb_intern'
 1826 |         __extension__ (RUBY_CONST_ID_CACHE((ID), (str))) : \
      |                        ^~~~~~~~~~~~~~~~~~~~~~~~~~~~~~~~
/Library/Developer/CommandLineTools/SDKs/MacOSX.sdk/System/Library/Frameworks/Ruby.framework/Versions/2.6/usr/include/ruby-2.6.0/ruby/ruby.h:1816:5: note: expanded from macro 'RUBY_CONST_ID_CACHE'
 1816 |     }
      |     ^
Type.c:428:5: note: ')' token is here
  428 |     A(INT64, LONG_LONG);
      |     ^~~~~~~~~~~~~~~~~~~
Type.c:404:39: note: expanded from macro 'A'
  404 |         rb_const_set(rbffi_TypeClass, rb_intern(#new_type), t); \
      |                                       ^~~~~~~~~~~~~~~~~~~~
/Library/Developer/CommandLineTools/SDKs/MacOSX.sdk/System/Library/Frameworks/Ruby.framework/Versions/2.6/usr/include/ruby-2.6.0/ruby/ruby.h:1826:56: note: expanded from macro 'rb_intern'
 1826 |         __extension__ (RUBY_CONST_ID_CACHE((ID), (str))) : \
      |                                                        ^
Type.c:429:5: warning: '(' and '{' tokens introducing statement expression appear in different macro expansion contexts [-Wcompound-token-split-by-macro]
  429 |     A(INT64, SLONG_LONG);
      |     ^~~~~~~~~~~~~~~~~~~~
Type.c:403:49: note: expanded from macro 'A'
  403 |         VALUE t = rb_const_get(rbffi_TypeClass, rb_intern(#old_type)); \
      |                                                 ^~~~~~~~~~~~~~~~~~~~
/Library/Developer/CommandLineTools/SDKs/MacOSX.sdk/System/Library/Frameworks/Ruby.framework/Versions/2.6/usr/include/ruby-2.6.0/ruby/ruby.h:1826:23: note: expanded from macro 'rb_intern'
 1826 |         __extension__ (RUBY_CONST_ID_CACHE((ID), (str))) : \
      |                       ^
Type.c:429:5: note: '{' token is here
  429 |     A(INT64, SLONG_LONG);
      |     ^~~~~~~~~~~~~~~~~~~~
Type.c:403:49: note: expanded from macro 'A'
  403 |         VALUE t = rb_const_get(rbffi_TypeClass, rb_intern(#old_type)); \
      |                                                 ^~~~~~~~~~~~~~~~~~~~
/Library/Developer/CommandLineTools/SDKs/MacOSX.sdk/System/Library/Frameworks/Ruby.framework/Versions/2.6/usr/include/ruby-2.6.0/ruby/ruby.h:1826:24: note: expanded from macro 'rb_intern'
 1826 |         __extension__ (RUBY_CONST_ID_CACHE((ID), (str))) : \
      |                        ^~~~~~~~~~~~~~~~~~~~~~~~~~~~~~~~
/Library/Developer/CommandLineTools/SDKs/MacOSX.sdk/System/Library/Frameworks/Ruby.framework/Versions/2.6/usr/include/ruby-2.6.0/ruby/ruby.h:1811:5: note: expanded from macro 'RUBY_CONST_ID_CACHE'
 1811 |     {                                                   \
      |     ^
Type.c:429:5: warning: '}' and ')' tokens terminating statement expression appear in different macro expansion contexts [-Wcompound-token-split-by-macro]
  429 |     A(INT64, SLONG_LONG);
      |     ^~~~~~~~~~~~~~~~~~~~
Type.c:403:49: note: expanded from macro 'A'
  403 |         VALUE t = rb_const_get(rbffi_TypeClass, rb_intern(#old_type)); \
      |                                                 ^~~~~~~~~~~~~~~~~~~~
/Library/Developer/CommandLineTools/SDKs/MacOSX.sdk/System/Library/Frameworks/Ruby.framework/Versions/2.6/usr/include/ruby-2.6.0/ruby/ruby.h:1826:24: note: expanded from macro 'rb_intern'
 1826 |         __extension__ (RUBY_CONST_ID_CACHE((ID), (str))) : \
      |                        ^~~~~~~~~~~~~~~~~~~~~~~~~~~~~~~~
/Library/Developer/CommandLineTools/SDKs/MacOSX.sdk/System/Library/Frameworks/Ruby.framework/Versions/2.6/usr/include/ruby-2.6.0/ruby/ruby.h:1816:5: note: expanded from macro 'RUBY_CONST_ID_CACHE'
 1816 |     }
      |     ^
Type.c:429:5: note: ')' token is here
  429 |     A(INT64, SLONG_LONG);
      |     ^~~~~~~~~~~~~~~~~~~~
Type.c:403:49: note: expanded from macro 'A'
  403 |         VALUE t = rb_const_get(rbffi_TypeClass, rb_intern(#old_type)); \
      |                                                 ^~~~~~~~~~~~~~~~~~~~
/Library/Developer/CommandLineTools/SDKs/MacOSX.sdk/System/Library/Frameworks/Ruby.framework/Versions/2.6/usr/include/ruby-2.6.0/ruby/ruby.h:1826:56: note: expanded from macro 'rb_intern'
 1826 |         __extension__ (RUBY_CONST_ID_CACHE((ID), (str))) : \
      |                                                        ^
Type.c:429:5: warning: '(' and '{' tokens introducing statement expression appear in different macro expansion contexts [-Wcompound-token-split-by-macro]
  429 |     A(INT64, SLONG_LONG);
      |     ^~~~~~~~~~~~~~~~~~~~
Type.c:404:39: note: expanded from macro 'A'
  404 |         rb_const_set(rbffi_TypeClass, rb_intern(#new_type), t); \
      |                                       ^~~~~~~~~~~~~~~~~~~~
/Library/Developer/CommandLineTools/SDKs/MacOSX.sdk/System/Library/Frameworks/Ruby.framework/Versions/2.6/usr/include/ruby-2.6.0/ruby/ruby.h:1826:23: note: expanded from macro 'rb_intern'
 1826 |         __extension__ (RUBY_CONST_ID_CACHE((ID), (str))) : \
      |                       ^
Type.c:429:5: note: '{' token is here
  429 |     A(INT64, SLONG_LONG);
      |     ^~~~~~~~~~~~~~~~~~~~
Type.c:404:39: note: expanded from macro 'A'
  404 |         rb_const_set(rbffi_TypeClass, rb_intern(#new_type), t); \
      |                                       ^~~~~~~~~~~~~~~~~~~~
/Library/Developer/CommandLineTools/SDKs/MacOSX.sdk/System/Library/Frameworks/Ruby.framework/Versions/2.6/usr/include/ruby-2.6.0/ruby/ruby.h:1826:24: note: expanded from macro 'rb_intern'
 1826 |         __extension__ (RUBY_CONST_ID_CACHE((ID), (str))) : \
      |                        ^~~~~~~~~~~~~~~~~~~~~~~~~~~~~~~~
/Library/Developer/CommandLineTools/SDKs/MacOSX.sdk/System/Library/Frameworks/Ruby.framework/Versions/2.6/usr/include/ruby-2.6.0/ruby/ruby.h:1811:5: note: expanded from macro 'RUBY_CONST_ID_CACHE'
 1811 |     {                                                   \
      |     ^
Type.c:429:5: warning: '}' and ')' tokens terminating statement expression appear in different macro expansion contexts [-Wcompound-token-split-by-macro]
  429 |     A(INT64, SLONG_LONG);
      |     ^~~~~~~~~~~~~~~~~~~~
Type.c:404:39: note: expanded from macro 'A'
  404 |         rb_const_set(rbffi_TypeClass, rb_intern(#new_type), t); \
      |                                       ^~~~~~~~~~~~~~~~~~~~
/Library/Developer/CommandLineTools/SDKs/MacOSX.sdk/System/Library/Frameworks/Ruby.framework/Versions/2.6/usr/include/ruby-2.6.0/ruby/ruby.h:1826:24: note: expanded from macro 'rb_intern'
 1826 |         __extension__ (RUBY_CONST_ID_CACHE((ID), (str))) : \
      |                        ^~~~~~~~~~~~~~~~~~~~~~~~~~~~~~~~
/Library/Developer/CommandLineTools/SDKs/MacOSX.sdk/System/Library/Frameworks/Ruby.framework/Versions/2.6/usr/include/ruby-2.6.0/ruby/ruby.h:1816:5: note: expanded from macro 'RUBY_CONST_ID_CACHE'
 1816 |     }
      |     ^
Type.c:429:5: note: ')' token is here
  429 |     A(INT64, SLONG_LONG);
      |     ^~~~~~~~~~~~~~~~~~~~
Type.c:404:39: note: expanded from macro 'A'
  404 |         rb_const_set(rbffi_TypeClass, rb_intern(#new_type), t); \
      |                                       ^~~~~~~~~~~~~~~~~~~~
/Library/Developer/CommandLineTools/SDKs/MacOSX.sdk/System/Library/Frameworks/Ruby.framework/Versions/2.6/usr/include/ruby-2.6.0/ruby/ruby.h:1826:56: note: expanded from macro 'rb_intern'
 1826 |         __extension__ (RUBY_CONST_ID_CACHE((ID), (str))) : \
      |                                                        ^
Type.c:431:5: warning: '(' and '{' tokens introducing statement expression appear in different macro expansion contexts [-Wcompound-token-split-by-macro]
  431 |     A(UINT64, ULONG_LONG);
      |     ^~~~~~~~~~~~~~~~~~~~~
Type.c:403:49: note: expanded from macro 'A'
  403 |         VALUE t = rb_const_get(rbffi_TypeClass, rb_intern(#old_type)); \
      |                                                 ^~~~~~~~~~~~~~~~~~~~
/Library/Developer/CommandLineTools/SDKs/MacOSX.sdk/System/Library/Frameworks/Ruby.framework/Versions/2.6/usr/include/ruby-2.6.0/ruby/ruby.h:1826:23: note: expanded from macro 'rb_intern'
 1826 |         __extension__ (RUBY_CONST_ID_CACHE((ID), (str))) : \
      |                       ^
Type.c:431:5: note: '{' token is here
  431 |     A(UINT64, ULONG_LONG);
      |     ^~~~~~~~~~~~~~~~~~~~~
Type.c:403:49: note: expanded from macro 'A'
  403 |         VALUE t = rb_const_get(rbffi_TypeClass, rb_intern(#old_type)); \
      |                                                 ^~~~~~~~~~~~~~~~~~~~
/Library/Developer/CommandLineTools/SDKs/MacOSX.sdk/System/Library/Frameworks/Ruby.framework/Versions/2.6/usr/include/ruby-2.6.0/ruby/ruby.h:1826:24: note: expanded from macro 'rb_intern'
 1826 |         __extension__ (RUBY_CONST_ID_CACHE((ID), (str))) : \
      |                        ^~~~~~~~~~~~~~~~~~~~~~~~~~~~~~~~
/Library/Developer/CommandLineTools/SDKs/MacOSX.sdk/System/Library/Frameworks/Ruby.framework/Versions/2.6/usr/include/ruby-2.6.0/ruby/ruby.h:1811:5: note: expanded from macro 'RUBY_CONST_ID_CACHE'
 1811 |     {                                                   \
      |     ^
Type.c:431:5: warning: '}' and ')' tokens terminating statement expression appear in different macro expansion contexts [-Wcompound-token-split-by-macro]
  431 |     A(UINT64, ULONG_LONG);
      |     ^~~~~~~~~~~~~~~~~~~~~
Type.c:403:49: note: expanded from macro 'A'
  403 |         VALUE t = rb_const_get(rbffi_TypeClass, rb_intern(#old_type)); \
      |                                                 ^~~~~~~~~~~~~~~~~~~~
/Library/Developer/CommandLineTools/SDKs/MacOSX.sdk/System/Library/Frameworks/Ruby.framework/Versions/2.6/usr/include/ruby-2.6.0/ruby/ruby.h:1826:24: note: expanded from macro 'rb_intern'
 1826 |         __extension__ (RUBY_CONST_ID_CACHE((ID), (str))) : \
      |                        ^~~~~~~~~~~~~~~~~~~~~~~~~~~~~~~~
/Library/Developer/CommandLineTools/SDKs/MacOSX.sdk/System/Library/Frameworks/Ruby.framework/Versions/2.6/usr/include/ruby-2.6.0/ruby/ruby.h:1816:5: note: expanded from macro 'RUBY_CONST_ID_CACHE'
 1816 |     }
      |     ^
Type.c:431:5: note: ')' token is here
  431 |     A(UINT64, ULONG_LONG);
      |     ^~~~~~~~~~~~~~~~~~~~~
Type.c:403:49: note: expanded from macro 'A'
  403 |         VALUE t = rb_const_get(rbffi_TypeClass, rb_intern(#old_type)); \
      |                                                 ^~~~~~~~~~~~~~~~~~~~
/Library/Developer/CommandLineTools/SDKs/MacOSX.sdk/System/Library/Frameworks/Ruby.framework/Versions/2.6/usr/include/ruby-2.6.0/ruby/ruby.h:1826:56: note: expanded from macro 'rb_intern'
 1826 |         __extension__ (RUBY_CONST_ID_CACHE((ID), (str))) : \
      |                                                        ^
Type.c:431:5: warning: '(' and '{' tokens introducing statement expression appear in different macro expansion contexts [-Wcompound-token-split-by-macro]
  431 |     A(UINT64, ULONG_LONG);
      |     ^~~~~~~~~~~~~~~~~~~~~
Type.c:404:39: note: expanded from macro 'A'
  404 |         rb_const_set(rbffi_TypeClass, rb_intern(#new_type), t); \
      |                                       ^~~~~~~~~~~~~~~~~~~~
/Library/Developer/CommandLineTools/SDKs/MacOSX.sdk/System/Library/Frameworks/Ruby.framework/Versions/2.6/usr/include/ruby-2.6.0/ruby/ruby.h:1826:23: note: expanded from macro 'rb_intern'
 1826 |         __extension__ (RUBY_CONST_ID_CACHE((ID), (str))) : \
      |                       ^
Type.c:431:5: note: '{' token is here
  431 |     A(UINT64, ULONG_LONG);
      |     ^~~~~~~~~~~~~~~~~~~~~
Type.c:404:39: note: expanded from macro 'A'
  404 |         rb_const_set(rbffi_TypeClass, rb_intern(#new_type), t); \
      |                                       ^~~~~~~~~~~~~~~~~~~~
/Library/Developer/CommandLineTools/SDKs/MacOSX.sdk/System/Library/Frameworks/Ruby.framework/Versions/2.6/usr/include/ruby-2.6.0/ruby/ruby.h:1826:24: note: expanded from macro 'rb_intern'
 1826 |         __extension__ (RUBY_CONST_ID_CACHE((ID), (str))) : \
      |                        ^~~~~~~~~~~~~~~~~~~~~~~~~~~~~~~~
/Library/Developer/CommandLineTools/SDKs/MacOSX.sdk/System/Library/Frameworks/Ruby.framework/Versions/2.6/usr/include/ruby-2.6.0/ruby/ruby.h:1811:5: note: expanded from macro 'RUBY_CONST_ID_CACHE'
 1811 |     {                                                   \
      |     ^
Type.c:431:5: warning: '}' and ')' tokens terminating statement expression appear in different macro expansion contexts [-Wcompound-token-split-by-macro]
  431 |     A(UINT64, ULONG_LONG);
      |     ^~~~~~~~~~~~~~~~~~~~~
Type.c:404:39: note: expanded from macro 'A'
  404 |         rb_const_set(rbffi_TypeClass, rb_intern(#new_type), t); \
      |                                       ^~~~~~~~~~~~~~~~~~~~
/Library/Developer/CommandLineTools/SDKs/MacOSX.sdk/System/Library/Frameworks/Ruby.framework/Versions/2.6/usr/include/ruby-2.6.0/ruby/ruby.h:1826:24: note: expanded from macro 'rb_intern'
 1826 |         __extension__ (RUBY_CONST_ID_CACHE((ID), (str))) : \
      |                        ^~~~~~~~~~~~~~~~~~~~~~~~~~~~~~~~
/Library/Developer/CommandLineTools/SDKs/MacOSX.sdk/System/Library/Frameworks/Ruby.framework/Versions/2.6/usr/include/ruby-2.6.0/ruby/ruby.h:1816:5: note: expanded from macro 'RUBY_CONST_ID_CACHE'
 1816 |     }
      |     ^
Type.c:431:5: note: ')' token is here
  431 |     A(UINT64, ULONG_LONG);
      |     ^~~~~~~~~~~~~~~~~~~~~
Type.c:404:39: note: expanded from macro 'A'
  404 |         rb_const_set(rbffi_TypeClass, rb_intern(#new_type), t); \
      |                                       ^~~~~~~~~~~~~~~~~~~~
/Library/Developer/CommandLineTools/SDKs/MacOSX.sdk/System/Library/Frameworks/Ruby.framework/Versions/2.6/usr/include/ruby-2.6.0/ruby/ruby.h:1826:56: note: expanded from macro 'rb_intern'
 1826 |         __extension__ (RUBY_CONST_ID_CACHE((ID), (str))) : \
      |                                                        ^
Type.c:433:5: warning: '(' and '{' tokens introducing statement expression appear in different macro expansion contexts [-Wcompound-token-split-by-macro]
  433 |     A(LONG, SLONG);
      |     ^~~~~~~~~~~~~~
Type.c:403:49: note: expanded from macro 'A'
  403 |         VALUE t = rb_const_get(rbffi_TypeClass, rb_intern(#old_type)); \
      |                                                 ^~~~~~~~~~~~~~~~~~~~
/Library/Developer/CommandLineTools/SDKs/MacOSX.sdk/System/Library/Frameworks/Ruby.framework/Versions/2.6/usr/include/ruby-2.6.0/ruby/ruby.h:1826:23: note: expanded from macro 'rb_intern'
 1826 |         __extension__ (RUBY_CONST_ID_CACHE((ID), (str))) : \
      |                       ^
Type.c:433:5: note: '{' token is here
  433 |     A(LONG, SLONG);
      |     ^~~~~~~~~~~~~~
Type.c:403:49: note: expanded from macro 'A'
  403 |         VALUE t = rb_const_get(rbffi_TypeClass, rb_intern(#old_type)); \
      |                                                 ^~~~~~~~~~~~~~~~~~~~
/Library/Developer/CommandLineTools/SDKs/MacOSX.sdk/System/Library/Frameworks/Ruby.framework/Versions/2.6/usr/include/ruby-2.6.0/ruby/ruby.h:1826:24: note: expanded from macro 'rb_intern'
 1826 |         __extension__ (RUBY_CONST_ID_CACHE((ID), (str))) : \
      |                        ^~~~~~~~~~~~~~~~~~~~~~~~~~~~~~~~
/Library/Developer/CommandLineTools/SDKs/MacOSX.sdk/System/Library/Frameworks/Ruby.framework/Versions/2.6/usr/include/ruby-2.6.0/ruby/ruby.h:1811:5: note: expanded from macro 'RUBY_CONST_ID_CACHE'
 1811 |     {                                                   \
      |     ^
Type.c:433:5: warning: '}' and ')' tokens terminating statement expression appear in different macro expansion contexts [-Wcompound-token-split-by-macro]
  433 |     A(LONG, SLONG);
      |     ^~~~~~~~~~~~~~
Type.c:403:49: note: expanded from macro 'A'
  403 |         VALUE t = rb_const_get(rbffi_TypeClass, rb_intern(#old_type)); \
      |                                                 ^~~~~~~~~~~~~~~~~~~~
/Library/Developer/CommandLineTools/SDKs/MacOSX.sdk/System/Library/Frameworks/Ruby.framework/Versions/2.6/usr/include/ruby-2.6.0/ruby/ruby.h:1826:24: note: expanded from macro 'rb_intern'
 1826 |         __extension__ (RUBY_CONST_ID_CACHE((ID), (str))) : \
      |                        ^~~~~~~~~~~~~~~~~~~~~~~~~~~~~~~~
/Library/Developer/CommandLineTools/SDKs/MacOSX.sdk/System/Library/Frameworks/Ruby.framework/Versions/2.6/usr/include/ruby-2.6.0/ruby/ruby.h:1816:5: note: expanded from macro 'RUBY_CONST_ID_CACHE'
 1816 |     }
      |     ^
Type.c:433:5: note: ')' token is here
  433 |     A(LONG, SLONG);
      |     ^~~~~~~~~~~~~~
Type.c:403:49: note: expanded from macro 'A'
  403 |         VALUE t = rb_const_get(rbffi_TypeClass, rb_intern(#old_type)); \
      |                                                 ^~~~~~~~~~~~~~~~~~~~
/Library/Developer/CommandLineTools/SDKs/MacOSX.sdk/System/Library/Frameworks/Ruby.framework/Versions/2.6/usr/include/ruby-2.6.0/ruby/ruby.h:1826:56: note: expanded from macro 'rb_intern'
 1826 |         __extension__ (RUBY_CONST_ID_CACHE((ID), (str))) : \
      |                                                        ^
Type.c:433:5: warning: '(' and '{' tokens introducing statement expression appear in different macro expansion contexts [-Wcompound-token-split-by-macro]
  433 |     A(LONG, SLONG);
      |     ^~~~~~~~~~~~~~
Type.c:404:39: note: expanded from macro 'A'
  404 |         rb_const_set(rbffi_TypeClass, rb_intern(#new_type), t); \
      |                                       ^~~~~~~~~~~~~~~~~~~~
/Library/Developer/CommandLineTools/SDKs/MacOSX.sdk/System/Library/Frameworks/Ruby.framework/Versions/2.6/usr/include/ruby-2.6.0/ruby/ruby.h:1826:23: note: expanded from macro 'rb_intern'
 1826 |         __extension__ (RUBY_CONST_ID_CACHE((ID), (str))) : \
      |                       ^
Type.c:433:5: note: '{' token is here
  433 |     A(LONG, SLONG);
      |     ^~~~~~~~~~~~~~
Type.c:404:39: note: expanded from macro 'A'
  404 |         rb_const_set(rbffi_TypeClass, rb_intern(#new_type), t); \
      |                                       ^~~~~~~~~~~~~~~~~~~~
/Library/Developer/CommandLineTools/SDKs/MacOSX.sdk/System/Library/Frameworks/Ruby.framework/Versions/2.6/usr/include/ruby-2.6.0/ruby/ruby.h:1826:24: note: expanded from macro 'rb_intern'
 1826 |         __extension__ (RUBY_CONST_ID_CACHE((ID), (str))) : \
      |                        ^~~~~~~~~~~~~~~~~~~~~~~~~~~~~~~~
/Library/Developer/CommandLineTools/SDKs/MacOSX.sdk/System/Library/Frameworks/Ruby.framework/Versions/2.6/usr/include/ruby-2.6.0/ruby/ruby.h:1811:5: note: expanded from macro 'RUBY_CONST_ID_CACHE'
 1811 |     {                                                   \
      |     ^
Type.c:433:5: warning: '}' and ')' tokens terminating statement expression appear in different macro expansion contexts [-Wcompound-token-split-by-macro]
  433 |     A(LONG, SLONG);
      |     ^~~~~~~~~~~~~~
Type.c:404:39: note: expanded from macro 'A'
  404 |         rb_const_set(rbffi_TypeClass, rb_intern(#new_type), t); \
      |                                       ^~~~~~~~~~~~~~~~~~~~
/Library/Developer/CommandLineTools/SDKs/MacOSX.sdk/System/Library/Frameworks/Ruby.framework/Versions/2.6/usr/include/ruby-2.6.0/ruby/ruby.h:1826:24: note: expanded from macro 'rb_intern'
 1826 |         __extension__ (RUBY_CONST_ID_CACHE((ID), (str))) : \
      |                        ^~~~~~~~~~~~~~~~~~~~~~~~~~~~~~~~
/Library/Developer/CommandLineTools/SDKs/MacOSX.sdk/System/Library/Frameworks/Ruby.framework/Versions/2.6/usr/include/ruby-2.6.0/ruby/ruby.h:1816:5: note: expanded from macro 'RUBY_CONST_ID_CACHE'
 1816 |     }
      |     ^
Type.c:433:5: note: ')' token is here
  433 |     A(LONG, SLONG);
      |     ^~~~~~~~~~~~~~
Type.c:404:39: note: expanded from macro 'A'
  404 |         rb_const_set(rbffi_TypeClass, rb_intern(#new_type), t); \
      |                                       ^~~~~~~~~~~~~~~~~~~~
/Library/Developer/CommandLineTools/SDKs/MacOSX.sdk/System/Library/Frameworks/Ruby.framework/Versions/2.6/usr/include/ruby-2.6.0/ruby/ruby.h:1826:56: note: expanded from macro 'rb_intern'
 1826 |         __extension__ (RUBY_CONST_ID_CACHE((ID), (str))) : \
      |                                                        ^
Type.c:436:5: warning: '(' and '{' tokens introducing statement expression appear in different macro expansion contexts [-Wcompound-token-split-by-macro]
  436 |     A(FLOAT32, FLOAT);
      |     ^~~~~~~~~~~~~~~~~
Type.c:403:49: note: expanded from macro 'A'
  403 |         VALUE t = rb_const_get(rbffi_TypeClass, rb_intern(#old_type)); \
      |                                                 ^~~~~~~~~~~~~~~~~~~~
/Library/Developer/CommandLineTools/SDKs/MacOSX.sdk/System/Library/Frameworks/Ruby.framework/Versions/2.6/usr/include/ruby-2.6.0/ruby/ruby.h:1826:23: note: expanded from macro 'rb_intern'
 1826 |         __extension__ (RUBY_CONST_ID_CACHE((ID), (str))) : \
      |                       ^
Type.c:436:5: note: '{' token is here
  436 |     A(FLOAT32, FLOAT);
      |     ^~~~~~~~~~~~~~~~~
Type.c:403:49: note: expanded from macro 'A'
  403 |         VALUE t = rb_const_get(rbffi_TypeClass, rb_intern(#old_type)); \
      |                                                 ^~~~~~~~~~~~~~~~~~~~
/Library/Developer/CommandLineTools/SDKs/MacOSX.sdk/System/Library/Frameworks/Ruby.framework/Versions/2.6/usr/include/ruby-2.6.0/ruby/ruby.h:1826:24: note: expanded from macro 'rb_intern'
 1826 |         __extension__ (RUBY_CONST_ID_CACHE((ID), (str))) : \
      |                        ^~~~~~~~~~~~~~~~~~~~~~~~~~~~~~~~
/Library/Developer/CommandLineTools/SDKs/MacOSX.sdk/System/Library/Frameworks/Ruby.framework/Versions/2.6/usr/include/ruby-2.6.0/ruby/ruby.h:1811:5: note: expanded from macro 'RUBY_CONST_ID_CACHE'
 1811 |     {                                                   \
      |     ^
Type.c:436:5: warning: '}' and ')' tokens terminating statement expression appear in different macro expansion contexts [-Wcompound-token-split-by-macro]
  436 |     A(FLOAT32, FLOAT);
      |     ^~~~~~~~~~~~~~~~~
Type.c:403:49: note: expanded from macro 'A'
  403 |         VALUE t = rb_const_get(rbffi_TypeClass, rb_intern(#old_type)); \
      |                                                 ^~~~~~~~~~~~~~~~~~~~
/Library/Developer/CommandLineTools/SDKs/MacOSX.sdk/System/Library/Frameworks/Ruby.framework/Versions/2.6/usr/include/ruby-2.6.0/ruby/ruby.h:1826:24: note: expanded from macro 'rb_intern'
 1826 |         __extension__ (RUBY_CONST_ID_CACHE((ID), (str))) : \
      |                        ^~~~~~~~~~~~~~~~~~~~~~~~~~~~~~~~
/Library/Developer/CommandLineTools/SDKs/MacOSX.sdk/System/Library/Frameworks/Ruby.framework/Versions/2.6/usr/include/ruby-2.6.0/ruby/ruby.h:1816:5: note: expanded from macro 'RUBY_CONST_ID_CACHE'
 1816 |     }
      |     ^
Type.c:436:5: note: ')' token is here
  436 |     A(FLOAT32, FLOAT);
      |     ^~~~~~~~~~~~~~~~~
Type.c:403:49: note: expanded from macro 'A'
  403 |         VALUE t = rb_const_get(rbffi_TypeClass, rb_intern(#old_type)); \
      |                                                 ^~~~~~~~~~~~~~~~~~~~
/Library/Developer/CommandLineTools/SDKs/MacOSX.sdk/System/Library/Frameworks/Ruby.framework/Versions/2.6/usr/include/ruby-2.6.0/ruby/ruby.h:1826:56: note: expanded from macro 'rb_intern'
 1826 |         __extension__ (RUBY_CONST_ID_CACHE((ID), (str))) : \
      |                                                        ^
Type.c:436:5: warning: '(' and '{' tokens introducing statement expression appear in different macro expansion contexts [-Wcompound-token-split-by-macro]
  436 |     A(FLOAT32, FLOAT);
      |     ^~~~~~~~~~~~~~~~~
Type.c:404:39: note: expanded from macro 'A'
  404 |         rb_const_set(rbffi_TypeClass, rb_intern(#new_type), t); \
      |                                       ^~~~~~~~~~~~~~~~~~~~
/Library/Developer/CommandLineTools/SDKs/MacOSX.sdk/System/Library/Frameworks/Ruby.framework/Versions/2.6/usr/include/ruby-2.6.0/ruby/ruby.h:1826:23: note: expanded from macro 'rb_intern'
 1826 |         __extension__ (RUBY_CONST_ID_CACHE((ID), (str))) : \
      |                       ^
Type.c:436:5: note: '{' token is here
  436 |     A(FLOAT32, FLOAT);
      |     ^~~~~~~~~~~~~~~~~
Type.c:404:39: note: expanded from macro 'A'
  404 |         rb_const_set(rbffi_TypeClass, rb_intern(#new_type), t); \
      |                                       ^~~~~~~~~~~~~~~~~~~~
/Library/Developer/CommandLineTools/SDKs/MacOSX.sdk/System/Library/Frameworks/Ruby.framework/Versions/2.6/usr/include/ruby-2.6.0/ruby/ruby.h:1826:24: note: expanded from macro 'rb_intern'
 1826 |         __extension__ (RUBY_CONST_ID_CACHE((ID), (str))) : \
      |                        ^~~~~~~~~~~~~~~~~~~~~~~~~~~~~~~~
/Library/Developer/CommandLineTools/SDKs/MacOSX.sdk/System/Library/Frameworks/Ruby.framework/Versions/2.6/usr/include/ruby-2.6.0/ruby/ruby.h:1811:5: note: expanded from macro 'RUBY_CONST_ID_CACHE'
 1811 |     {                                                   \
      |     ^
Type.c:436:5: warning: '}' and ')' tokens terminating statement expression appear in different macro expansion contexts [-Wcompound-token-split-by-macro]
  436 |     A(FLOAT32, FLOAT);
      |     ^~~~~~~~~~~~~~~~~
Type.c:404:39: note: expanded from macro 'A'
  404 |         rb_const_set(rbffi_TypeClass, rb_intern(#new_type), t); \
      |                                       ^~~~~~~~~~~~~~~~~~~~
/Library/Developer/CommandLineTools/SDKs/MacOSX.sdk/System/Library/Frameworks/Ruby.framework/Versions/2.6/usr/include/ruby-2.6.0/ruby/ruby.h:1826:24: note: expanded from macro 'rb_intern'
 1826 |         __extension__ (RUBY_CONST_ID_CACHE((ID), (str))) : \
      |                        ^~~~~~~~~~~~~~~~~~~~~~~~~~~~~~~~
/Library/Developer/CommandLineTools/SDKs/MacOSX.sdk/System/Library/Frameworks/Ruby.framework/Versions/2.6/usr/include/ruby-2.6.0/ruby/ruby.h:1816:5: note: expanded from macro 'RUBY_CONST_ID_CACHE'
 1816 |     }
      |     ^
Type.c:436:5: note: ')' token is here
  436 |     A(FLOAT32, FLOAT);
      |     ^~~~~~~~~~~~~~~~~
Type.c:404:39: note: expanded from macro 'A'
  404 |         rb_const_set(rbffi_TypeClass, rb_intern(#new_type), t); \
      |                                       ^~~~~~~~~~~~~~~~~~~~
/Library/Developer/CommandLineTools/SDKs/MacOSX.sdk/System/Library/Frameworks/Ruby.framework/Versions/2.6/usr/include/ruby-2.6.0/ruby/ruby.h:1826:56: note: expanded from macro 'rb_intern'
 1826 |         __extension__ (RUBY_CONST_ID_CACHE((ID), (str))) : \
      |                                                        ^
Type.c:438:5: warning: '(' and '{' tokens introducing statement expression appear in different macro expansion contexts [-Wcompound-token-split-by-macro]
  438 |     A(FLOAT64, DOUBLE);
      |     ^~~~~~~~~~~~~~~~~~
Type.c:403:49: note: expanded from macro 'A'
  403 |         VALUE t = rb_const_get(rbffi_TypeClass, rb_intern(#old_type)); \
      |                                                 ^~~~~~~~~~~~~~~~~~~~
/Library/Developer/CommandLineTools/SDKs/MacOSX.sdk/System/Library/Frameworks/Ruby.framework/Versions/2.6/usr/include/ruby-2.6.0/ruby/ruby.h:1826:23: note: expanded from macro 'rb_intern'
 1826 |         __extension__ (RUBY_CONST_ID_CACHE((ID), (str))) : \
      |                       ^
Type.c:438:5: note: '{' token is here
  438 |     A(FLOAT64, DOUBLE);
      |     ^~~~~~~~~~~~~~~~~~
Type.c:403:49: note: expanded from macro 'A'
  403 |         VALUE t = rb_const_get(rbffi_TypeClass, rb_intern(#old_type)); \
      |                                                 ^~~~~~~~~~~~~~~~~~~~
/Library/Developer/CommandLineTools/SDKs/MacOSX.sdk/System/Library/Frameworks/Ruby.framework/Versions/2.6/usr/include/ruby-2.6.0/ruby/ruby.h:1826:24: note: expanded from macro 'rb_intern'
 1826 |         __extension__ (RUBY_CONST_ID_CACHE((ID), (str))) : \
      |                        ^~~~~~~~~~~~~~~~~~~~~~~~~~~~~~~~
/Library/Developer/CommandLineTools/SDKs/MacOSX.sdk/System/Library/Frameworks/Ruby.framework/Versions/2.6/usr/include/ruby-2.6.0/ruby/ruby.h:1811:5: note: expanded from macro 'RUBY_CONST_ID_CACHE'
 1811 |     {                                                   \
      |     ^
Type.c:438:5: warning: '}' and ')' tokens terminating statement expression appear in different macro expansion contexts [-Wcompound-token-split-by-macro]
  438 |     A(FLOAT64, DOUBLE);
      |     ^~~~~~~~~~~~~~~~~~
Type.c:403:49: note: expanded from macro 'A'
  403 |         VALUE t = rb_const_get(rbffi_TypeClass, rb_intern(#old_type)); \
      |                                                 ^~~~~~~~~~~~~~~~~~~~
/Library/Developer/CommandLineTools/SDKs/MacOSX.sdk/System/Library/Frameworks/Ruby.framework/Versions/2.6/usr/include/ruby-2.6.0/ruby/ruby.h:1826:24: note: expanded from macro 'rb_intern'
 1826 |         __extension__ (RUBY_CONST_ID_CACHE((ID), (str))) : \
      |                        ^~~~~~~~~~~~~~~~~~~~~~~~~~~~~~~~
/Library/Developer/CommandLineTools/SDKs/MacOSX.sdk/System/Library/Frameworks/Ruby.framework/Versions/2.6/usr/include/ruby-2.6.0/ruby/ruby.h:1816:5: note: expanded from macro 'RUBY_CONST_ID_CACHE'
 1816 |     }
      |     ^
Type.c:438:5: note: ')' token is here
  438 |     A(FLOAT64, DOUBLE);
      |     ^~~~~~~~~~~~~~~~~~
Type.c:403:49: note: expanded from macro 'A'
  403 |         VALUE t = rb_const_get(rbffi_TypeClass, rb_intern(#old_type)); \
      |                                                 ^~~~~~~~~~~~~~~~~~~~
/Library/Developer/CommandLineTools/SDKs/MacOSX.sdk/System/Library/Frameworks/Ruby.framework/Versions/2.6/usr/include/ruby-2.6.0/ruby/ruby.h:1826:56: note: expanded from macro 'rb_intern'
 1826 |         __extension__ (RUBY_CONST_ID_CACHE((ID), (str))) : \
      |                                                        ^
Type.c:438:5: warning: '(' and '{' tokens introducing statement expression appear in different macro expansion contexts [-Wcompound-token-split-by-macro]
  438 |     A(FLOAT64, DOUBLE);
      |     ^~~~~~~~~~~~~~~~~~
Type.c:404:39: note: expanded from macro 'A'
  404 |         rb_const_set(rbffi_TypeClass, rb_intern(#new_type), t); \
      |                                       ^~~~~~~~~~~~~~~~~~~~
/Library/Developer/CommandLineTools/SDKs/MacOSX.sdk/System/Library/Frameworks/Ruby.framework/Versions/2.6/usr/include/ruby-2.6.0/ruby/ruby.h:1826:23: note: expanded from macro 'rb_intern'
 1826 |         __extension__ (RUBY_CONST_ID_CACHE((ID), (str))) : \
      |                       ^
Type.c:438:5: note: '{' token is here
  438 |     A(FLOAT64, DOUBLE);
      |     ^~~~~~~~~~~~~~~~~~
Type.c:404:39: note: expanded from macro 'A'
  404 |         rb_const_set(rbffi_TypeClass, rb_intern(#new_type), t); \
      |                                       ^~~~~~~~~~~~~~~~~~~~
/Library/Developer/CommandLineTools/SDKs/MacOSX.sdk/System/Library/Frameworks/Ruby.framework/Versions/2.6/usr/include/ruby-2.6.0/ruby/ruby.h:1826:24: note: expanded from macro 'rb_intern'
 1826 |         __extension__ (RUBY_CONST_ID_CACHE((ID), (str))) : \
      |                        ^~~~~~~~~~~~~~~~~~~~~~~~~~~~~~~~
/Library/Developer/CommandLineTools/SDKs/MacOSX.sdk/System/Library/Frameworks/Ruby.framework/Versions/2.6/usr/include/ruby-2.6.0/ruby/ruby.h:1811:5: note: expanded from macro 'RUBY_CONST_ID_CACHE'
 1811 |     {                                                   \
      |     ^
Type.c:438:5: warning: '}' and ')' tokens terminating statement expression appear in different macro expansion contexts [-Wcompound-token-split-by-macro]
  438 |     A(FLOAT64, DOUBLE);
      |     ^~~~~~~~~~~~~~~~~~
Type.c:404:39: note: expanded from macro 'A'
  404 |         rb_const_set(rbffi_TypeClass, rb_intern(#new_type), t); \
      |                                       ^~~~~~~~~~~~~~~~~~~~
/Library/Developer/CommandLineTools/SDKs/MacOSX.sdk/System/Library/Frameworks/Ruby.framework/Versions/2.6/usr/include/ruby-2.6.0/ruby/ruby.h:1826:24: note: expanded from macro 'rb_intern'
 1826 |         __extension__ (RUBY_CONST_ID_CACHE((ID), (str))) : \
      |                        ^~~~~~~~~~~~~~~~~~~~~~~~~~~~~~~~
/Library/Developer/CommandLineTools/SDKs/MacOSX.sdk/System/Library/Frameworks/Ruby.framework/Versions/2.6/usr/include/ruby-2.6.0/ruby/ruby.h:1816:5: note: expanded from macro 'RUBY_CONST_ID_CACHE'
 1816 |     }
      |     ^
Type.c:438:5: note: ')' token is here
  438 |     A(FLOAT64, DOUBLE);
      |     ^~~~~~~~~~~~~~~~~~
Type.c:404:39: note: expanded from macro 'A'
  404 |         rb_const_set(rbffi_TypeClass, rb_intern(#new_type), t); \
      |                                       ^~~~~~~~~~~~~~~~~~~~
/Library/Developer/CommandLineTools/SDKs/MacOSX.sdk/System/Library/Frameworks/Ruby.framework/Versions/2.6/usr/include/ruby-2.6.0/ruby/ruby.h:1826:56: note: expanded from macro 'rb_intern'
 1826 |         __extension__ (RUBY_CONST_ID_CACHE((ID), (str))) : \
      |                                                        ^
64 warnings generated.
compiling Types.c
Types.c:141:22: warning: '(' and '{' tokens introducing statement expression appear in different macro expansion contexts [-Wcompound-token-split-by-macro]
  141 |     id_from_native = rb_intern("from_native");
      |                      ^~~~~~~~~~~~~~~~~~~~~~~~
/Library/Developer/CommandLineTools/SDKs/MacOSX.sdk/System/Library/Frameworks/Ruby.framework/Versions/2.6/usr/include/ruby-2.6.0/ruby/ruby.h:1826:23: note: expanded from macro 'rb_intern'
 1826 |         __extension__ (RUBY_CONST_ID_CACHE((ID), (str))) : \
      |                       ^
Types.c:141:22: note: '{' token is here
  141 |     id_from_native = rb_intern("from_native");
      |                      ^~~~~~~~~~~~~~~~~~~~~~~~
/Library/Developer/CommandLineTools/SDKs/MacOSX.sdk/System/Library/Frameworks/Ruby.framework/Versions/2.6/usr/include/ruby-2.6.0/ruby/ruby.h:1826:24: note: expanded from macro 'rb_intern'
 1826 |         __extension__ (RUBY_CONST_ID_CACHE((ID), (str))) : \
      |                        ^~~~~~~~~~~~~~~~~~~~~~~~~~~~~~~~
/Library/Developer/CommandLineTools/SDKs/MacOSX.sdk/System/Library/Frameworks/Ruby.framework/Versions/2.6/usr/include/ruby-2.6.0/ruby/ruby.h:1811:5: note: expanded from macro 'RUBY_CONST_ID_CACHE'
 1811 |     {                                                   \
      |     ^
Types.c:141:22: warning: '}' and ')' tokens terminating statement expression appear in different macro expansion contexts [-Wcompound-token-split-by-macro]
  141 |     id_from_native = rb_intern("from_native");
      |                      ^~~~~~~~~~~~~~~~~~~~~~~~
/Library/Developer/CommandLineTools/SDKs/MacOSX.sdk/System/Library/Frameworks/Ruby.framework/Versions/2.6/usr/include/ruby-2.6.0/ruby/ruby.h:1826:24: note: expanded from macro 'rb_intern'
 1826 |         __extension__ (RUBY_CONST_ID_CACHE((ID), (str))) : \
      |                        ^~~~~~~~~~~~~~~~~~~~~~~~~~~~~~~~
/Library/Developer/CommandLineTools/SDKs/MacOSX.sdk/System/Library/Frameworks/Ruby.framework/Versions/2.6/usr/include/ruby-2.6.0/ruby/ruby.h:1816:5: note: expanded from macro 'RUBY_CONST_ID_CACHE'
 1816 |     }
      |     ^
Types.c:141:22: note: ')' token is here
  141 |     id_from_native = rb_intern("from_native");
      |                      ^~~~~~~~~~~~~~~~~~~~~~~~
/Library/Developer/CommandLineTools/SDKs/MacOSX.sdk/System/Library/Frameworks/Ruby.framework/Versions/2.6/usr/include/ruby-2.6.0/ruby/ruby.h:1826:56: note: expanded from macro 'rb_intern'
 1826 |         __extension__ (RUBY_CONST_ID_CACHE((ID), (str))) : \
      |                                                        ^
Types.c:142:21: warning: '(' and '{' tokens introducing statement expression appear in different macro expansion contexts [-Wcompound-token-split-by-macro]
  142 |     id_initialize = rb_intern("initialize");
      |                     ^~~~~~~~~~~~~~~~~~~~~~~
/Library/Developer/CommandLineTools/SDKs/MacOSX.sdk/System/Library/Frameworks/Ruby.framework/Versions/2.6/usr/include/ruby-2.6.0/ruby/ruby.h:1826:23: note: expanded from macro 'rb_intern'
 1826 |         __extension__ (RUBY_CONST_ID_CACHE((ID), (str))) : \
      |                       ^
Types.c:142:21: note: '{' token is here
  142 |     id_initialize = rb_intern("initialize");
      |                     ^~~~~~~~~~~~~~~~~~~~~~~
/Library/Developer/CommandLineTools/SDKs/MacOSX.sdk/System/Library/Frameworks/Ruby.framework/Versions/2.6/usr/include/ruby-2.6.0/ruby/ruby.h:1826:24: note: expanded from macro 'rb_intern'
 1826 |         __extension__ (RUBY_CONST_ID_CACHE((ID), (str))) : \
      |                        ^~~~~~~~~~~~~~~~~~~~~~~~~~~~~~~~
/Library/Developer/CommandLineTools/SDKs/MacOSX.sdk/System/Library/Frameworks/Ruby.framework/Versions/2.6/usr/include/ruby-2.6.0/ruby/ruby.h:1811:5: note: expanded from macro 'RUBY_CONST_ID_CACHE'
 1811 |     {                                                   \
      |     ^
Types.c:142:21: warning: '}' and ')' tokens terminating statement expression appear in different macro expansion contexts [-Wcompound-token-split-by-macro]
  142 |     id_initialize = rb_intern("initialize");
      |                     ^~~~~~~~~~~~~~~~~~~~~~~
/Library/Developer/CommandLineTools/SDKs/MacOSX.sdk/System/Library/Frameworks/Ruby.framework/Versions/2.6/usr/include/ruby-2.6.0/ruby/ruby.h:1826:24: note: expanded from macro 'rb_intern'
 1826 |         __extension__ (RUBY_CONST_ID_CACHE((ID), (str))) : \
      |                        ^~~~~~~~~~~~~~~~~~~~~~~~~~~~~~~~
/Library/Developer/CommandLineTools/SDKs/MacOSX.sdk/System/Library/Frameworks/Ruby.framework/Versions/2.6/usr/include/ruby-2.6.0/ruby/ruby.h:1816:5: note: expanded from macro 'RUBY_CONST_ID_CACHE'
 1816 |     }
      |     ^
Types.c:142:21: note: ')' token is here
  142 |     id_initialize = rb_intern("initialize");
      |                     ^~~~~~~~~~~~~~~~~~~~~~~
/Library/Developer/CommandLineTools/SDKs/MacOSX.sdk/System/Library/Frameworks/Ruby.framework/Versions/2.6/usr/include/ruby-2.6.0/ruby/ruby.h:1826:56: note: expanded from macro 'rb_intern'
 1826 |         __extension__ (RUBY_CONST_ID_CACHE((ID), (str))) : \
      |                                                        ^
4 warnings generated.
compiling Variadic.c
Variadic.c:142:47: warning: '(' and '{' tokens introducing statement expression appear in different macro expansion contexts [-Wcompound-token-split-by-macro]
  142 |     convention = rb_hash_aref(options, ID2SYM(rb_intern("convention")));
      |                                               ^~~~~~~~~~~~~~~~~~~~~~~
/Library/Developer/CommandLineTools/SDKs/MacOSX.sdk/System/Library/Frameworks/Ruby.framework/Versions/2.6/usr/include/ruby-2.6.0/ruby/ruby.h:1826:23: note: expanded from macro 'rb_intern'
 1826 |         __extension__ (RUBY_CONST_ID_CACHE((ID), (str))) : \
      |                       ^
/Library/Developer/CommandLineTools/SDKs/MacOSX.sdk/System/Library/Frameworks/Ruby.framework/Versions/2.6/usr/include/ruby-2.6.0/ruby/ruby.h:413:29: note: expanded from macro 'ID2SYM'
  413 | #define ID2SYM(x) RB_ID2SYM(x)
      |                             ^
/Library/Developer/CommandLineTools/SDKs/MacOSX.sdk/System/Library/Frameworks/Ruby.framework/Versions/2.6/usr/include/ruby-2.6.0/ruby/ruby.h:408:33: note: expanded from macro 'RB_ID2SYM'
  408 | #define RB_ID2SYM(x) (rb_id2sym(x))
      |                                 ^
Variadic.c:142:47: note: '{' token is here
  142 |     convention = rb_hash_aref(options, ID2SYM(rb_intern("convention")));
      |                                               ^~~~~~~~~~~~~~~~~~~~~~~
/Library/Developer/CommandLineTools/SDKs/MacOSX.sdk/System/Library/Frameworks/Ruby.framework/Versions/2.6/usr/include/ruby-2.6.0/ruby/ruby.h:1826:24: note: expanded from macro 'rb_intern'
 1826 |         __extension__ (RUBY_CONST_ID_CACHE((ID), (str))) : \
      |                        ^~~~~~~~~~~~~~~~~~~~~~~~~~~~~~~~
/Library/Developer/CommandLineTools/SDKs/MacOSX.sdk/System/Library/Frameworks/Ruby.framework/Versions/2.6/usr/include/ruby-2.6.0/ruby/ruby.h:1811:5: note: expanded from macro 'RUBY_CONST_ID_CACHE'
 1811 |     {                                                   \
      |     ^
/Library/Developer/CommandLineTools/SDKs/MacOSX.sdk/System/Library/Frameworks/Ruby.framework/Versions/2.6/usr/include/ruby-2.6.0/ruby/ruby.h:413:29: note: expanded from macro 'ID2SYM'
  413 | #define ID2SYM(x) RB_ID2SYM(x)
      |                             ^
/Library/Developer/CommandLineTools/SDKs/MacOSX.sdk/System/Library/Frameworks/Ruby.framework/Versions/2.6/usr/include/ruby-2.6.0/ruby/ruby.h:408:33: note: expanded from macro 'RB_ID2SYM'
  408 | #define RB_ID2SYM(x) (rb_id2sym(x))
      |                                 ^
Variadic.c:142:47: warning: '}' and ')' tokens terminating statement expression appear in different macro expansion contexts [-Wcompound-token-split-by-macro]
  142 |     convention = rb_hash_aref(options, ID2SYM(rb_intern("convention")));
      |                                               ^~~~~~~~~~~~~~~~~~~~~~~
/Library/Developer/CommandLineTools/SDKs/MacOSX.sdk/System/Library/Frameworks/Ruby.framework/Versions/2.6/usr/include/ruby-2.6.0/ruby/ruby.h:1826:24: note: expanded from macro 'rb_intern'
 1826 |         __extension__ (RUBY_CONST_ID_CACHE((ID), (str))) : \
      |                        ^~~~~~~~~~~~~~~~~~~~~~~~~~~~~~~~
/Library/Developer/CommandLineTools/SDKs/MacOSX.sdk/System/Library/Frameworks/Ruby.framework/Versions/2.6/usr/include/ruby-2.6.0/ruby/ruby.h:1816:5: note: expanded from macro 'RUBY_CONST_ID_CACHE'
 1816 |     }
      |     ^
/Library/Developer/CommandLineTools/SDKs/MacOSX.sdk/System/Library/Frameworks/Ruby.framework/Versions/2.6/usr/include/ruby-2.6.0/ruby/ruby.h:413:29: note: expanded from macro 'ID2SYM'
  413 | #define ID2SYM(x) RB_ID2SYM(x)
      |                             ^
/Library/Developer/CommandLineTools/SDKs/MacOSX.sdk/System/Library/Frameworks/Ruby.framework/Versions/2.6/usr/include/ruby-2.6.0/ruby/ruby.h:408:33: note: expanded from macro 'RB_ID2SYM'
  408 | #define RB_ID2SYM(x) (rb_id2sym(x))
      |                                 ^
Variadic.c:142:47: note: ')' token is here
  142 |     convention = rb_hash_aref(options, ID2SYM(rb_intern("convention")));
      |                                               ^~~~~~~~~~~~~~~~~~~~~~~
/Library/Developer/CommandLineTools/SDKs/MacOSX.sdk/System/Library/Frameworks/Ruby.framework/Versions/2.6/usr/include/ruby-2.6.0/ruby/ruby.h:1826:56: note: expanded from macro 'rb_intern'
 1826 |         __extension__ (RUBY_CONST_ID_CACHE((ID), (str))) : \
      |                                                        ^
/Library/Developer/CommandLineTools/SDKs/MacOSX.sdk/System/Library/Frameworks/Ruby.framework/Versions/2.6/usr/include/ruby-2.6.0/ruby/ruby.h:413:29: note: expanded from macro 'ID2SYM'
  413 | #define ID2SYM(x) RB_ID2SYM(x)
      |                             ^
/Library/Developer/CommandLineTools/SDKs/MacOSX.sdk/System/Library/Frameworks/Ruby.framework/Versions/2.6/usr/include/ruby-2.6.0/ruby/ruby.h:408:33: note: expanded from macro 'RB_ID2SYM'
  408 | #define RB_ID2SYM(x) (rb_id2sym(x))
      |                                 ^
Variadic.c:145:72: warning: '(' and '{' tokens introducing statement expression appear in different macro expansion contexts [-Wcompound-token-split-by-macro]
  145 |     RB_OBJ_WRITE(self, &invoker->rbEnums, rb_hash_aref(options, ID2SYM(rb_intern("enums"))));
      |                                                                        ^~~~~~~~~~~~~~~~~~
/Library/Developer/CommandLineTools/SDKs/MacOSX.sdk/System/Library/Frameworks/Ruby.framework/Versions/2.6/usr/include/ruby-2.6.0/ruby/ruby.h:1826:23: note: expanded from macro 'rb_intern'
 1826 |         __extension__ (RUBY_CONST_ID_CACHE((ID), (str))) : \
      |                       ^
/Library/Developer/CommandLineTools/SDKs/MacOSX.sdk/System/Library/Frameworks/Ruby.framework/Versions/2.6/usr/include/ruby-2.6.0/ruby/ruby.h:413:29: note: expanded from macro 'ID2SYM'
  413 | #define ID2SYM(x) RB_ID2SYM(x)
      |                             ^
/Library/Developer/CommandLineTools/SDKs/MacOSX.sdk/System/Library/Frameworks/Ruby.framework/Versions/2.6/usr/include/ruby-2.6.0/ruby/ruby.h:408:33: note: expanded from macro 'RB_ID2SYM'
  408 | #define RB_ID2SYM(x) (rb_id2sym(x))
      |                                 ^
/Library/Developer/CommandLineTools/SDKs/MacOSX.sdk/System/Library/Frameworks/Ruby.framework/Versions/2.6/usr/include/ruby-2.6.0/ruby/ruby.h:1493:90: note: expanded from macro 'RB_OBJ_WRITE'
 1493 | #define RB_OBJ_WRITE(a, slot, b)       rb_obj_write((VALUE)(a), (VALUE *)(slot), (VALUE)(b), __FILE__, __LINE__)
      |                                                                                          ^
Variadic.c:145:72: note: '{' token is here
  145 |     RB_OBJ_WRITE(self, &invoker->rbEnums, rb_hash_aref(options, ID2SYM(rb_intern("enums"))));
      |                                                                        ^~~~~~~~~~~~~~~~~~
/Library/Developer/CommandLineTools/SDKs/MacOSX.sdk/System/Library/Frameworks/Ruby.framework/Versions/2.6/usr/include/ruby-2.6.0/ruby/ruby.h:1826:24: note: expanded from macro 'rb_intern'
 1826 |         __extension__ (RUBY_CONST_ID_CACHE((ID), (str))) : \
      |                        ^~~~~~~~~~~~~~~~~~~~~~~~~~~~~~~~
/Library/Developer/CommandLineTools/SDKs/MacOSX.sdk/System/Library/Frameworks/Ruby.framework/Versions/2.6/usr/include/ruby-2.6.0/ruby/ruby.h:1811:5: note: expanded from macro 'RUBY_CONST_ID_CACHE'
 1811 |     {                                                   \
      |     ^
/Library/Developer/CommandLineTools/SDKs/MacOSX.sdk/System/Library/Frameworks/Ruby.framework/Versions/2.6/usr/include/ruby-2.6.0/ruby/ruby.h:413:29: note: expanded from macro 'ID2SYM'
  413 | #define ID2SYM(x) RB_ID2SYM(x)
      |                             ^
/Library/Developer/CommandLineTools/SDKs/MacOSX.sdk/System/Library/Frameworks/Ruby.framework/Versions/2.6/usr/include/ruby-2.6.0/ruby/ruby.h:408:33: note: expanded from macro 'RB_ID2SYM'
  408 | #define RB_ID2SYM(x) (rb_id2sym(x))
      |                                 ^
/Library/Developer/CommandLineTools/SDKs/MacOSX.sdk/System/Library/Frameworks/Ruby.framework/Versions/2.6/usr/include/ruby-2.6.0/ruby/ruby.h:1493:90: note: expanded from macro 'RB_OBJ_WRITE'
 1493 | #define RB_OBJ_WRITE(a, slot, b)       rb_obj_write((VALUE)(a), (VALUE *)(slot), (VALUE)(b), __FILE__, __LINE__)
      |                                                                                          ^
Variadic.c:145:72: warning: '}' and ')' tokens terminating statement expression appear in different macro expansion contexts [-Wcompound-token-split-by-macro]
  145 |     RB_OBJ_WRITE(self, &invoker->rbEnums, rb_hash_aref(options, ID2SYM(rb_intern("enums"))));
      |                                                                        ^~~~~~~~~~~~~~~~~~
/Library/Developer/CommandLineTools/SDKs/MacOSX.sdk/System/Library/Frameworks/Ruby.framework/Versions/2.6/usr/include/ruby-2.6.0/ruby/ruby.h:1826:24: note: expanded from macro 'rb_intern'
 1826 |         __extension__ (RUBY_CONST_ID_CACHE((ID), (str))) : \
      |                        ^~~~~~~~~~~~~~~~~~~~~~~~~~~~~~~~
/Library/Developer/CommandLineTools/SDKs/MacOSX.sdk/System/Library/Frameworks/Ruby.framework/Versions/2.6/usr/include/ruby-2.6.0/ruby/ruby.h:1816:5: note: expanded from macro 'RUBY_CONST_ID_CACHE'
 1816 |     }
      |     ^
/Library/Developer/CommandLineTools/SDKs/MacOSX.sdk/System/Library/Frameworks/Ruby.framework/Versions/2.6/usr/include/ruby-2.6.0/ruby/ruby.h:413:29: note: expanded from macro 'ID2SYM'
  413 | #define ID2SYM(x) RB_ID2SYM(x)
      |                             ^
/Library/Developer/CommandLineTools/SDKs/MacOSX.sdk/System/Library/Frameworks/Ruby.framework/Versions/2.6/usr/include/ruby-2.6.0/ruby/ruby.h:408:33: note: expanded from macro 'RB_ID2SYM'
  408 | #define RB_ID2SYM(x) (rb_id2sym(x))
      |                                 ^
/Library/Developer/CommandLineTools/SDKs/MacOSX.sdk/System/Library/Frameworks/Ruby.framework/Versions/2.6/usr/include/ruby-2.6.0/ruby/ruby.h:1493:90: note: expanded from macro 'RB_OBJ_WRITE'
 1493 | #define RB_OBJ_WRITE(a, slot, b)       rb_obj_write((VALUE)(a), (VALUE *)(slot), (VALUE)(b), __FILE__, __LINE__)
      |                                                                                          ^
Variadic.c:145:72: note: ')' token is here
  145 |     RB_OBJ_WRITE(self, &invoker->rbEnums, rb_hash_aref(options, ID2SYM(rb_intern("enums"))));
      |                                                                        ^~~~~~~~~~~~~~~~~~
/Library/Developer/CommandLineTools/SDKs/MacOSX.sdk/System/Library/Frameworks/Ruby.framework/Versions/2.6/usr/include/ruby-2.6.0/ruby/ruby.h:1826:56: note: expanded from macro 'rb_intern'
 1826 |         __extension__ (RUBY_CONST_ID_CACHE((ID), (str))) : \
      |                                                        ^
/Library/Developer/CommandLineTools/SDKs/MacOSX.sdk/System/Library/Frameworks/Ruby.framework/Versions/2.6/usr/include/ruby-2.6.0/ruby/ruby.h:413:29: note: expanded from macro 'ID2SYM'
  413 | #define ID2SYM(x) RB_ID2SYM(x)
      |                             ^
/Library/Developer/CommandLineTools/SDKs/MacOSX.sdk/System/Library/Frameworks/Ruby.framework/Versions/2.6/usr/include/ruby-2.6.0/ruby/ruby.h:408:33: note: expanded from macro 'RB_ID2SYM'
  408 | #define RB_ID2SYM(x) (rb_id2sym(x))
      |                                 ^
/Library/Developer/CommandLineTools/SDKs/MacOSX.sdk/System/Library/Frameworks/Ruby.framework/Versions/2.6/usr/include/ruby-2.6.0/ruby/ruby.h:1493:90: note: expanded from macro 'RB_OBJ_WRITE'
 1493 | #define RB_OBJ_WRITE(a, slot, b)       rb_obj_write((VALUE)(a), (VALUE *)(slot), (VALUE)(b), __FILE__, __LINE__)
      |                                                                                          ^
Variadic.c:148:60: warning: '(' and '{' tokens introducing statement expression appear in different macro expansion contexts [-Wcompound-token-split-by-macro]
  148 |     invoker->blocking = RTEST(rb_hash_aref(options, ID2SYM(rb_intern("blocking"))));
      |                                                            ^~~~~~~~~~~~~~~~~~~~~
/Library/Developer/CommandLineTools/SDKs/MacOSX.sdk/System/Library/Frameworks/Ruby.framework/Versions/2.6/usr/include/ruby-2.6.0/ruby/ruby.h:1826:23: note: expanded from macro 'rb_intern'
 1826 |         __extension__ (RUBY_CONST_ID_CACHE((ID), (str))) : \
      |                       ^
/Library/Developer/CommandLineTools/SDKs/MacOSX.sdk/System/Library/Frameworks/Ruby.framework/Versions/2.6/usr/include/ruby-2.6.0/ruby/ruby.h:413:29: note: expanded from macro 'ID2SYM'
  413 | #define ID2SYM(x) RB_ID2SYM(x)
      |                             ^
/Library/Developer/CommandLineTools/SDKs/MacOSX.sdk/System/Library/Frameworks/Ruby.framework/Versions/2.6/usr/include/ruby-2.6.0/ruby/ruby.h:408:33: note: expanded from macro 'RB_ID2SYM'
  408 | #define RB_ID2SYM(x) (rb_id2sym(x))
      |                                 ^
/Library/Developer/CommandLineTools/SDKs/MacOSX.sdk/System/Library/Frameworks/Ruby.framework/Versions/2.6/usr/include/ruby-2.6.0/ruby/ruby.h:480:26: note: expanded from macro 'RTEST'
  480 | #define RTEST(v) RB_TEST(v)
      |                          ^
/Library/Developer/CommandLineTools/SDKs/MacOSX.sdk/System/Library/Frameworks/Ruby.framework/Versions/2.6/usr/include/ruby-2.6.0/ruby/ruby.h:478:31: note: expanded from macro 'RB_TEST'
  478 | #define RB_TEST(v) !(((VALUE)(v) & (VALUE)~RUBY_Qnil) == 0)
      |                               ^
Variadic.c:148:60: note: '{' token is here
  148 |     invoker->blocking = RTEST(rb_hash_aref(options, ID2SYM(rb_intern("blocking"))));
      |                                                            ^~~~~~~~~~~~~~~~~~~~~
/Library/Developer/CommandLineTools/SDKs/MacOSX.sdk/System/Library/Frameworks/Ruby.framework/Versions/2.6/usr/include/ruby-2.6.0/ruby/ruby.h:1826:24: note: expanded from macro 'rb_intern'
 1826 |         __extension__ (RUBY_CONST_ID_CACHE((ID), (str))) : \
      |                        ^~~~~~~~~~~~~~~~~~~~~~~~~~~~~~~~
/Library/Developer/CommandLineTools/SDKs/MacOSX.sdk/System/Library/Frameworks/Ruby.framework/Versions/2.6/usr/include/ruby-2.6.0/ruby/ruby.h:1811:5: note: expanded from macro 'RUBY_CONST_ID_CACHE'
 1811 |     {                                                   \
      |     ^
/Library/Developer/CommandLineTools/SDKs/MacOSX.sdk/System/Library/Frameworks/Ruby.framework/Versions/2.6/usr/include/ruby-2.6.0/ruby/ruby.h:413:29: note: expanded from macro 'ID2SYM'
  413 | #define ID2SYM(x) RB_ID2SYM(x)
      |                             ^
/Library/Developer/CommandLineTools/SDKs/MacOSX.sdk/System/Library/Frameworks/Ruby.framework/Versions/2.6/usr/include/ruby-2.6.0/ruby/ruby.h:408:33: note: expanded from macro 'RB_ID2SYM'
  408 | #define RB_ID2SYM(x) (rb_id2sym(x))
      |                                 ^
/Library/Developer/CommandLineTools/SDKs/MacOSX.sdk/System/Library/Frameworks/Ruby.framework/Versions/2.6/usr/include/ruby-2.6.0/ruby/ruby.h:480:26: note: expanded from macro 'RTEST'
  480 | #define RTEST(v) RB_TEST(v)
      |                          ^
/Library/Developer/CommandLineTools/SDKs/MacOSX.sdk/System/Library/Frameworks/Ruby.framework/Versions/2.6/usr/include/ruby-2.6.0/ruby/ruby.h:478:31: note: expanded from macro 'RB_TEST'
  478 | #define RB_TEST(v) !(((VALUE)(v) & (VALUE)~RUBY_Qnil) == 0)
      |                               ^
Variadic.c:148:60: warning: '}' and ')' tokens terminating statement expression appear in different macro expansion contexts [-Wcompound-token-split-by-macro]
  148 |     invoker->blocking = RTEST(rb_hash_aref(options, ID2SYM(rb_intern("blocking"))));
      |                                                            ^~~~~~~~~~~~~~~~~~~~~
/Library/Developer/CommandLineTools/SDKs/MacOSX.sdk/System/Library/Frameworks/Ruby.framework/Versions/2.6/usr/include/ruby-2.6.0/ruby/ruby.h:1826:24: note: expanded from macro 'rb_intern'
 1826 |         __extension__ (RUBY_CONST_ID_CACHE((ID), (str))) : \
      |                        ^~~~~~~~~~~~~~~~~~~~~~~~~~~~~~~~
/Library/Developer/CommandLineTools/SDKs/MacOSX.sdk/System/Library/Frameworks/Ruby.framework/Versions/2.6/usr/include/ruby-2.6.0/ruby/ruby.h:1816:5: note: expanded from macro 'RUBY_CONST_ID_CACHE'
 1816 |     }
      |     ^
/Library/Developer/CommandLineTools/SDKs/MacOSX.sdk/System/Library/Frameworks/Ruby.framework/Versions/2.6/usr/include/ruby-2.6.0/ruby/ruby.h:413:29: note: expanded from macro 'ID2SYM'
  413 | #define ID2SYM(x) RB_ID2SYM(x)
      |                             ^
/Library/Developer/CommandLineTools/SDKs/MacOSX.sdk/System/Library/Frameworks/Ruby.framework/Versions/2.6/usr/include/ruby-2.6.0/ruby/ruby.h:408:33: note: expanded from macro 'RB_ID2SYM'
  408 | #define RB_ID2SYM(x) (rb_id2sym(x))
      |                                 ^
/Library/Developer/CommandLineTools/SDKs/MacOSX.sdk/System/Library/Frameworks/Ruby.framework/Versions/2.6/usr/include/ruby-2.6.0/ruby/ruby.h:480:26: note: expanded from macro 'RTEST'
  480 | #define RTEST(v) RB_TEST(v)
      |                          ^
/Library/Developer/CommandLineTools/SDKs/MacOSX.sdk/System/Library/Frameworks/Ruby.framework/Versions/2.6/usr/include/ruby-2.6.0/ruby/ruby.h:478:31: note: expanded from macro 'RB_TEST'
  478 | #define RB_TEST(v) !(((VALUE)(v) & (VALUE)~RUBY_Qnil) == 0)
      |                               ^
Variadic.c:148:60: note: ')' token is here
  148 |     invoker->blocking = RTEST(rb_hash_aref(options, ID2SYM(rb_intern("blocking"))));
      |                                                            ^~~~~~~~~~~~~~~~~~~~~
/Library/Developer/CommandLineTools/SDKs/MacOSX.sdk/System/Library/Frameworks/Ruby.framework/Versions/2.6/usr/include/ruby-2.6.0/ruby/ruby.h:1826:56: note: expanded from macro 'rb_intern'
 1826 |         __extension__ (RUBY_CONST_ID_CACHE((ID), (str))) : \
      |                                                        ^
/Library/Developer/CommandLineTools/SDKs/MacOSX.sdk/System/Library/Frameworks/Ruby.framework/Versions/2.6/usr/include/ruby-2.6.0/ruby/ruby.h:413:29: note: expanded from macro 'ID2SYM'
  413 | #define ID2SYM(x) RB_ID2SYM(x)
      |                             ^
/Library/Developer/CommandLineTools/SDKs/MacOSX.sdk/System/Library/Frameworks/Ruby.framework/Versions/2.6/usr/include/ruby-2.6.0/ruby/ruby.h:408:33: note: expanded from macro 'RB_ID2SYM'
  408 | #define RB_ID2SYM(x) (rb_id2sym(x))
      |                                 ^
/Library/Developer/CommandLineTools/SDKs/MacOSX.sdk/System/Library/Frameworks/Ruby.framework/Versions/2.6/usr/include/ruby-2.6.0/ruby/ruby.h:480:26: note: expanded from macro 'RTEST'
  480 | #define RTEST(v) RB_TEST(v)
      |                          ^
/Library/Developer/CommandLineTools/SDKs/MacOSX.sdk/System/Library/Frameworks/Ruby.framework/Versions/2.6/usr/include/ruby-2.6.0/ruby/ruby.h:478:31: note: expanded from macro 'RB_TEST'
  478 | #define RB_TEST(v) !(((VALUE)(v) & (VALUE)~RUBY_Qnil) == 0)
      |                               ^
Variadic.c:160:52: warning: '(' and '{' tokens introducing statement expression appear in different macro expansion contexts [-Wcompound-token-split-by-macro]
  160 |         VALUE typeName = rb_funcall2(rbReturnType, rb_intern("inspect"), 0, NULL);
      |                                                    ^~~~~~~~~~~~~~~~~~~~
/Library/Developer/CommandLineTools/SDKs/MacOSX.sdk/System/Library/Frameworks/Ruby.framework/Versions/2.6/usr/include/ruby-2.6.0/ruby/ruby.h:1826:23: note: expanded from macro 'rb_intern'
 1826 |         __extension__ (RUBY_CONST_ID_CACHE((ID), (str))) : \
      |                       ^
Variadic.c:160:52: note: '{' token is here
  160 |         VALUE typeName = rb_funcall2(rbReturnType, rb_intern("inspect"), 0, NULL);
      |                                                    ^~~~~~~~~~~~~~~~~~~~
/Library/Developer/CommandLineTools/SDKs/MacOSX.sdk/System/Library/Frameworks/Ruby.framework/Versions/2.6/usr/include/ruby-2.6.0/ruby/ruby.h:1826:24: note: expanded from macro 'rb_intern'
 1826 |         __extension__ (RUBY_CONST_ID_CACHE((ID), (str))) : \
      |                        ^~~~~~~~~~~~~~~~~~~~~~~~~~~~~~~~
/Library/Developer/CommandLineTools/SDKs/MacOSX.sdk/System/Library/Frameworks/Ruby.framework/Versions/2.6/usr/include/ruby-2.6.0/ruby/ruby.h:1811:5: note: expanded from macro 'RUBY_CONST_ID_CACHE'
 1811 |     {                                                   \
      |     ^
Variadic.c:160:52: warning: '}' and ')' tokens terminating statement expression appear in different macro expansion contexts [-Wcompound-token-split-by-macro]
  160 |         VALUE typeName = rb_funcall2(rbReturnType, rb_intern("inspect"), 0, NULL);
      |                                                    ^~~~~~~~~~~~~~~~~~~~
/Library/Developer/CommandLineTools/SDKs/MacOSX.sdk/System/Library/Frameworks/Ruby.framework/Versions/2.6/usr/include/ruby-2.6.0/ruby/ruby.h:1826:24: note: expanded from macro 'rb_intern'
 1826 |         __extension__ (RUBY_CONST_ID_CACHE((ID), (str))) : \
      |                        ^~~~~~~~~~~~~~~~~~~~~~~~~~~~~~~~
/Library/Developer/CommandLineTools/SDKs/MacOSX.sdk/System/Library/Frameworks/Ruby.framework/Versions/2.6/usr/include/ruby-2.6.0/ruby/ruby.h:1816:5: note: expanded from macro 'RUBY_CONST_ID_CACHE'
 1816 |     }
      |     ^
Variadic.c:160:52: note: ')' token is here
  160 |         VALUE typeName = rb_funcall2(rbReturnType, rb_intern("inspect"), 0, NULL);
      |                                                    ^~~~~~~~~~~~~~~~~~~~
/Library/Developer/CommandLineTools/SDKs/MacOSX.sdk/System/Library/Frameworks/Ruby.framework/Versions/2.6/usr/include/ruby-2.6.0/ruby/ruby.h:1826:56: note: expanded from macro 'rb_intern'
 1826 |         __extension__ (RUBY_CONST_ID_CACHE((ID), (str))) : \
      |                                                        ^
Variadic.c:175:49: warning: '(' and '{' tokens introducing statement expression appear in different macro expansion contexts [-Wcompound-token-split-by-macro]
  175 |             VALUE typeName = rb_funcall2(entry, rb_intern("inspect"), 0, NULL);
      |                                                 ^~~~~~~~~~~~~~~~~~~~
/Library/Developer/CommandLineTools/SDKs/MacOSX.sdk/System/Library/Frameworks/Ruby.framework/Versions/2.6/usr/include/ruby-2.6.0/ruby/ruby.h:1826:23: note: expanded from macro 'rb_intern'
 1826 |         __extension__ (RUBY_CONST_ID_CACHE((ID), (str))) : \
      |                       ^
Variadic.c:175:49: note: '{' token is here
  175 |             VALUE typeName = rb_funcall2(entry, rb_intern("inspect"), 0, NULL);
      |                                                 ^~~~~~~~~~~~~~~~~~~~
/Library/Developer/CommandLineTools/SDKs/MacOSX.sdk/System/Library/Frameworks/Ruby.framework/Versions/2.6/usr/include/ruby-2.6.0/ruby/ruby.h:1826:24: note: expanded from macro 'rb_intern'
 1826 |         __extension__ (RUBY_CONST_ID_CACHE((ID), (str))) : \
      |                        ^~~~~~~~~~~~~~~~~~~~~~~~~~~~~~~~
/Library/Developer/CommandLineTools/SDKs/MacOSX.sdk/System/Library/Frameworks/Ruby.framework/Versions/2.6/usr/include/ruby-2.6.0/ruby/ruby.h:1811:5: note: expanded from macro 'RUBY_CONST_ID_CACHE'
 1811 |     {                                                   \
      |     ^
Variadic.c:175:49: warning: '}' and ')' tokens terminating statement expression appear in different macro expansion contexts [-Wcompound-token-split-by-macro]
  175 |             VALUE typeName = rb_funcall2(entry, rb_intern("inspect"), 0, NULL);
      |                                                 ^~~~~~~~~~~~~~~~~~~~
/Library/Developer/CommandLineTools/SDKs/MacOSX.sdk/System/Library/Frameworks/Ruby.framework/Versions/2.6/usr/include/ruby-2.6.0/ruby/ruby.h:1826:24: note: expanded from macro 'rb_intern'
 1826 |         __extension__ (RUBY_CONST_ID_CACHE((ID), (str))) : \
      |                        ^~~~~~~~~~~~~~~~~~~~~~~~~~~~~~~~
/Library/Developer/CommandLineTools/SDKs/MacOSX.sdk/System/Library/Frameworks/Ruby.framework/Versions/2.6/usr/include/ruby-2.6.0/ruby/ruby.h:1816:5: note: expanded from macro 'RUBY_CONST_ID_CACHE'
 1816 |     }
      |     ^
Variadic.c:175:49: note: ')' token is here
  175 |             VALUE typeName = rb_funcall2(entry, rb_intern("inspect"), 0, NULL);
      |                                                 ^~~~~~~~~~~~~~~~~~~~
/Library/Developer/CommandLineTools/SDKs/MacOSX.sdk/System/Library/Frameworks/Ruby.framework/Versions/2.6/usr/include/ruby-2.6.0/ruby/ruby.h:1826:56: note: expanded from macro 'rb_intern'
 1826 |         __extension__ (RUBY_CONST_ID_CACHE((ID), (str))) : \
      |                                                        ^
Variadic.c:187:63: warning: '(' and '{' tokens introducing statement expression appear in different macro expansion contexts [-Wcompound-token-split-by-macro]
  187 |     rb_iv_set(self, "@type_map", rb_hash_aref(options, ID2SYM(rb_intern("type_map"))));
      |                                                               ^~~~~~~~~~~~~~~~~~~~~
/Library/Developer/CommandLineTools/SDKs/MacOSX.sdk/System/Library/Frameworks/Ruby.framework/Versions/2.6/usr/include/ruby-2.6.0/ruby/ruby.h:1826:23: note: expanded from macro 'rb_intern'
 1826 |         __extension__ (RUBY_CONST_ID_CACHE((ID), (str))) : \
      |                       ^
/Library/Developer/CommandLineTools/SDKs/MacOSX.sdk/System/Library/Frameworks/Ruby.framework/Versions/2.6/usr/include/ruby-2.6.0/ruby/ruby.h:413:29: note: expanded from macro 'ID2SYM'
  413 | #define ID2SYM(x) RB_ID2SYM(x)
      |                             ^
/Library/Developer/CommandLineTools/SDKs/MacOSX.sdk/System/Library/Frameworks/Ruby.framework/Versions/2.6/usr/include/ruby-2.6.0/ruby/ruby.h:408:33: note: expanded from macro 'RB_ID2SYM'
  408 | #define RB_ID2SYM(x) (rb_id2sym(x))
      |                                 ^
Variadic.c:187:63: note: '{' token is here
  187 |     rb_iv_set(self, "@type_map", rb_hash_aref(options, ID2SYM(rb_intern("type_map"))));
      |                                                               ^~~~~~~~~~~~~~~~~~~~~
/Library/Developer/CommandLineTools/SDKs/MacOSX.sdk/System/Library/Frameworks/Ruby.framework/Versions/2.6/usr/include/ruby-2.6.0/ruby/ruby.h:1826:24: note: expanded from macro 'rb_intern'
 1826 |         __extension__ (RUBY_CONST_ID_CACHE((ID), (str))) : \
      |                        ^~~~~~~~~~~~~~~~~~~~~~~~~~~~~~~~
/Library/Developer/CommandLineTools/SDKs/MacOSX.sdk/System/Library/Frameworks/Ruby.framework/Versions/2.6/usr/include/ruby-2.6.0/ruby/ruby.h:1811:5: note: expanded from macro 'RUBY_CONST_ID_CACHE'
 1811 |     {                                                   \
      |     ^
/Library/Developer/CommandLineTools/SDKs/MacOSX.sdk/System/Library/Frameworks/Ruby.framework/Versions/2.6/usr/include/ruby-2.6.0/ruby/ruby.h:413:29: note: expanded from macro 'ID2SYM'
  413 | #define ID2SYM(x) RB_ID2SYM(x)
      |                             ^
/Library/Developer/CommandLineTools/SDKs/MacOSX.sdk/System/Library/Frameworks/Ruby.framework/Versions/2.6/usr/include/ruby-2.6.0/ruby/ruby.h:408:33: note: expanded from macro 'RB_ID2SYM'
  408 | #define RB_ID2SYM(x) (rb_id2sym(x))
      |                                 ^
Variadic.c:187:63: warning: '}' and ')' tokens terminating statement expression appear in different macro expansion contexts [-Wcompound-token-split-by-macro]
  187 |     rb_iv_set(self, "@type_map", rb_hash_aref(options, ID2SYM(rb_intern("type_map"))));
      |                                                               ^~~~~~~~~~~~~~~~~~~~~
/Library/Developer/CommandLineTools/SDKs/MacOSX.sdk/System/Library/Frameworks/Ruby.framework/Versions/2.6/usr/include/ruby-2.6.0/ruby/ruby.h:1826:24: note: expanded from macro 'rb_intern'
 1826 |         __extension__ (RUBY_CONST_ID_CACHE((ID), (str))) : \
      |                        ^~~~~~~~~~~~~~~~~~~~~~~~~~~~~~~~
/Library/Developer/CommandLineTools/SDKs/MacOSX.sdk/System/Library/Frameworks/Ruby.framework/Versions/2.6/usr/include/ruby-2.6.0/ruby/ruby.h:1816:5: note: expanded from macro 'RUBY_CONST_ID_CACHE'
 1816 |     }
      |     ^
/Library/Developer/CommandLineTools/SDKs/MacOSX.sdk/System/Library/Frameworks/Ruby.framework/Versions/2.6/usr/include/ruby-2.6.0/ruby/ruby.h:413:29: note: expanded from macro 'ID2SYM'
  413 | #define ID2SYM(x) RB_ID2SYM(x)
      |                             ^
/Library/Developer/CommandLineTools/SDKs/MacOSX.sdk/System/Library/Frameworks/Ruby.framework/Versions/2.6/usr/include/ruby-2.6.0/ruby/ruby.h:408:33: note: expanded from macro 'RB_ID2SYM'
  408 | #define RB_ID2SYM(x) (rb_id2sym(x))
      |                                 ^
Variadic.c:187:63: note: ')' token is here
  187 |     rb_iv_set(self, "@type_map", rb_hash_aref(options, ID2SYM(rb_intern("type_map"))));
      |                                                               ^~~~~~~~~~~~~~~~~~~~~
/Library/Developer/CommandLineTools/SDKs/MacOSX.sdk/System/Library/Frameworks/Ruby.framework/Versions/2.6/usr/include/ruby-2.6.0/ruby/ruby.h:1826:56: note: expanded from macro 'rb_intern'
 1826 |         __extension__ (RUBY_CONST_ID_CACHE((ID), (str))) : \
      |                                                        ^
/Library/Developer/CommandLineTools/SDKs/MacOSX.sdk/System/Library/Frameworks/Ruby.framework/Versions/2.6/usr/include/ruby-2.6.0/ruby/ruby.h:413:29: note: expanded from macro 'ID2SYM'
  413 | #define ID2SYM(x) RB_ID2SYM(x)
      |                             ^
/Library/Developer/CommandLineTools/SDKs/MacOSX.sdk/System/Library/Frameworks/Ruby.framework/Versions/2.6/usr/include/ruby-2.6.0/ruby/ruby.h:408:33: note: expanded from macro 'RB_ID2SYM'
  408 | #define RB_ID2SYM(x) (rb_id2sym(x))
      |                                 ^
Variadic.c:235:56: warning: '(' and '{' tokens introducing statement expression appear in different macro expansion contexts [-Wcompound-token-split-by-macro]
  235 |                 rbType = rb_const_get(rbffi_TypeClass, rb_intern("INT32"));
      |                                                        ^~~~~~~~~~~~~~~~~~
/Library/Developer/CommandLineTools/SDKs/MacOSX.sdk/System/Library/Frameworks/Ruby.framework/Versions/2.6/usr/include/ruby-2.6.0/ruby/ruby.h:1826:23: note: expanded from macro 'rb_intern'
 1826 |         __extension__ (RUBY_CONST_ID_CACHE((ID), (str))) : \
      |                       ^
Variadic.c:235:56: note: '{' token is here
  235 |                 rbType = rb_const_get(rbffi_TypeClass, rb_intern("INT32"));
      |                                                        ^~~~~~~~~~~~~~~~~~
/Library/Developer/CommandLineTools/SDKs/MacOSX.sdk/System/Library/Frameworks/Ruby.framework/Versions/2.6/usr/include/ruby-2.6.0/ruby/ruby.h:1826:24: note: expanded from macro 'rb_intern'
 1826 |         __extension__ (RUBY_CONST_ID_CACHE((ID), (str))) : \
      |                        ^~~~~~~~~~~~~~~~~~~~~~~~~~~~~~~~
/Library/Developer/CommandLineTools/SDKs/MacOSX.sdk/System/Library/Frameworks/Ruby.framework/Versions/2.6/usr/include/ruby-2.6.0/ruby/ruby.h:1811:5: note: expanded from macro 'RUBY_CONST_ID_CACHE'
 1811 |     {                                                   \
      |     ^
Variadic.c:235:56: warning: '}' and ')' tokens terminating statement expression appear in different macro expansion contexts [-Wcompound-token-split-by-macro]
  235 |                 rbType = rb_const_get(rbffi_TypeClass, rb_intern("INT32"));
      |                                                        ^~~~~~~~~~~~~~~~~~
/Library/Developer/CommandLineTools/SDKs/MacOSX.sdk/System/Library/Frameworks/Ruby.framework/Versions/2.6/usr/include/ruby-2.6.0/ruby/ruby.h:1826:24: note: expanded from macro 'rb_intern'
 1826 |         __extension__ (RUBY_CONST_ID_CACHE((ID), (str))) : \
      |                        ^~~~~~~~~~~~~~~~~~~~~~~~~~~~~~~~
/Library/Developer/CommandLineTools/SDKs/MacOSX.sdk/System/Library/Frameworks/Ruby.framework/Versions/2.6/usr/include/ruby-2.6.0/ruby/ruby.h:1816:5: note: expanded from macro 'RUBY_CONST_ID_CACHE'
 1816 |     }
      |     ^
Variadic.c:235:56: note: ')' token is here
  235 |                 rbType = rb_const_get(rbffi_TypeClass, rb_intern("INT32"));
      |                                                        ^~~~~~~~~~~~~~~~~~
/Library/Developer/CommandLineTools/SDKs/MacOSX.sdk/System/Library/Frameworks/Ruby.framework/Versions/2.6/usr/include/ruby-2.6.0/ruby/ruby.h:1826:56: note: expanded from macro 'rb_intern'
 1826 |         __extension__ (RUBY_CONST_ID_CACHE((ID), (str))) : \
      |                                                        ^
Variadic.c:241:56: warning: '(' and '{' tokens introducing statement expression appear in different macro expansion contexts [-Wcompound-token-split-by-macro]
  241 |                 rbType = rb_const_get(rbffi_TypeClass, rb_intern("UINT32"));
      |                                                        ^~~~~~~~~~~~~~~~~~~
/Library/Developer/CommandLineTools/SDKs/MacOSX.sdk/System/Library/Frameworks/Ruby.framework/Versions/2.6/usr/include/ruby-2.6.0/ruby/ruby.h:1826:23: note: expanded from macro 'rb_intern'
 1826 |         __extension__ (RUBY_CONST_ID_CACHE((ID), (str))) : \
      |                       ^
Variadic.c:241:56: note: '{' token is here
  241 |                 rbType = rb_const_get(rbffi_TypeClass, rb_intern("UINT32"));
      |                                                        ^~~~~~~~~~~~~~~~~~~
/Library/Developer/CommandLineTools/SDKs/MacOSX.sdk/System/Library/Frameworks/Ruby.framework/Versions/2.6/usr/include/ruby-2.6.0/ruby/ruby.h:1826:24: note: expanded from macro 'rb_intern'
 1826 |         __extension__ (RUBY_CONST_ID_CACHE((ID), (str))) : \
      |                        ^~~~~~~~~~~~~~~~~~~~~~~~~~~~~~~~
/Library/Developer/CommandLineTools/SDKs/MacOSX.sdk/System/Library/Frameworks/Ruby.framework/Versions/2.6/usr/include/ruby-2.6.0/ruby/ruby.h:1811:5: note: expanded from macro 'RUBY_CONST_ID_CACHE'
 1811 |     {                                                   \
      |     ^
Variadic.c:241:56: warning: '}' and ')' tokens terminating statement expression appear in different macro expansion contexts [-Wcompound-token-split-by-macro]
  241 |                 rbType = rb_const_get(rbffi_TypeClass, rb_intern("UINT32"));
      |                                                        ^~~~~~~~~~~~~~~~~~~
/Library/Developer/CommandLineTools/SDKs/MacOSX.sdk/System/Library/Frameworks/Ruby.framework/Versions/2.6/usr/include/ruby-2.6.0/ruby/ruby.h:1826:24: note: expanded from macro 'rb_intern'
 1826 |         __extension__ (RUBY_CONST_ID_CACHE((ID), (str))) : \
      |                        ^~~~~~~~~~~~~~~~~~~~~~~~~~~~~~~~
/Library/Developer/CommandLineTools/SDKs/MacOSX.sdk/System/Library/Frameworks/Ruby.framework/Versions/2.6/usr/include/ruby-2.6.0/ruby/ruby.h:1816:5: note: expanded from macro 'RUBY_CONST_ID_CACHE'
 1816 |     }
      |     ^
Variadic.c:241:56: note: ')' token is here
  241 |                 rbType = rb_const_get(rbffi_TypeClass, rb_intern("UINT32"));
      |                                                        ^~~~~~~~~~~~~~~~~~~
/Library/Developer/CommandLineTools/SDKs/MacOSX.sdk/System/Library/Frameworks/Ruby.framework/Versions/2.6/usr/include/ruby-2.6.0/ruby/ruby.h:1826:56: note: expanded from macro 'rb_intern'
 1826 |         __extension__ (RUBY_CONST_ID_CACHE((ID), (str))) : \
      |                                                        ^
Variadic.c:246:56: warning: '(' and '{' tokens introducing statement expression appear in different macro expansion contexts [-Wcompound-token-split-by-macro]
  246 |                 rbType = rb_const_get(rbffi_TypeClass, rb_intern("DOUBLE"));
      |                                                        ^~~~~~~~~~~~~~~~~~~
/Library/Developer/CommandLineTools/SDKs/MacOSX.sdk/System/Library/Frameworks/Ruby.framework/Versions/2.6/usr/include/ruby-2.6.0/ruby/ruby.h:1826:23: note: expanded from macro 'rb_intern'
 1826 |         __extension__ (RUBY_CONST_ID_CACHE((ID), (str))) : \
      |                       ^
Variadic.c:246:56: note: '{' token is here
  246 |                 rbType = rb_const_get(rbffi_TypeClass, rb_intern("DOUBLE"));
      |                                                        ^~~~~~~~~~~~~~~~~~~
/Library/Developer/CommandLineTools/SDKs/MacOSX.sdk/System/Library/Frameworks/Ruby.framework/Versions/2.6/usr/include/ruby-2.6.0/ruby/ruby.h:1826:24: note: expanded from macro 'rb_intern'
 1826 |         __extension__ (RUBY_CONST_ID_CACHE((ID), (str))) : \
      |                        ^~~~~~~~~~~~~~~~~~~~~~~~~~~~~~~~
/Library/Developer/CommandLineTools/SDKs/MacOSX.sdk/System/Library/Frameworks/Ruby.framework/Versions/2.6/usr/include/ruby-2.6.0/ruby/ruby.h:1811:5: note: expanded from macro 'RUBY_CONST_ID_CACHE'
 1811 |     {                                                   \
      |     ^
Variadic.c:246:56: warning: '}' and ')' tokens terminating statement expression appear in different macro expansion contexts [-Wcompound-token-split-by-macro]
  246 |                 rbType = rb_const_get(rbffi_TypeClass, rb_intern("DOUBLE"));
      |                                                        ^~~~~~~~~~~~~~~~~~~
/Library/Developer/CommandLineTools/SDKs/MacOSX.sdk/System/Library/Frameworks/Ruby.framework/Versions/2.6/usr/include/ruby-2.6.0/ruby/ruby.h:1826:24: note: expanded from macro 'rb_intern'
 1826 |         __extension__ (RUBY_CONST_ID_CACHE((ID), (str))) : \
      |                        ^~~~~~~~~~~~~~~~~~~~~~~~~~~~~~~~
/Library/Developer/CommandLineTools/SDKs/MacOSX.sdk/System/Library/Frameworks/Ruby.framework/Versions/2.6/usr/include/ruby-2.6.0/ruby/ruby.h:1816:5: note: expanded from macro 'RUBY_CONST_ID_CACHE'
 1816 |     }
      |     ^
Variadic.c:246:56: note: ')' token is here
  246 |                 rbType = rb_const_get(rbffi_TypeClass, rb_intern("DOUBLE"));
      |                                                        ^~~~~~~~~~~~~~~~~~~
/Library/Developer/CommandLineTools/SDKs/MacOSX.sdk/System/Library/Frameworks/Ruby.framework/Versions/2.6/usr/include/ruby-2.6.0/ruby/ruby.h:1826:56: note: expanded from macro 'rb_intern'
 1826 |         __extension__ (RUBY_CONST_ID_CACHE((ID), (str))) : \
      |                                                        ^
Variadic.c:252:58: warning: '(' and '{' tokens introducing statement expression appear in different macro expansion contexts [-Wcompound-token-split-by-macro]
  252 |                     VALUE typeName = rb_funcall2(rbType, rb_intern("inspect"), 0, NULL);
      |                                                          ^~~~~~~~~~~~~~~~~~~~
/Library/Developer/CommandLineTools/SDKs/MacOSX.sdk/System/Library/Frameworks/Ruby.framework/Versions/2.6/usr/include/ruby-2.6.0/ruby/ruby.h:1826:23: note: expanded from macro 'rb_intern'
 1826 |         __extension__ (RUBY_CONST_ID_CACHE((ID), (str))) : \
      |                       ^
Variadic.c:252:58: note: '{' token is here
  252 |                     VALUE typeName = rb_funcall2(rbType, rb_intern("inspect"), 0, NULL);
      |                                                          ^~~~~~~~~~~~~~~~~~~~
/Library/Developer/CommandLineTools/SDKs/MacOSX.sdk/System/Library/Frameworks/Ruby.framework/Versions/2.6/usr/include/ruby-2.6.0/ruby/ruby.h:1826:24: note: expanded from macro 'rb_intern'
 1826 |         __extension__ (RUBY_CONST_ID_CACHE((ID), (str))) : \
      |                        ^~~~~~~~~~~~~~~~~~~~~~~~~~~~~~~~
/Library/Developer/CommandLineTools/SDKs/MacOSX.sdk/System/Library/Frameworks/Ruby.framework/Versions/2.6/usr/include/ruby-2.6.0/ruby/ruby.h:1811:5: note: expanded from macro 'RUBY_CONST_ID_CACHE'
 1811 |     {                                                   \
      |     ^
Variadic.c:252:58: warning: '}' and ')' tokens terminating statement expression appear in different macro expansion contexts [-Wcompound-token-split-by-macro]
  252 |                     VALUE typeName = rb_funcall2(rbType, rb_intern("inspect"), 0, NULL);
      |                                                          ^~~~~~~~~~~~~~~~~~~~
/Library/Developer/CommandLineTools/SDKs/MacOSX.sdk/System/Library/Frameworks/Ruby.framework/Versions/2.6/usr/include/ruby-2.6.0/ruby/ruby.h:1826:24: note: expanded from macro 'rb_intern'
 1826 |         __extension__ (RUBY_CONST_ID_CACHE((ID), (str))) : \
      |                        ^~~~~~~~~~~~~~~~~~~~~~~~~~~~~~~~
/Library/Developer/CommandLineTools/SDKs/MacOSX.sdk/System/Library/Frameworks/Ruby.framework/Versions/2.6/usr/include/ruby-2.6.0/ruby/ruby.h:1816:5: note: expanded from macro 'RUBY_CONST_ID_CACHE'
 1816 |     }
      |     ^
Variadic.c:252:58: note: ')' token is here
  252 |                     VALUE typeName = rb_funcall2(rbType, rb_intern("inspect"), 0, NULL);
      |                                                          ^~~~~~~~~~~~~~~~~~~~
/Library/Developer/CommandLineTools/SDKs/MacOSX.sdk/System/Library/Frameworks/Ruby.framework/Versions/2.6/usr/include/ruby-2.6.0/ruby/ruby.h:1826:56: note: expanded from macro 'rb_intern'
 1826 |         __extension__ (RUBY_CONST_ID_CACHE((ID), (str))) : \
      |                                                        ^
20 warnings generated.
compiling ffi.c
linking shared-object ffi_c.bundle
ld: warning: search path '/AppleInternal/Library/BuildRoots/4~B6shugC-pBw2FFwMVaDEXpw0Mr2FHeLtgpupfQ8/Applications/Xcode.app/Contents/Developer/Platforms/MacOSX.platform/Developer/SDKs/MacOSX26.0.Internal.sdk/usr/local/lib' not found

current directory: /Users/simonepernice/Desktop/GIT/R_packages_project/gitPage/epimod/vendor/bundle/ruby/2.6.0/gems/ffi-1.17.3/ext/ffi_c
make "DESTDIR=" install
cd "/Users/simonepernice/Desktop/GIT/R_packages_project/gitPage/epimod/vendor/bundle/ruby/2.6.0/gems/ffi-1.17.3/ext/ffi_c/libffi-universal-darwin25" && /Library/Developer/CommandLineTools/usr/bin/make
/Library/Developer/CommandLineTools/usr/bin/make  all-recursive
Making all in include
make[3]: Nothing to be done for `all'.
Making all in testsuite
make[3]: Nothing to be done for `all'.
Making all in man
make[3]: Nothing to be done for `all'.
make[3]: Nothing to be done for `all-am'.
compiling AbstractMemory.c
AbstractMemory.c:1125:17: warning: '(' and '{' tokens introducing statement expression appear in different macro expansion contexts [-Wcompound-token-split-by-macro]
 1125 |     id_to_ptr = rb_intern("to_ptr");
      |                 ^~~~~~~~~~~~~~~~~~~
/Library/Developer/CommandLineTools/SDKs/MacOSX.sdk/System/Library/Frameworks/Ruby.framework/Versions/2.6/usr/include/ruby-2.6.0/ruby/ruby.h:1826:23: note: expanded from macro 'rb_intern'
 1826 |         __extension__ (RUBY_CONST_ID_CACHE((ID), (str))) : \
      |                       ^
AbstractMemory.c:1125:17: note: '{' token is here
 1125 |     id_to_ptr = rb_intern("to_ptr");
      |                 ^~~~~~~~~~~~~~~~~~~
/Library/Developer/CommandLineTools/SDKs/MacOSX.sdk/System/Library/Frameworks/Ruby.framework/Versions/2.6/usr/include/ruby-2.6.0/ruby/ruby.h:1826:24: note: expanded from macro 'rb_intern'
 1826 |         __extension__ (RUBY_CONST_ID_CACHE((ID), (str))) : \
      |                        ^~~~~~~~~~~~~~~~~~~~~~~~~~~~~~~~
/Library/Developer/CommandLineTools/SDKs/MacOSX.sdk/System/Library/Frameworks/Ruby.framework/Versions/2.6/usr/include/ruby-2.6.0/ruby/ruby.h:1811:5: note: expanded from macro 'RUBY_CONST_ID_CACHE'
 1811 |     {                                                   \
      |     ^
AbstractMemory.c:1125:17: warning: '}' and ')' tokens terminating statement expression appear in different macro expansion contexts [-Wcompound-token-split-by-macro]
 1125 |     id_to_ptr = rb_intern("to_ptr");
      |                 ^~~~~~~~~~~~~~~~~~~
/Library/Developer/CommandLineTools/SDKs/MacOSX.sdk/System/Library/Frameworks/Ruby.framework/Versions/2.6/usr/include/ruby-2.6.0/ruby/ruby.h:1826:24: note: expanded from macro 'rb_intern'
 1826 |         __extension__ (RUBY_CONST_ID_CACHE((ID), (str))) : \
      |                        ^~~~~~~~~~~~~~~~~~~~~~~~~~~~~~~~
/Library/Developer/CommandLineTools/SDKs/MacOSX.sdk/System/Library/Frameworks/Ruby.framework/Versions/2.6/usr/include/ruby-2.6.0/ruby/ruby.h:1816:5: note: expanded from macro 'RUBY_CONST_ID_CACHE'
 1816 |     }
      |     ^
AbstractMemory.c:1125:17: note: ')' token is here
 1125 |     id_to_ptr = rb_intern("to_ptr");
      |                 ^~~~~~~~~~~~~~~~~~~
/Library/Developer/CommandLineTools/SDKs/MacOSX.sdk/System/Library/Frameworks/Ruby.framework/Versions/2.6/usr/include/ruby-2.6.0/ruby/ruby.h:1826:56: note: expanded from macro 'rb_intern'
 1826 |         __extension__ (RUBY_CONST_ID_CACHE((ID), (str))) : \
      |                                                        ^
AbstractMemory.c:1126:15: warning: '(' and '{' tokens introducing statement expression appear in different macro expansion contexts [-Wcompound-token-split-by-macro]
 1126 |     id_call = rb_intern("call");
      |               ^~~~~~~~~~~~~~~~~
/Library/Developer/CommandLineTools/SDKs/MacOSX.sdk/System/Library/Frameworks/Ruby.framework/Versions/2.6/usr/include/ruby-2.6.0/ruby/ruby.h:1826:23: note: expanded from macro 'rb_intern'
 1826 |         __extension__ (RUBY_CONST_ID_CACHE((ID), (str))) : \
      |                       ^
AbstractMemory.c:1126:15: note: '{' token is here
 1126 |     id_call = rb_intern("call");
      |               ^~~~~~~~~~~~~~~~~
/Library/Developer/CommandLineTools/SDKs/MacOSX.sdk/System/Library/Frameworks/Ruby.framework/Versions/2.6/usr/include/ruby-2.6.0/ruby/ruby.h:1826:24: note: expanded from macro 'rb_intern'
 1826 |         __extension__ (RUBY_CONST_ID_CACHE((ID), (str))) : \
      |                        ^~~~~~~~~~~~~~~~~~~~~~~~~~~~~~~~
/Library/Developer/CommandLineTools/SDKs/MacOSX.sdk/System/Library/Frameworks/Ruby.framework/Versions/2.6/usr/include/ruby-2.6.0/ruby/ruby.h:1811:5: note: expanded from macro 'RUBY_CONST_ID_CACHE'
 1811 |     {                                                   \
      |     ^
AbstractMemory.c:1126:15: warning: '}' and ')' tokens terminating statement expression appear in different macro expansion contexts [-Wcompound-token-split-by-macro]
 1126 |     id_call = rb_intern("call");
      |               ^~~~~~~~~~~~~~~~~
/Library/Developer/CommandLineTools/SDKs/MacOSX.sdk/System/Library/Frameworks/Ruby.framework/Versions/2.6/usr/include/ruby-2.6.0/ruby/ruby.h:1826:24: note: expanded from macro 'rb_intern'
 1826 |         __extension__ (RUBY_CONST_ID_CACHE((ID), (str))) : \
      |                        ^~~~~~~~~~~~~~~~~~~~~~~~~~~~~~~~
/Library/Developer/CommandLineTools/SDKs/MacOSX.sdk/System/Library/Frameworks/Ruby.framework/Versions/2.6/usr/include/ruby-2.6.0/ruby/ruby.h:1816:5: note: expanded from macro 'RUBY_CONST_ID_CACHE'
 1816 |     }
      |     ^
AbstractMemory.c:1126:15: note: ')' token is here
 1126 |     id_call = rb_intern("call");
      |               ^~~~~~~~~~~~~~~~~
/Library/Developer/CommandLineTools/SDKs/MacOSX.sdk/System/Library/Frameworks/Ruby.framework/Versions/2.6/usr/include/ruby-2.6.0/ruby/ruby.h:1826:56: note: expanded from macro 'rb_intern'
 1826 |         __extension__ (RUBY_CONST_ID_CACHE((ID), (str))) : \
      |                                                        ^
AbstractMemory.c:1127:15: warning: '(' and '{' tokens introducing statement expression appear in different macro expansion contexts [-Wcompound-token-split-by-macro]
 1127 |     id_plus = rb_intern("+");
      |               ^~~~~~~~~~~~~~
/Library/Developer/CommandLineTools/SDKs/MacOSX.sdk/System/Library/Frameworks/Ruby.framework/Versions/2.6/usr/include/ruby-2.6.0/ruby/ruby.h:1826:23: note: expanded from macro 'rb_intern'
 1826 |         __extension__ (RUBY_CONST_ID_CACHE((ID), (str))) : \
      |                       ^
AbstractMemory.c:1127:15: note: '{' token is here
 1127 |     id_plus = rb_intern("+");
      |               ^~~~~~~~~~~~~~
/Library/Developer/CommandLineTools/SDKs/MacOSX.sdk/System/Library/Frameworks/Ruby.framework/Versions/2.6/usr/include/ruby-2.6.0/ruby/ruby.h:1826:24: note: expanded from macro 'rb_intern'
 1826 |         __extension__ (RUBY_CONST_ID_CACHE((ID), (str))) : \
      |                        ^~~~~~~~~~~~~~~~~~~~~~~~~~~~~~~~
/Library/Developer/CommandLineTools/SDKs/MacOSX.sdk/System/Library/Frameworks/Ruby.framework/Versions/2.6/usr/include/ruby-2.6.0/ruby/ruby.h:1811:5: note: expanded from macro 'RUBY_CONST_ID_CACHE'
 1811 |     {                                                   \
      |     ^
AbstractMemory.c:1127:15: warning: '}' and ')' tokens terminating statement expression appear in different macro expansion contexts [-Wcompound-token-split-by-macro]
 1127 |     id_plus = rb_intern("+");
      |               ^~~~~~~~~~~~~~
/Library/Developer/CommandLineTools/SDKs/MacOSX.sdk/System/Library/Frameworks/Ruby.framework/Versions/2.6/usr/include/ruby-2.6.0/ruby/ruby.h:1826:24: note: expanded from macro 'rb_intern'
 1826 |         __extension__ (RUBY_CONST_ID_CACHE((ID), (str))) : \
      |                        ^~~~~~~~~~~~~~~~~~~~~~~~~~~~~~~~
/Library/Developer/CommandLineTools/SDKs/MacOSX.sdk/System/Library/Frameworks/Ruby.framework/Versions/2.6/usr/include/ruby-2.6.0/ruby/ruby.h:1816:5: note: expanded from macro 'RUBY_CONST_ID_CACHE'
 1816 |     }
      |     ^
AbstractMemory.c:1127:15: note: ')' token is here
 1127 |     id_plus = rb_intern("+");
      |               ^~~~~~~~~~~~~~
/Library/Developer/CommandLineTools/SDKs/MacOSX.sdk/System/Library/Frameworks/Ruby.framework/Versions/2.6/usr/include/ruby-2.6.0/ruby/ruby.h:1826:56: note: expanded from macro 'rb_intern'
 1826 |         __extension__ (RUBY_CONST_ID_CACHE((ID), (str))) : \
      |                                                        ^
6 warnings generated.
compiling ArrayType.c
compiling Buffer.c
Buffer.c:293:45: warning: '(' and '{' tokens introducing statement expression appear in different macro expansion contexts [-Wcompound-token-split-by-macro]
  293 |         return order == BIG_ENDIAN ? ID2SYM(rb_intern("big")) : ID2SYM(rb_intern("little"));
      |                                             ^~~~~~~~~~~~~~~~
/Library/Developer/CommandLineTools/SDKs/MacOSX.sdk/System/Library/Frameworks/Ruby.framework/Versions/2.6/usr/include/ruby-2.6.0/ruby/ruby.h:1826:23: note: expanded from macro 'rb_intern'
 1826 |         __extension__ (RUBY_CONST_ID_CACHE((ID), (str))) : \
      |                       ^
/Library/Developer/CommandLineTools/SDKs/MacOSX.sdk/System/Library/Frameworks/Ruby.framework/Versions/2.6/usr/include/ruby-2.6.0/ruby/ruby.h:413:29: note: expanded from macro 'ID2SYM'
  413 | #define ID2SYM(x) RB_ID2SYM(x)
      |                             ^
/Library/Developer/CommandLineTools/SDKs/MacOSX.sdk/System/Library/Frameworks/Ruby.framework/Versions/2.6/usr/include/ruby-2.6.0/ruby/ruby.h:408:33: note: expanded from macro 'RB_ID2SYM'
  408 | #define RB_ID2SYM(x) (rb_id2sym(x))
      |                                 ^
Buffer.c:293:45: note: '{' token is here
  293 |         return order == BIG_ENDIAN ? ID2SYM(rb_intern("big")) : ID2SYM(rb_intern("little"));
      |                                             ^~~~~~~~~~~~~~~~
/Library/Developer/CommandLineTools/SDKs/MacOSX.sdk/System/Library/Frameworks/Ruby.framework/Versions/2.6/usr/include/ruby-2.6.0/ruby/ruby.h:1826:24: note: expanded from macro 'rb_intern'
 1826 |         __extension__ (RUBY_CONST_ID_CACHE((ID), (str))) : \
      |                        ^~~~~~~~~~~~~~~~~~~~~~~~~~~~~~~~
/Library/Developer/CommandLineTools/SDKs/MacOSX.sdk/System/Library/Frameworks/Ruby.framework/Versions/2.6/usr/include/ruby-2.6.0/ruby/ruby.h:1811:5: note: expanded from macro 'RUBY_CONST_ID_CACHE'
 1811 |     {                                                   \
      |     ^
/Library/Developer/CommandLineTools/SDKs/MacOSX.sdk/System/Library/Frameworks/Ruby.framework/Versions/2.6/usr/include/ruby-2.6.0/ruby/ruby.h:413:29: note: expanded from macro 'ID2SYM'
  413 | #define ID2SYM(x) RB_ID2SYM(x)
      |                             ^
/Library/Developer/CommandLineTools/SDKs/MacOSX.sdk/System/Library/Frameworks/Ruby.framework/Versions/2.6/usr/include/ruby-2.6.0/ruby/ruby.h:408:33: note: expanded from macro 'RB_ID2SYM'
  408 | #define RB_ID2SYM(x) (rb_id2sym(x))
      |                                 ^
Buffer.c:293:45: warning: '}' and ')' tokens terminating statement expression appear in different macro expansion contexts [-Wcompound-token-split-by-macro]
  293 |         return order == BIG_ENDIAN ? ID2SYM(rb_intern("big")) : ID2SYM(rb_intern("little"));
      |                                             ^~~~~~~~~~~~~~~~
/Library/Developer/CommandLineTools/SDKs/MacOSX.sdk/System/Library/Frameworks/Ruby.framework/Versions/2.6/usr/include/ruby-2.6.0/ruby/ruby.h:1826:24: note: expanded from macro 'rb_intern'
 1826 |         __extension__ (RUBY_CONST_ID_CACHE((ID), (str))) : \
      |                        ^~~~~~~~~~~~~~~~~~~~~~~~~~~~~~~~
/Library/Developer/CommandLineTools/SDKs/MacOSX.sdk/System/Library/Frameworks/Ruby.framework/Versions/2.6/usr/include/ruby-2.6.0/ruby/ruby.h:1816:5: note: expanded from macro 'RUBY_CONST_ID_CACHE'
 1816 |     }
      |     ^
/Library/Developer/CommandLineTools/SDKs/MacOSX.sdk/System/Library/Frameworks/Ruby.framework/Versions/2.6/usr/include/ruby-2.6.0/ruby/ruby.h:413:29: note: expanded from macro 'ID2SYM'
  413 | #define ID2SYM(x) RB_ID2SYM(x)
      |                             ^
/Library/Developer/CommandLineTools/SDKs/MacOSX.sdk/System/Library/Frameworks/Ruby.framework/Versions/2.6/usr/include/ruby-2.6.0/ruby/ruby.h:408:33: note: expanded from macro 'RB_ID2SYM'
  408 | #define RB_ID2SYM(x) (rb_id2sym(x))
      |                                 ^
Buffer.c:293:45: note: ')' token is here
  293 |         return order == BIG_ENDIAN ? ID2SYM(rb_intern("big")) : ID2SYM(rb_intern("little"));
      |                                             ^~~~~~~~~~~~~~~~
/Library/Developer/CommandLineTools/SDKs/MacOSX.sdk/System/Library/Frameworks/Ruby.framework/Versions/2.6/usr/include/ruby-2.6.0/ruby/ruby.h:1826:56: note: expanded from macro 'rb_intern'
 1826 |         __extension__ (RUBY_CONST_ID_CACHE((ID), (str))) : \
      |                                                        ^
/Library/Developer/CommandLineTools/SDKs/MacOSX.sdk/System/Library/Frameworks/Ruby.framework/Versions/2.6/usr/include/ruby-2.6.0/ruby/ruby.h:413:29: note: expanded from macro 'ID2SYM'
  413 | #define ID2SYM(x) RB_ID2SYM(x)
      |                             ^
/Library/Developer/CommandLineTools/SDKs/MacOSX.sdk/System/Library/Frameworks/Ruby.framework/Versions/2.6/usr/include/ruby-2.6.0/ruby/ruby.h:408:33: note: expanded from macro 'RB_ID2SYM'
  408 | #define RB_ID2SYM(x) (rb_id2sym(x))
      |                                 ^
Buffer.c:293:72: warning: '(' and '{' tokens introducing statement expression appear in different macro expansion contexts [-Wcompound-token-split-by-macro]
  293 |         return order == BIG_ENDIAN ? ID2SYM(rb_intern("big")) : ID2SYM(rb_intern("little"));
      |                                                                        ^~~~~~~~~~~~~~~~~~~
/Library/Developer/CommandLineTools/SDKs/MacOSX.sdk/System/Library/Frameworks/Ruby.framework/Versions/2.6/usr/include/ruby-2.6.0/ruby/ruby.h:1826:23: note: expanded from macro 'rb_intern'
 1826 |         __extension__ (RUBY_CONST_ID_CACHE((ID), (str))) : \
      |                       ^
/Library/Developer/CommandLineTools/SDKs/MacOSX.sdk/System/Library/Frameworks/Ruby.framework/Versions/2.6/usr/include/ruby-2.6.0/ruby/ruby.h:413:29: note: expanded from macro 'ID2SYM'
  413 | #define ID2SYM(x) RB_ID2SYM(x)
      |                             ^
/Library/Developer/CommandLineTools/SDKs/MacOSX.sdk/System/Library/Frameworks/Ruby.framework/Versions/2.6/usr/include/ruby-2.6.0/ruby/ruby.h:408:33: note: expanded from macro 'RB_ID2SYM'
  408 | #define RB_ID2SYM(x) (rb_id2sym(x))
      |                                 ^
Buffer.c:293:72: note: '{' token is here
  293 |         return order == BIG_ENDIAN ? ID2SYM(rb_intern("big")) : ID2SYM(rb_intern("little"));
      |                                                                        ^~~~~~~~~~~~~~~~~~~
/Library/Developer/CommandLineTools/SDKs/MacOSX.sdk/System/Library/Frameworks/Ruby.framework/Versions/2.6/usr/include/ruby-2.6.0/ruby/ruby.h:1826:24: note: expanded from macro 'rb_intern'
 1826 |         __extension__ (RUBY_CONST_ID_CACHE((ID), (str))) : \
      |                        ^~~~~~~~~~~~~~~~~~~~~~~~~~~~~~~~
/Library/Developer/CommandLineTools/SDKs/MacOSX.sdk/System/Library/Frameworks/Ruby.framework/Versions/2.6/usr/include/ruby-2.6.0/ruby/ruby.h:1811:5: note: expanded from macro 'RUBY_CONST_ID_CACHE'
 1811 |     {                                                   \
      |     ^
/Library/Developer/CommandLineTools/SDKs/MacOSX.sdk/System/Library/Frameworks/Ruby.framework/Versions/2.6/usr/include/ruby-2.6.0/ruby/ruby.h:413:29: note: expanded from macro 'ID2SYM'
  413 | #define ID2SYM(x) RB_ID2SYM(x)
      |                             ^
/Library/Developer/CommandLineTools/SDKs/MacOSX.sdk/System/Library/Frameworks/Ruby.framework/Versions/2.6/usr/include/ruby-2.6.0/ruby/ruby.h:408:33: note: expanded from macro 'RB_ID2SYM'
  408 | #define RB_ID2SYM(x) (rb_id2sym(x))
      |                                 ^
Buffer.c:293:72: warning: '}' and ')' tokens terminating statement expression appear in different macro expansion contexts [-Wcompound-token-split-by-macro]
  293 |         return order == BIG_ENDIAN ? ID2SYM(rb_intern("big")) : ID2SYM(rb_intern("little"));
      |                                                                        ^~~~~~~~~~~~~~~~~~~
/Library/Developer/CommandLineTools/SDKs/MacOSX.sdk/System/Library/Frameworks/Ruby.framework/Versions/2.6/usr/include/ruby-2.6.0/ruby/ruby.h:1826:24: note: expanded from macro 'rb_intern'
 1826 |         __extension__ (RUBY_CONST_ID_CACHE((ID), (str))) : \
      |                        ^~~~~~~~~~~~~~~~~~~~~~~~~~~~~~~~
/Library/Developer/CommandLineTools/SDKs/MacOSX.sdk/System/Library/Frameworks/Ruby.framework/Versions/2.6/usr/include/ruby-2.6.0/ruby/ruby.h:1816:5: note: expanded from macro 'RUBY_CONST_ID_CACHE'
 1816 |     }
      |     ^
/Library/Developer/CommandLineTools/SDKs/MacOSX.sdk/System/Library/Frameworks/Ruby.framework/Versions/2.6/usr/include/ruby-2.6.0/ruby/ruby.h:413:29: note: expanded from macro 'ID2SYM'
  413 | #define ID2SYM(x) RB_ID2SYM(x)
      |                             ^
/Library/Developer/CommandLineTools/SDKs/MacOSX.sdk/System/Library/Frameworks/Ruby.framework/Versions/2.6/usr/include/ruby-2.6.0/ruby/ruby.h:408:33: note: expanded from macro 'RB_ID2SYM'
  408 | #define RB_ID2SYM(x) (rb_id2sym(x))
      |                                 ^
Buffer.c:293:72: note: ')' token is here
  293 |         return order == BIG_ENDIAN ? ID2SYM(rb_intern("big")) : ID2SYM(rb_intern("little"));
      |                                                                        ^~~~~~~~~~~~~~~~~~~
/Library/Developer/CommandLineTools/SDKs/MacOSX.sdk/System/Library/Frameworks/Ruby.framework/Versions/2.6/usr/include/ruby-2.6.0/ruby/ruby.h:1826:56: note: expanded from macro 'rb_intern'
 1826 |         __extension__ (RUBY_CONST_ID_CACHE((ID), (str))) : \
      |                                                        ^
/Library/Developer/CommandLineTools/SDKs/MacOSX.sdk/System/Library/Frameworks/Ruby.framework/Versions/2.6/usr/include/ruby-2.6.0/ruby/ruby.h:413:29: note: expanded from macro 'ID2SYM'
  413 | #define ID2SYM(x) RB_ID2SYM(x)
      |                             ^
/Library/Developer/CommandLineTools/SDKs/MacOSX.sdk/System/Library/Frameworks/Ruby.framework/Versions/2.6/usr/include/ruby-2.6.0/ruby/ruby.h:408:33: note: expanded from macro 'RB_ID2SYM'
  408 | #define RB_ID2SYM(x) (rb_id2sym(x))
      |                                 ^
Buffer.c:303:23: warning: '(' and '{' tokens introducing statement expression appear in different macro expansion contexts [-Wcompound-token-split-by-macro]
  303 |             if (id == rb_intern("little")) {
      |                       ^~~~~~~~~~~~~~~~~~~
/Library/Developer/CommandLineTools/SDKs/MacOSX.sdk/System/Library/Frameworks/Ruby.framework/Versions/2.6/usr/include/ruby-2.6.0/ruby/ruby.h:1826:23: note: expanded from macro 'rb_intern'
 1826 |         __extension__ (RUBY_CONST_ID_CACHE((ID), (str))) : \
      |                       ^
Buffer.c:303:23: note: '{' token is here
  303 |             if (id == rb_intern("little")) {
      |                       ^~~~~~~~~~~~~~~~~~~
/Library/Developer/CommandLineTools/SDKs/MacOSX.sdk/System/Library/Frameworks/Ruby.framework/Versions/2.6/usr/include/ruby-2.6.0/ruby/ruby.h:1826:24: note: expanded from macro 'rb_intern'
 1826 |         __extension__ (RUBY_CONST_ID_CACHE((ID), (str))) : \
      |                        ^~~~~~~~~~~~~~~~~~~~~~~~~~~~~~~~
/Library/Developer/CommandLineTools/SDKs/MacOSX.sdk/System/Library/Frameworks/Ruby.framework/Versions/2.6/usr/include/ruby-2.6.0/ruby/ruby.h:1811:5: note: expanded from macro 'RUBY_CONST_ID_CACHE'
 1811 |     {                                                   \
      |     ^
Buffer.c:303:23: warning: '}' and ')' tokens terminating statement expression appear in different macro expansion contexts [-Wcompound-token-split-by-macro]
  303 |             if (id == rb_intern("little")) {
      |                       ^~~~~~~~~~~~~~~~~~~
/Library/Developer/CommandLineTools/SDKs/MacOSX.sdk/System/Library/Frameworks/Ruby.framework/Versions/2.6/usr/include/ruby-2.6.0/ruby/ruby.h:1826:24: note: expanded from macro 'rb_intern'
 1826 |         __extension__ (RUBY_CONST_ID_CACHE((ID), (str))) : \
      |                        ^~~~~~~~~~~~~~~~~~~~~~~~~~~~~~~~
/Library/Developer/CommandLineTools/SDKs/MacOSX.sdk/System/Library/Frameworks/Ruby.framework/Versions/2.6/usr/include/ruby-2.6.0/ruby/ruby.h:1816:5: note: expanded from macro 'RUBY_CONST_ID_CACHE'
 1816 |     }
      |     ^
Buffer.c:303:23: note: ')' token is here
  303 |             if (id == rb_intern("little")) {
      |                       ^~~~~~~~~~~~~~~~~~~
/Library/Developer/CommandLineTools/SDKs/MacOSX.sdk/System/Library/Frameworks/Ruby.framework/Versions/2.6/usr/include/ruby-2.6.0/ruby/ruby.h:1826:56: note: expanded from macro 'rb_intern'
 1826 |         __extension__ (RUBY_CONST_ID_CACHE((ID), (str))) : \
      |                                                        ^
Buffer.c:306:30: warning: '(' and '{' tokens introducing statement expression appear in different macro expansion contexts [-Wcompound-token-split-by-macro]
  306 |             } else if (id == rb_intern("big") || id == rb_intern("network")) {
      |                              ^~~~~~~~~~~~~~~~
/Library/Developer/CommandLineTools/SDKs/MacOSX.sdk/System/Library/Frameworks/Ruby.framework/Versions/2.6/usr/include/ruby-2.6.0/ruby/ruby.h:1826:23: note: expanded from macro 'rb_intern'
 1826 |         __extension__ (RUBY_CONST_ID_CACHE((ID), (str))) : \
      |                       ^
Buffer.c:306:30: note: '{' token is here
  306 |             } else if (id == rb_intern("big") || id == rb_intern("network")) {
      |                              ^~~~~~~~~~~~~~~~
/Library/Developer/CommandLineTools/SDKs/MacOSX.sdk/System/Library/Frameworks/Ruby.framework/Versions/2.6/usr/include/ruby-2.6.0/ruby/ruby.h:1826:24: note: expanded from macro 'rb_intern'
 1826 |         __extension__ (RUBY_CONST_ID_CACHE((ID), (str))) : \
      |                        ^~~~~~~~~~~~~~~~~~~~~~~~~~~~~~~~
/Library/Developer/CommandLineTools/SDKs/MacOSX.sdk/System/Library/Frameworks/Ruby.framework/Versions/2.6/usr/include/ruby-2.6.0/ruby/ruby.h:1811:5: note: expanded from macro 'RUBY_CONST_ID_CACHE'
 1811 |     {                                                   \
      |     ^
Buffer.c:306:30: warning: '}' and ')' tokens terminating statement expression appear in different macro expansion contexts [-Wcompound-token-split-by-macro]
  306 |             } else if (id == rb_intern("big") || id == rb_intern("network")) {
      |                              ^~~~~~~~~~~~~~~~
/Library/Developer/CommandLineTools/SDKs/MacOSX.sdk/System/Library/Frameworks/Ruby.framework/Versions/2.6/usr/include/ruby-2.6.0/ruby/ruby.h:1826:24: note: expanded from macro 'rb_intern'
 1826 |         __extension__ (RUBY_CONST_ID_CACHE((ID), (str))) : \
      |                        ^~~~~~~~~~~~~~~~~~~~~~~~~~~~~~~~
/Library/Developer/CommandLineTools/SDKs/MacOSX.sdk/System/Library/Frameworks/Ruby.framework/Versions/2.6/usr/include/ruby-2.6.0/ruby/ruby.h:1816:5: note: expanded from macro 'RUBY_CONST_ID_CACHE'
 1816 |     }
      |     ^
Buffer.c:306:30: note: ')' token is here
  306 |             } else if (id == rb_intern("big") || id == rb_intern("network")) {
      |                              ^~~~~~~~~~~~~~~~
/Library/Developer/CommandLineTools/SDKs/MacOSX.sdk/System/Library/Frameworks/Ruby.framework/Versions/2.6/usr/include/ruby-2.6.0/ruby/ruby.h:1826:56: note: expanded from macro 'rb_intern'
 1826 |         __extension__ (RUBY_CONST_ID_CACHE((ID), (str))) : \
      |                                                        ^
Buffer.c:306:56: warning: '(' and '{' tokens introducing statement expression appear in different macro expansion contexts [-Wcompound-token-split-by-macro]
  306 |             } else if (id == rb_intern("big") || id == rb_intern("network")) {
      |                                                        ^~~~~~~~~~~~~~~~~~~~
/Library/Developer/CommandLineTools/SDKs/MacOSX.sdk/System/Library/Frameworks/Ruby.framework/Versions/2.6/usr/include/ruby-2.6.0/ruby/ruby.h:1826:23: note: expanded from macro 'rb_intern'
 1826 |         __extension__ (RUBY_CONST_ID_CACHE((ID), (str))) : \
      |                       ^
Buffer.c:306:56: note: '{' token is here
  306 |             } else if (id == rb_intern("big") || id == rb_intern("network")) {
      |                                                        ^~~~~~~~~~~~~~~~~~~~
/Library/Developer/CommandLineTools/SDKs/MacOSX.sdk/System/Library/Frameworks/Ruby.framework/Versions/2.6/usr/include/ruby-2.6.0/ruby/ruby.h:1826:24: note: expanded from macro 'rb_intern'
 1826 |         __extension__ (RUBY_CONST_ID_CACHE((ID), (str))) : \
      |                        ^~~~~~~~~~~~~~~~~~~~~~~~~~~~~~~~
/Library/Developer/CommandLineTools/SDKs/MacOSX.sdk/System/Library/Frameworks/Ruby.framework/Versions/2.6/usr/include/ruby-2.6.0/ruby/ruby.h:1811:5: note: expanded from macro 'RUBY_CONST_ID_CACHE'
 1811 |     {                                                   \
      |     ^
Buffer.c:306:56: warning: '}' and ')' tokens terminating statement expression appear in different macro expansion contexts [-Wcompound-token-split-by-macro]
  306 |             } else if (id == rb_intern("big") || id == rb_intern("network")) {
      |                                                        ^~~~~~~~~~~~~~~~~~~~
/Library/Developer/CommandLineTools/SDKs/MacOSX.sdk/System/Library/Frameworks/Ruby.framework/Versions/2.6/usr/include/ruby-2.6.0/ruby/ruby.h:1826:24: note: expanded from macro 'rb_intern'
 1826 |         __extension__ (RUBY_CONST_ID_CACHE((ID), (str))) : \
      |                        ^~~~~~~~~~~~~~~~~~~~~~~~~~~~~~~~
/Library/Developer/CommandLineTools/SDKs/MacOSX.sdk/System/Library/Frameworks/Ruby.framework/Versions/2.6/usr/include/ruby-2.6.0/ruby/ruby.h:1816:5: note: expanded from macro 'RUBY_CONST_ID_CACHE'
 1816 |     }
      |     ^
Buffer.c:306:56: note: ')' token is here
  306 |             } else if (id == rb_intern("big") || id == rb_intern("network")) {
      |                                                        ^~~~~~~~~~~~~~~~~~~~
/Library/Developer/CommandLineTools/SDKs/MacOSX.sdk/System/Library/Frameworks/Ruby.framework/Versions/2.6/usr/include/ruby-2.6.0/ruby/ruby.h:1826:56: note: expanded from macro 'rb_intern'
 1826 |         __extension__ (RUBY_CONST_ID_CACHE((ID), (str))) : \
      |                                                        ^
10 warnings generated.
compiling Call.c
Call.c:500:17: warning: '(' and '{' tokens introducing statement expression appear in different macro expansion contexts [-Wcompound-token-split-by-macro]
  500 |     id_to_ptr = rb_intern("to_ptr");
      |                 ^~~~~~~~~~~~~~~~~~~
/Library/Developer/CommandLineTools/SDKs/MacOSX.sdk/System/Library/Frameworks/Ruby.framework/Versions/2.6/usr/include/ruby-2.6.0/ruby/ruby.h:1826:23: note: expanded from macro 'rb_intern'
 1826 |         __extension__ (RUBY_CONST_ID_CACHE((ID), (str))) : \
      |                       ^
Call.c:500:17: note: '{' token is here
  500 |     id_to_ptr = rb_intern("to_ptr");
      |                 ^~~~~~~~~~~~~~~~~~~
/Library/Developer/CommandLineTools/SDKs/MacOSX.sdk/System/Library/Frameworks/Ruby.framework/Versions/2.6/usr/include/ruby-2.6.0/ruby/ruby.h:1826:24: note: expanded from macro 'rb_intern'
 1826 |         __extension__ (RUBY_CONST_ID_CACHE((ID), (str))) : \
      |                        ^~~~~~~~~~~~~~~~~~~~~~~~~~~~~~~~
/Library/Developer/CommandLineTools/SDKs/MacOSX.sdk/System/Library/Frameworks/Ruby.framework/Versions/2.6/usr/include/ruby-2.6.0/ruby/ruby.h:1811:5: note: expanded from macro 'RUBY_CONST_ID_CACHE'
 1811 |     {                                                   \
      |     ^
Call.c:500:17: warning: '}' and ')' tokens terminating statement expression appear in different macro expansion contexts [-Wcompound-token-split-by-macro]
  500 |     id_to_ptr = rb_intern("to_ptr");
      |                 ^~~~~~~~~~~~~~~~~~~
/Library/Developer/CommandLineTools/SDKs/MacOSX.sdk/System/Library/Frameworks/Ruby.framework/Versions/2.6/usr/include/ruby-2.6.0/ruby/ruby.h:1826:24: note: expanded from macro 'rb_intern'
 1826 |         __extension__ (RUBY_CONST_ID_CACHE((ID), (str))) : \
      |                        ^~~~~~~~~~~~~~~~~~~~~~~~~~~~~~~~
/Library/Developer/CommandLineTools/SDKs/MacOSX.sdk/System/Library/Frameworks/Ruby.framework/Versions/2.6/usr/include/ruby-2.6.0/ruby/ruby.h:1816:5: note: expanded from macro 'RUBY_CONST_ID_CACHE'
 1816 |     }
      |     ^
Call.c:500:17: note: ')' token is here
  500 |     id_to_ptr = rb_intern("to_ptr");
      |                 ^~~~~~~~~~~~~~~~~~~
/Library/Developer/CommandLineTools/SDKs/MacOSX.sdk/System/Library/Frameworks/Ruby.framework/Versions/2.6/usr/include/ruby-2.6.0/ruby/ruby.h:1826:56: note: expanded from macro 'rb_intern'
 1826 |         __extension__ (RUBY_CONST_ID_CACHE((ID), (str))) : \
      |                                                        ^
Call.c:501:20: warning: '(' and '{' tokens introducing statement expression appear in different macro expansion contexts [-Wcompound-token-split-by-macro]
  501 |     id_to_native = rb_intern("to_native");
      |                    ^~~~~~~~~~~~~~~~~~~~~~
/Library/Developer/CommandLineTools/SDKs/MacOSX.sdk/System/Library/Frameworks/Ruby.framework/Versions/2.6/usr/include/ruby-2.6.0/ruby/ruby.h:1826:23: note: expanded from macro 'rb_intern'
 1826 |         __extension__ (RUBY_CONST_ID_CACHE((ID), (str))) : \
      |                       ^
Call.c:501:20: note: '{' token is here
  501 |     id_to_native = rb_intern("to_native");
      |                    ^~~~~~~~~~~~~~~~~~~~~~
/Library/Developer/CommandLineTools/SDKs/MacOSX.sdk/System/Library/Frameworks/Ruby.framework/Versions/2.6/usr/include/ruby-2.6.0/ruby/ruby.h:1826:24: note: expanded from macro 'rb_intern'
 1826 |         __extension__ (RUBY_CONST_ID_CACHE((ID), (str))) : \
      |                        ^~~~~~~~~~~~~~~~~~~~~~~~~~~~~~~~
/Library/Developer/CommandLineTools/SDKs/MacOSX.sdk/System/Library/Frameworks/Ruby.framework/Versions/2.6/usr/include/ruby-2.6.0/ruby/ruby.h:1811:5: note: expanded from macro 'RUBY_CONST_ID_CACHE'
 1811 |     {                                                   \
      |     ^
Call.c:501:20: warning: '}' and ')' tokens terminating statement expression appear in different macro expansion contexts [-Wcompound-token-split-by-macro]
  501 |     id_to_native = rb_intern("to_native");
      |                    ^~~~~~~~~~~~~~~~~~~~~~
/Library/Developer/CommandLineTools/SDKs/MacOSX.sdk/System/Library/Frameworks/Ruby.framework/Versions/2.6/usr/include/ruby-2.6.0/ruby/ruby.h:1826:24: note: expanded from macro 'rb_intern'
 1826 |         __extension__ (RUBY_CONST_ID_CACHE((ID), (str))) : \
      |                        ^~~~~~~~~~~~~~~~~~~~~~~~~~~~~~~~
/Library/Developer/CommandLineTools/SDKs/MacOSX.sdk/System/Library/Frameworks/Ruby.framework/Versions/2.6/usr/include/ruby-2.6.0/ruby/ruby.h:1816:5: note: expanded from macro 'RUBY_CONST_ID_CACHE'
 1816 |     }
      |     ^
Call.c:501:20: note: ')' token is here
  501 |     id_to_native = rb_intern("to_native");
      |                    ^~~~~~~~~~~~~~~~~~~~~~
/Library/Developer/CommandLineTools/SDKs/MacOSX.sdk/System/Library/Frameworks/Ruby.framework/Versions/2.6/usr/include/ruby-2.6.0/ruby/ruby.h:1826:56: note: expanded from macro 'rb_intern'
 1826 |         __extension__ (RUBY_CONST_ID_CACHE((ID), (str))) : \
      |                                                        ^
Call.c:502:21: warning: '(' and '{' tokens introducing statement expression appear in different macro expansion contexts [-Wcompound-token-split-by-macro]
  502 |     id_map_symbol = rb_intern("__map_symbol");
      |                     ^~~~~~~~~~~~~~~~~~~~~~~~~
/Library/Developer/CommandLineTools/SDKs/MacOSX.sdk/System/Library/Frameworks/Ruby.framework/Versions/2.6/usr/include/ruby-2.6.0/ruby/ruby.h:1826:23: note: expanded from macro 'rb_intern'
 1826 |         __extension__ (RUBY_CONST_ID_CACHE((ID), (str))) : \
      |                       ^
Call.c:502:21: note: '{' token is here
  502 |     id_map_symbol = rb_intern("__map_symbol");
      |                     ^~~~~~~~~~~~~~~~~~~~~~~~~
/Library/Developer/CommandLineTools/SDKs/MacOSX.sdk/System/Library/Frameworks/Ruby.framework/Versions/2.6/usr/include/ruby-2.6.0/ruby/ruby.h:1826:24: note: expanded from macro 'rb_intern'
 1826 |         __extension__ (RUBY_CONST_ID_CACHE((ID), (str))) : \
      |                        ^~~~~~~~~~~~~~~~~~~~~~~~~~~~~~~~
/Library/Developer/CommandLineTools/SDKs/MacOSX.sdk/System/Library/Frameworks/Ruby.framework/Versions/2.6/usr/include/ruby-2.6.0/ruby/ruby.h:1811:5: note: expanded from macro 'RUBY_CONST_ID_CACHE'
 1811 |     {                                                   \
      |     ^
Call.c:502:21: warning: '}' and ')' tokens terminating statement expression appear in different macro expansion contexts [-Wcompound-token-split-by-macro]
  502 |     id_map_symbol = rb_intern("__map_symbol");
      |                     ^~~~~~~~~~~~~~~~~~~~~~~~~
/Library/Developer/CommandLineTools/SDKs/MacOSX.sdk/System/Library/Frameworks/Ruby.framework/Versions/2.6/usr/include/ruby-2.6.0/ruby/ruby.h:1826:24: note: expanded from macro 'rb_intern'
 1826 |         __extension__ (RUBY_CONST_ID_CACHE((ID), (str))) : \
      |                        ^~~~~~~~~~~~~~~~~~~~~~~~~~~~~~~~
/Library/Developer/CommandLineTools/SDKs/MacOSX.sdk/System/Library/Frameworks/Ruby.framework/Versions/2.6/usr/include/ruby-2.6.0/ruby/ruby.h:1816:5: note: expanded from macro 'RUBY_CONST_ID_CACHE'
 1816 |     }
      |     ^
Call.c:502:21: note: ')' token is here
  502 |     id_map_symbol = rb_intern("__map_symbol");
      |                     ^~~~~~~~~~~~~~~~~~~~~~~~~
/Library/Developer/CommandLineTools/SDKs/MacOSX.sdk/System/Library/Frameworks/Ruby.framework/Versions/2.6/usr/include/ruby-2.6.0/ruby/ruby.h:1826:56: note: expanded from macro 'rb_intern'
 1826 |         __extension__ (RUBY_CONST_ID_CACHE((ID), (str))) : \
      |                                                        ^
6 warnings generated.
compiling ClosurePool.c
compiling DynamicLibrary.c
compiling Function.c
Function.c:239:29: warning: '(' and '{' tokens introducing statement expression appear in different macro expansion contexts [-Wcompound-token-split-by-macro]
  239 |     rb_funcall(ctx->thread, rb_intern("name="), 1, rb_str_new2("FFI Callback Dispatcher"));
      |                             ^~~~~~~~~~~~~~~~~~
/Library/Developer/CommandLineTools/SDKs/MacOSX.sdk/System/Library/Frameworks/Ruby.framework/Versions/2.6/usr/include/ruby-2.6.0/ruby/ruby.h:1826:23: note: expanded from macro 'rb_intern'
 1826 |         __extension__ (RUBY_CONST_ID_CACHE((ID), (str))) : \
      |                       ^
/Library/Developer/CommandLineTools/SDKs/MacOSX.sdk/System/Library/Frameworks/Ruby.framework/Versions/2.6/usr/include/ruby-2.6.0/ruby/ruby.h:2602:20: note: expanded from macro 'rb_funcall'
 2602 |         rb_funcallv(recv, mid, \
      |                           ^~~
Function.c:239:29: note: '{' token is here
  239 |     rb_funcall(ctx->thread, rb_intern("name="), 1, rb_str_new2("FFI Callback Dispatcher"));
      |                             ^~~~~~~~~~~~~~~~~~
/Library/Developer/CommandLineTools/SDKs/MacOSX.sdk/System/Library/Frameworks/Ruby.framework/Versions/2.6/usr/include/ruby-2.6.0/ruby/ruby.h:1826:24: note: expanded from macro 'rb_intern'
 1826 |         __extension__ (RUBY_CONST_ID_CACHE((ID), (str))) : \
      |                        ^~~~~~~~~~~~~~~~~~~~~~~~~~~~~~~~
/Library/Developer/CommandLineTools/SDKs/MacOSX.sdk/System/Library/Frameworks/Ruby.framework/Versions/2.6/usr/include/ruby-2.6.0/ruby/ruby.h:1811:5: note: expanded from macro 'RUBY_CONST_ID_CACHE'
 1811 |     {                                                   \
      |     ^
/Library/Developer/CommandLineTools/SDKs/MacOSX.sdk/System/Library/Frameworks/Ruby.framework/Versions/2.6/usr/include/ruby-2.6.0/ruby/ruby.h:2602:20: note: expanded from macro 'rb_funcall'
 2602 |         rb_funcallv(recv, mid, \
      |                           ^~~
Function.c:239:29: warning: '}' and ')' tokens terminating statement expression appear in different macro expansion contexts [-Wcompound-token-split-by-macro]
  239 |     rb_funcall(ctx->thread, rb_intern("name="), 1, rb_str_new2("FFI Callback Dispatcher"));
      |                             ^~~~~~~~~~~~~~~~~~
/Library/Developer/CommandLineTools/SDKs/MacOSX.sdk/System/Library/Frameworks/Ruby.framework/Versions/2.6/usr/include/ruby-2.6.0/ruby/ruby.h:1826:24: note: expanded from macro 'rb_intern'
 1826 |         __extension__ (RUBY_CONST_ID_CACHE((ID), (str))) : \
      |                        ^~~~~~~~~~~~~~~~~~~~~~~~~~~~~~~~
/Library/Developer/CommandLineTools/SDKs/MacOSX.sdk/System/Library/Frameworks/Ruby.framework/Versions/2.6/usr/include/ruby-2.6.0/ruby/ruby.h:1816:5: note: expanded from macro 'RUBY_CONST_ID_CACHE'
 1816 |     }
      |     ^
/Library/Developer/CommandLineTools/SDKs/MacOSX.sdk/System/Library/Frameworks/Ruby.framework/Versions/2.6/usr/include/ruby-2.6.0/ruby/ruby.h:2602:20: note: expanded from macro 'rb_funcall'
 2602 |         rb_funcallv(recv, mid, \
      |                           ^~~
Function.c:239:29: note: ')' token is here
  239 |     rb_funcall(ctx->thread, rb_intern("name="), 1, rb_str_new2("FFI Callback Dispatcher"));
      |                             ^~~~~~~~~~~~~~~~~~
/Library/Developer/CommandLineTools/SDKs/MacOSX.sdk/System/Library/Frameworks/Ruby.framework/Versions/2.6/usr/include/ruby-2.6.0/ruby/ruby.h:1826:56: note: expanded from macro 'rb_intern'
 1826 |         __extension__ (RUBY_CONST_ID_CACHE((ID), (str))) : \
      |                                                        ^
/Library/Developer/CommandLineTools/SDKs/MacOSX.sdk/System/Library/Frameworks/Ruby.framework/Versions/2.6/usr/include/ruby-2.6.0/ruby/ruby.h:2602:20: note: expanded from macro 'rb_funcall'
 2602 |         rb_funcallv(recv, mid, \
      |                           ^~~
Function.c:241:73: warning: '(' and '{' tokens introducing statement expression appear in different macro expansion contexts [-Wcompound-token-split-by-macro]
  241 |     rb_funcall(ctx->thread, rb_intern("thread_variable_set"), 2, ID2SYM(rb_intern("fork_safe")), Qtrue);
      |                                                                         ^~~~~~~~~~~~~~~~~~~~~~
/Library/Developer/CommandLineTools/SDKs/MacOSX.sdk/System/Library/Frameworks/Ruby.framework/Versions/2.6/usr/include/ruby-2.6.0/ruby/ruby.h:1826:23: note: expanded from macro 'rb_intern'
 1826 |         __extension__ (RUBY_CONST_ID_CACHE((ID), (str))) : \
      |                       ^
/Library/Developer/CommandLineTools/SDKs/MacOSX.sdk/System/Library/Frameworks/Ruby.framework/Versions/2.6/usr/include/ruby-2.6.0/ruby/ruby.h:413:29: note: expanded from macro 'ID2SYM'
  413 | #define ID2SYM(x) RB_ID2SYM(x)
      |                             ^
/Library/Developer/CommandLineTools/SDKs/MacOSX.sdk/System/Library/Frameworks/Ruby.framework/Versions/2.6/usr/include/ruby-2.6.0/ruby/ruby.h:408:33: note: expanded from macro 'RB_ID2SYM'
  408 | #define RB_ID2SYM(x) (rb_id2sym(x))
      |                                 ^
/Library/Developer/CommandLineTools/SDKs/MacOSX.sdk/System/Library/Frameworks/Ruby.framework/Versions/2.6/usr/include/ruby-2.6.0/ruby/ruby.h:2599:35: note: expanded from macro 'rb_funcall'
 2599 |         const VALUE rb_funcall_args[] = {__VA_ARGS__}; \
      |                                          ^~~~~~~~~~~
Function.c:241:73: note: '{' token is here
  241 |     rb_funcall(ctx->thread, rb_intern("thread_variable_set"), 2, ID2SYM(rb_intern("fork_safe")), Qtrue);
      |                                                                         ^~~~~~~~~~~~~~~~~~~~~~
/Library/Developer/CommandLineTools/SDKs/MacOSX.sdk/System/Library/Frameworks/Ruby.framework/Versions/2.6/usr/include/ruby-2.6.0/ruby/ruby.h:1826:24: note: expanded from macro 'rb_intern'
 1826 |         __extension__ (RUBY_CONST_ID_CACHE((ID), (str))) : \
      |                        ^~~~~~~~~~~~~~~~~~~~~~~~~~~~~~~~
/Library/Developer/CommandLineTools/SDKs/MacOSX.sdk/System/Library/Frameworks/Ruby.framework/Versions/2.6/usr/include/ruby-2.6.0/ruby/ruby.h:1811:5: note: expanded from macro 'RUBY_CONST_ID_CACHE'
 1811 |     {                                                   \
      |     ^
/Library/Developer/CommandLineTools/SDKs/MacOSX.sdk/System/Library/Frameworks/Ruby.framework/Versions/2.6/usr/include/ruby-2.6.0/ruby/ruby.h:413:29: note: expanded from macro 'ID2SYM'
  413 | #define ID2SYM(x) RB_ID2SYM(x)
      |                             ^
/Library/Developer/CommandLineTools/SDKs/MacOSX.sdk/System/Library/Frameworks/Ruby.framework/Versions/2.6/usr/include/ruby-2.6.0/ruby/ruby.h:408:33: note: expanded from macro 'RB_ID2SYM'
  408 | #define RB_ID2SYM(x) (rb_id2sym(x))
      |                                 ^
/Library/Developer/CommandLineTools/SDKs/MacOSX.sdk/System/Library/Frameworks/Ruby.framework/Versions/2.6/usr/include/ruby-2.6.0/ruby/ruby.h:2599:35: note: expanded from macro 'rb_funcall'
 2599 |         const VALUE rb_funcall_args[] = {__VA_ARGS__}; \
      |                                          ^~~~~~~~~~~
Function.c:241:73: warning: '}' and ')' tokens terminating statement expression appear in different macro expansion contexts [-Wcompound-token-split-by-macro]
  241 |     rb_funcall(ctx->thread, rb_intern("thread_variable_set"), 2, ID2SYM(rb_intern("fork_safe")), Qtrue);
      |                                                                         ^~~~~~~~~~~~~~~~~~~~~~
/Library/Developer/CommandLineTools/SDKs/MacOSX.sdk/System/Library/Frameworks/Ruby.framework/Versions/2.6/usr/include/ruby-2.6.0/ruby/ruby.h:1826:24: note: expanded from macro 'rb_intern'
 1826 |         __extension__ (RUBY_CONST_ID_CACHE((ID), (str))) : \
      |                        ^~~~~~~~~~~~~~~~~~~~~~~~~~~~~~~~
/Library/Developer/CommandLineTools/SDKs/MacOSX.sdk/System/Library/Frameworks/Ruby.framework/Versions/2.6/usr/include/ruby-2.6.0/ruby/ruby.h:1816:5: note: expanded from macro 'RUBY_CONST_ID_CACHE'
 1816 |     }
      |     ^
/Library/Developer/CommandLineTools/SDKs/MacOSX.sdk/System/Library/Frameworks/Ruby.framework/Versions/2.6/usr/include/ruby-2.6.0/ruby/ruby.h:413:29: note: expanded from macro 'ID2SYM'
  413 | #define ID2SYM(x) RB_ID2SYM(x)
      |                             ^
/Library/Developer/CommandLineTools/SDKs/MacOSX.sdk/System/Library/Frameworks/Ruby.framework/Versions/2.6/usr/include/ruby-2.6.0/ruby/ruby.h:408:33: note: expanded from macro 'RB_ID2SYM'
  408 | #define RB_ID2SYM(x) (rb_id2sym(x))
      |                                 ^
/Library/Developer/CommandLineTools/SDKs/MacOSX.sdk/System/Library/Frameworks/Ruby.framework/Versions/2.6/usr/include/ruby-2.6.0/ruby/ruby.h:2599:35: note: expanded from macro 'rb_funcall'
 2599 |         const VALUE rb_funcall_args[] = {__VA_ARGS__}; \
      |                                          ^~~~~~~~~~~
Function.c:241:73: note: ')' token is here
  241 |     rb_funcall(ctx->thread, rb_intern("thread_variable_set"), 2, ID2SYM(rb_intern("fork_safe")), Qtrue);
      |                                                                         ^~~~~~~~~~~~~~~~~~~~~~
/Library/Developer/CommandLineTools/SDKs/MacOSX.sdk/System/Library/Frameworks/Ruby.framework/Versions/2.6/usr/include/ruby-2.6.0/ruby/ruby.h:1826:56: note: expanded from macro 'rb_intern'
 1826 |         __extension__ (RUBY_CONST_ID_CACHE((ID), (str))) : \
      |                                                        ^
/Library/Developer/CommandLineTools/SDKs/MacOSX.sdk/System/Library/Frameworks/Ruby.framework/Versions/2.6/usr/include/ruby-2.6.0/ruby/ruby.h:413:29: note: expanded from macro 'ID2SYM'
  413 | #define ID2SYM(x) RB_ID2SYM(x)
      |                             ^
/Library/Developer/CommandLineTools/SDKs/MacOSX.sdk/System/Library/Frameworks/Ruby.framework/Versions/2.6/usr/include/ruby-2.6.0/ruby/ruby.h:408:33: note: expanded from macro 'RB_ID2SYM'
  408 | #define RB_ID2SYM(x) (rb_id2sym(x))
      |                                 ^
/Library/Developer/CommandLineTools/SDKs/MacOSX.sdk/System/Library/Frameworks/Ruby.framework/Versions/2.6/usr/include/ruby-2.6.0/ruby/ruby.h:2599:35: note: expanded from macro 'rb_funcall'
 2599 |         const VALUE rb_funcall_args[] = {__VA_ARGS__}; \
      |                                          ^~~~~~~~~~~
Function.c:241:29: warning: '(' and '{' tokens introducing statement expression appear in different macro expansion contexts [-Wcompound-token-split-by-macro]
  241 |     rb_funcall(ctx->thread, rb_intern("thread_variable_set"), 2, ID2SYM(rb_intern("fork_safe")), Qtrue);
      |                             ^~~~~~~~~~~~~~~~~~~~~~~~~~~~~~~~
/Library/Developer/CommandLineTools/SDKs/MacOSX.sdk/System/Library/Frameworks/Ruby.framework/Versions/2.6/usr/include/ruby-2.6.0/ruby/ruby.h:1826:23: note: expanded from macro 'rb_intern'
 1826 |         __extension__ (RUBY_CONST_ID_CACHE((ID), (str))) : \
      |                       ^
/Library/Developer/CommandLineTools/SDKs/MacOSX.sdk/System/Library/Frameworks/Ruby.framework/Versions/2.6/usr/include/ruby-2.6.0/ruby/ruby.h:2602:20: note: expanded from macro 'rb_funcall'
 2602 |         rb_funcallv(recv, mid, \
      |                           ^~~
Function.c:241:29: note: '{' token is here
  241 |     rb_funcall(ctx->thread, rb_intern("thread_variable_set"), 2, ID2SYM(rb_intern("fork_safe")), Qtrue);
      |                             ^~~~~~~~~~~~~~~~~~~~~~~~~~~~~~~~
/Library/Developer/CommandLineTools/SDKs/MacOSX.sdk/System/Library/Frameworks/Ruby.framework/Versions/2.6/usr/include/ruby-2.6.0/ruby/ruby.h:1826:24: note: expanded from macro 'rb_intern'
 1826 |         __extension__ (RUBY_CONST_ID_CACHE((ID), (str))) : \
      |                        ^~~~~~~~~~~~~~~~~~~~~~~~~~~~~~~~
/Library/Developer/CommandLineTools/SDKs/MacOSX.sdk/System/Library/Frameworks/Ruby.framework/Versions/2.6/usr/include/ruby-2.6.0/ruby/ruby.h:1811:5: note: expanded from macro 'RUBY_CONST_ID_CACHE'
 1811 |     {                                                   \
      |     ^
/Library/Developer/CommandLineTools/SDKs/MacOSX.sdk/System/Library/Frameworks/Ruby.framework/Versions/2.6/usr/include/ruby-2.6.0/ruby/ruby.h:2602:20: note: expanded from macro 'rb_funcall'
 2602 |         rb_funcallv(recv, mid, \
      |                           ^~~
Function.c:241:29: warning: '}' and ')' tokens terminating statement expression appear in different macro expansion contexts [-Wcompound-token-split-by-macro]
  241 |     rb_funcall(ctx->thread, rb_intern("thread_variable_set"), 2, ID2SYM(rb_intern("fork_safe")), Qtrue);
      |                             ^~~~~~~~~~~~~~~~~~~~~~~~~~~~~~~~
/Library/Developer/CommandLineTools/SDKs/MacOSX.sdk/System/Library/Frameworks/Ruby.framework/Versions/2.6/usr/include/ruby-2.6.0/ruby/ruby.h:1826:24: note: expanded from macro 'rb_intern'
 1826 |         __extension__ (RUBY_CONST_ID_CACHE((ID), (str))) : \
      |                        ^~~~~~~~~~~~~~~~~~~~~~~~~~~~~~~~
/Library/Developer/CommandLineTools/SDKs/MacOSX.sdk/System/Library/Frameworks/Ruby.framework/Versions/2.6/usr/include/ruby-2.6.0/ruby/ruby.h:1816:5: note: expanded from macro 'RUBY_CONST_ID_CACHE'
 1816 |     }
      |     ^
/Library/Developer/CommandLineTools/SDKs/MacOSX.sdk/System/Library/Frameworks/Ruby.framework/Versions/2.6/usr/include/ruby-2.6.0/ruby/ruby.h:2602:20: note: expanded from macro 'rb_funcall'
 2602 |         rb_funcallv(recv, mid, \
      |                           ^~~
Function.c:241:29: note: ')' token is here
  241 |     rb_funcall(ctx->thread, rb_intern("thread_variable_set"), 2, ID2SYM(rb_intern("fork_safe")), Qtrue);
      |                             ^~~~~~~~~~~~~~~~~~~~~~~~~~~~~~~~
/Library/Developer/CommandLineTools/SDKs/MacOSX.sdk/System/Library/Frameworks/Ruby.framework/Versions/2.6/usr/include/ruby-2.6.0/ruby/ruby.h:1826:56: note: expanded from macro 'rb_intern'
 1826 |         __extension__ (RUBY_CONST_ID_CACHE((ID), (str))) : \
      |                                                        ^
/Library/Developer/CommandLineTools/SDKs/MacOSX.sdk/System/Library/Frameworks/Ruby.framework/Versions/2.6/usr/include/ruby-2.6.0/ruby/ruby.h:2602:20: note: expanded from macro 'rb_funcall'
 2602 |         rb_funcallv(recv, mid, \
      |                           ^~~
Function.c:696:36: warning: '(' and '{' tokens introducing statement expression appear in different macro expansion contexts [-Wcompound-token-split-by-macro]
  696 |             rb_funcall(new_thread, rb_intern("name="), 1, rb_str_new2("FFI Callback Runner"));
      |                                    ^~~~~~~~~~~~~~~~~~
/Library/Developer/CommandLineTools/SDKs/MacOSX.sdk/System/Library/Frameworks/Ruby.framework/Versions/2.6/usr/include/ruby-2.6.0/ruby/ruby.h:1826:23: note: expanded from macro 'rb_intern'
 1826 |         __extension__ (RUBY_CONST_ID_CACHE((ID), (str))) : \
      |                       ^
/Library/Developer/CommandLineTools/SDKs/MacOSX.sdk/System/Library/Frameworks/Ruby.framework/Versions/2.6/usr/include/ruby-2.6.0/ruby/ruby.h:2602:20: note: expanded from macro 'rb_funcall'
 2602 |         rb_funcallv(recv, mid, \
      |                           ^~~
Function.c:696:36: note: '{' token is here
  696 |             rb_funcall(new_thread, rb_intern("name="), 1, rb_str_new2("FFI Callback Runner"));
      |                                    ^~~~~~~~~~~~~~~~~~
/Library/Developer/CommandLineTools/SDKs/MacOSX.sdk/System/Library/Frameworks/Ruby.framework/Versions/2.6/usr/include/ruby-2.6.0/ruby/ruby.h:1826:24: note: expanded from macro 'rb_intern'
 1826 |         __extension__ (RUBY_CONST_ID_CACHE((ID), (str))) : \
      |                        ^~~~~~~~~~~~~~~~~~~~~~~~~~~~~~~~
/Library/Developer/CommandLineTools/SDKs/MacOSX.sdk/System/Library/Frameworks/Ruby.framework/Versions/2.6/usr/include/ruby-2.6.0/ruby/ruby.h:1811:5: note: expanded from macro 'RUBY_CONST_ID_CACHE'
 1811 |     {                                                   \
      |     ^
/Library/Developer/CommandLineTools/SDKs/MacOSX.sdk/System/Library/Frameworks/Ruby.framework/Versions/2.6/usr/include/ruby-2.6.0/ruby/ruby.h:2602:20: note: expanded from macro 'rb_funcall'
 2602 |         rb_funcallv(recv, mid, \
      |                           ^~~
Function.c:696:36: warning: '}' and ')' tokens terminating statement expression appear in different macro expansion contexts [-Wcompound-token-split-by-macro]
  696 |             rb_funcall(new_thread, rb_intern("name="), 1, rb_str_new2("FFI Callback Runner"));
      |                                    ^~~~~~~~~~~~~~~~~~
/Library/Developer/CommandLineTools/SDKs/MacOSX.sdk/System/Library/Frameworks/Ruby.framework/Versions/2.6/usr/include/ruby-2.6.0/ruby/ruby.h:1826:24: note: expanded from macro 'rb_intern'
 1826 |         __extension__ (RUBY_CONST_ID_CACHE((ID), (str))) : \
      |                        ^~~~~~~~~~~~~~~~~~~~~~~~~~~~~~~~
/Library/Developer/CommandLineTools/SDKs/MacOSX.sdk/System/Library/Frameworks/Ruby.framework/Versions/2.6/usr/include/ruby-2.6.0/ruby/ruby.h:1816:5: note: expanded from macro 'RUBY_CONST_ID_CACHE'
 1816 |     }
      |     ^
/Library/Developer/CommandLineTools/SDKs/MacOSX.sdk/System/Library/Frameworks/Ruby.framework/Versions/2.6/usr/include/ruby-2.6.0/ruby/ruby.h:2602:20: note: expanded from macro 'rb_funcall'
 2602 |         rb_funcallv(recv, mid, \
      |                           ^~~
Function.c:696:36: note: ')' token is here
  696 |             rb_funcall(new_thread, rb_intern("name="), 1, rb_str_new2("FFI Callback Runner"));
      |                                    ^~~~~~~~~~~~~~~~~~
/Library/Developer/CommandLineTools/SDKs/MacOSX.sdk/System/Library/Frameworks/Ruby.framework/Versions/2.6/usr/include/ruby-2.6.0/ruby/ruby.h:1826:56: note: expanded from macro 'rb_intern'
 1826 |         __extension__ (RUBY_CONST_ID_CACHE((ID), (str))) : \
      |                                                        ^
/Library/Developer/CommandLineTools/SDKs/MacOSX.sdk/System/Library/Frameworks/Ruby.framework/Versions/2.6/usr/include/ruby-2.6.0/ruby/ruby.h:2602:20: note: expanded from macro 'rb_funcall'
 2602 |         rb_funcallv(recv, mid, \
      |                           ^~~
Function.c:1070:15: warning: '(' and '{' tokens introducing statement expression appear in different macro expansion contexts [-Wcompound-token-split-by-macro]
 1070 |     id_call = rb_intern("call");
      |               ^~~~~~~~~~~~~~~~~
/Library/Developer/CommandLineTools/SDKs/MacOSX.sdk/System/Library/Frameworks/Ruby.framework/Versions/2.6/usr/include/ruby-2.6.0/ruby/ruby.h:1826:23: note: expanded from macro 'rb_intern'
 1826 |         __extension__ (RUBY_CONST_ID_CACHE((ID), (str))) : \
      |                       ^
Function.c:1070:15: note: '{' token is here
 1070 |     id_call = rb_intern("call");
      |               ^~~~~~~~~~~~~~~~~
/Library/Developer/CommandLineTools/SDKs/MacOSX.sdk/System/Library/Frameworks/Ruby.framework/Versions/2.6/usr/include/ruby-2.6.0/ruby/ruby.h:1826:24: note: expanded from macro 'rb_intern'
 1826 |         __extension__ (RUBY_CONST_ID_CACHE((ID), (str))) : \
      |                        ^~~~~~~~~~~~~~~~~~~~~~~~~~~~~~~~
/Library/Developer/CommandLineTools/SDKs/MacOSX.sdk/System/Library/Frameworks/Ruby.framework/Versions/2.6/usr/include/ruby-2.6.0/ruby/ruby.h:1811:5: note: expanded from macro 'RUBY_CONST_ID_CACHE'
 1811 |     {                                                   \
      |     ^
Function.c:1070:15: warning: '}' and ')' tokens terminating statement expression appear in different macro expansion contexts [-Wcompound-token-split-by-macro]
 1070 |     id_call = rb_intern("call");
      |               ^~~~~~~~~~~~~~~~~
/Library/Developer/CommandLineTools/SDKs/MacOSX.sdk/System/Library/Frameworks/Ruby.framework/Versions/2.6/usr/include/ruby-2.6.0/ruby/ruby.h:1826:24: note: expanded from macro 'rb_intern'
 1826 |         __extension__ (RUBY_CONST_ID_CACHE((ID), (str))) : \
      |                        ^~~~~~~~~~~~~~~~~~~~~~~~~~~~~~~~
/Library/Developer/CommandLineTools/SDKs/MacOSX.sdk/System/Library/Frameworks/Ruby.framework/Versions/2.6/usr/include/ruby-2.6.0/ruby/ruby.h:1816:5: note: expanded from macro 'RUBY_CONST_ID_CACHE'
 1816 |     }
      |     ^
Function.c:1070:15: note: ')' token is here
 1070 |     id_call = rb_intern("call");
      |               ^~~~~~~~~~~~~~~~~
/Library/Developer/CommandLineTools/SDKs/MacOSX.sdk/System/Library/Frameworks/Ruby.framework/Versions/2.6/usr/include/ruby-2.6.0/ruby/ruby.h:1826:56: note: expanded from macro 'rb_intern'
 1826 |         __extension__ (RUBY_CONST_ID_CACHE((ID), (str))) : \
      |                                                        ^
Function.c:1071:18: warning: '(' and '{' tokens introducing statement expression appear in different macro expansion contexts [-Wcompound-token-split-by-macro]
 1071 |     id_cbtable = rb_intern("@__ffi_callback_table__");
      |                  ^~~~~~~~~~~~~~~~~~~~~~~~~~~~~~~~~~~~
/Library/Developer/CommandLineTools/SDKs/MacOSX.sdk/System/Library/Frameworks/Ruby.framework/Versions/2.6/usr/include/ruby-2.6.0/ruby/ruby.h:1826:23: note: expanded from macro 'rb_intern'
 1826 |         __extension__ (RUBY_CONST_ID_CACHE((ID), (str))) : \
      |                       ^
Function.c:1071:18: note: '{' token is here
 1071 |     id_cbtable = rb_intern("@__ffi_callback_table__");
      |                  ^~~~~~~~~~~~~~~~~~~~~~~~~~~~~~~~~~~~
/Library/Developer/CommandLineTools/SDKs/MacOSX.sdk/System/Library/Frameworks/Ruby.framework/Versions/2.6/usr/include/ruby-2.6.0/ruby/ruby.h:1826:24: note: expanded from macro 'rb_intern'
 1826 |         __extension__ (RUBY_CONST_ID_CACHE((ID), (str))) : \
      |                        ^~~~~~~~~~~~~~~~~~~~~~~~~~~~~~~~
/Library/Developer/CommandLineTools/SDKs/MacOSX.sdk/System/Library/Frameworks/Ruby.framework/Versions/2.6/usr/include/ruby-2.6.0/ruby/ruby.h:1811:5: note: expanded from macro 'RUBY_CONST_ID_CACHE'
 1811 |     {                                                   \
      |     ^
Function.c:1071:18: warning: '}' and ')' tokens terminating statement expression appear in different macro expansion contexts [-Wcompound-token-split-by-macro]
 1071 |     id_cbtable = rb_intern("@__ffi_callback_table__");
      |                  ^~~~~~~~~~~~~~~~~~~~~~~~~~~~~~~~~~~~
/Library/Developer/CommandLineTools/SDKs/MacOSX.sdk/System/Library/Frameworks/Ruby.framework/Versions/2.6/usr/include/ruby-2.6.0/ruby/ruby.h:1826:24: note: expanded from macro 'rb_intern'
 1826 |         __extension__ (RUBY_CONST_ID_CACHE((ID), (str))) : \
      |                        ^~~~~~~~~~~~~~~~~~~~~~~~~~~~~~~~
/Library/Developer/CommandLineTools/SDKs/MacOSX.sdk/System/Library/Frameworks/Ruby.framework/Versions/2.6/usr/include/ruby-2.6.0/ruby/ruby.h:1816:5: note: expanded from macro 'RUBY_CONST_ID_CACHE'
 1816 |     }
      |     ^
Function.c:1071:18: note: ')' token is here
 1071 |     id_cbtable = rb_intern("@__ffi_callback_table__");
      |                  ^~~~~~~~~~~~~~~~~~~~~~~~~~~~~~~~~~~~
/Library/Developer/CommandLineTools/SDKs/MacOSX.sdk/System/Library/Frameworks/Ruby.framework/Versions/2.6/usr/include/ruby-2.6.0/ruby/ruby.h:1826:56: note: expanded from macro 'rb_intern'
 1826 |         __extension__ (RUBY_CONST_ID_CACHE((ID), (str))) : \
      |                                                        ^
Function.c:1072:17: warning: '(' and '{' tokens introducing statement expression appear in different macro expansion contexts [-Wcompound-token-split-by-macro]
 1072 |     id_cb_ref = rb_intern("@__ffi_callback__");
      |                 ^~~~~~~~~~~~~~~~~~~~~~~~~~~~~~
/Library/Developer/CommandLineTools/SDKs/MacOSX.sdk/System/Library/Frameworks/Ruby.framework/Versions/2.6/usr/include/ruby-2.6.0/ruby/ruby.h:1826:23: note: expanded from macro 'rb_intern'
 1826 |         __extension__ (RUBY_CONST_ID_CACHE((ID), (str))) : \
      |                       ^
Function.c:1072:17: note: '{' token is here
 1072 |     id_cb_ref = rb_intern("@__ffi_callback__");
      |                 ^~~~~~~~~~~~~~~~~~~~~~~~~~~~~~
/Library/Developer/CommandLineTools/SDKs/MacOSX.sdk/System/Library/Frameworks/Ruby.framework/Versions/2.6/usr/include/ruby-2.6.0/ruby/ruby.h:1826:24: note: expanded from macro 'rb_intern'
 1826 |         __extension__ (RUBY_CONST_ID_CACHE((ID), (str))) : \
      |                        ^~~~~~~~~~~~~~~~~~~~~~~~~~~~~~~~
/Library/Developer/CommandLineTools/SDKs/MacOSX.sdk/System/Library/Frameworks/Ruby.framework/Versions/2.6/usr/include/ruby-2.6.0/ruby/ruby.h:1811:5: note: expanded from macro 'RUBY_CONST_ID_CACHE'
 1811 |     {                                                   \
      |     ^
Function.c:1072:17: warning: '}' and ')' tokens terminating statement expression appear in different macro expansion contexts [-Wcompound-token-split-by-macro]
 1072 |     id_cb_ref = rb_intern("@__ffi_callback__");
      |                 ^~~~~~~~~~~~~~~~~~~~~~~~~~~~~~
/Library/Developer/CommandLineTools/SDKs/MacOSX.sdk/System/Library/Frameworks/Ruby.framework/Versions/2.6/usr/include/ruby-2.6.0/ruby/ruby.h:1826:24: note: expanded from macro 'rb_intern'
 1826 |         __extension__ (RUBY_CONST_ID_CACHE((ID), (str))) : \
      |                        ^~~~~~~~~~~~~~~~~~~~~~~~~~~~~~~~
/Library/Developer/CommandLineTools/SDKs/MacOSX.sdk/System/Library/Frameworks/Ruby.framework/Versions/2.6/usr/include/ruby-2.6.0/ruby/ruby.h:1816:5: note: expanded from macro 'RUBY_CONST_ID_CACHE'
 1816 |     }
      |     ^
Function.c:1072:17: note: ')' token is here
 1072 |     id_cb_ref = rb_intern("@__ffi_callback__");
      |                 ^~~~~~~~~~~~~~~~~~~~~~~~~~~~~~
/Library/Developer/CommandLineTools/SDKs/MacOSX.sdk/System/Library/Frameworks/Ruby.framework/Versions/2.6/usr/include/ruby-2.6.0/ruby/ruby.h:1826:56: note: expanded from macro 'rb_intern'
 1826 |         __extension__ (RUBY_CONST_ID_CACHE((ID), (str))) : \
      |                                                        ^
Function.c:1073:20: warning: '(' and '{' tokens introducing statement expression appear in different macro expansion contexts [-Wcompound-token-split-by-macro]
 1073 |     id_to_native = rb_intern("to_native");
      |                    ^~~~~~~~~~~~~~~~~~~~~~
/Library/Developer/CommandLineTools/SDKs/MacOSX.sdk/System/Library/Frameworks/Ruby.framework/Versions/2.6/usr/include/ruby-2.6.0/ruby/ruby.h:1826:23: note: expanded from macro 'rb_intern'
 1826 |         __extension__ (RUBY_CONST_ID_CACHE((ID), (str))) : \
      |                       ^
Function.c:1073:20: note: '{' token is here
 1073 |     id_to_native = rb_intern("to_native");
      |                    ^~~~~~~~~~~~~~~~~~~~~~
/Library/Developer/CommandLineTools/SDKs/MacOSX.sdk/System/Library/Frameworks/Ruby.framework/Versions/2.6/usr/include/ruby-2.6.0/ruby/ruby.h:1826:24: note: expanded from macro 'rb_intern'
 1826 |         __extension__ (RUBY_CONST_ID_CACHE((ID), (str))) : \
      |                        ^~~~~~~~~~~~~~~~~~~~~~~~~~~~~~~~
/Library/Developer/CommandLineTools/SDKs/MacOSX.sdk/System/Library/Frameworks/Ruby.framework/Versions/2.6/usr/include/ruby-2.6.0/ruby/ruby.h:1811:5: note: expanded from macro 'RUBY_CONST_ID_CACHE'
 1811 |     {                                                   \
      |     ^
Function.c:1073:20: warning: '}' and ')' tokens terminating statement expression appear in different macro expansion contexts [-Wcompound-token-split-by-macro]
 1073 |     id_to_native = rb_intern("to_native");
      |                    ^~~~~~~~~~~~~~~~~~~~~~
/Library/Developer/CommandLineTools/SDKs/MacOSX.sdk/System/Library/Frameworks/Ruby.framework/Versions/2.6/usr/include/ruby-2.6.0/ruby/ruby.h:1826:24: note: expanded from macro 'rb_intern'
 1826 |         __extension__ (RUBY_CONST_ID_CACHE((ID), (str))) : \
      |                        ^~~~~~~~~~~~~~~~~~~~~~~~~~~~~~~~
/Library/Developer/CommandLineTools/SDKs/MacOSX.sdk/System/Library/Frameworks/Ruby.framework/Versions/2.6/usr/include/ruby-2.6.0/ruby/ruby.h:1816:5: note: expanded from macro 'RUBY_CONST_ID_CACHE'
 1816 |     }
      |     ^
Function.c:1073:20: note: ')' token is here
 1073 |     id_to_native = rb_intern("to_native");
      |                    ^~~~~~~~~~~~~~~~~~~~~~
/Library/Developer/CommandLineTools/SDKs/MacOSX.sdk/System/Library/Frameworks/Ruby.framework/Versions/2.6/usr/include/ruby-2.6.0/ruby/ruby.h:1826:56: note: expanded from macro 'rb_intern'
 1826 |         __extension__ (RUBY_CONST_ID_CACHE((ID), (str))) : \
      |                                                        ^
Function.c:1074:22: warning: '(' and '{' tokens introducing statement expression appear in different macro expansion contexts [-Wcompound-token-split-by-macro]
 1074 |     id_from_native = rb_intern("from_native");
      |                      ^~~~~~~~~~~~~~~~~~~~~~~~
/Library/Developer/CommandLineTools/SDKs/MacOSX.sdk/System/Library/Frameworks/Ruby.framework/Versions/2.6/usr/include/ruby-2.6.0/ruby/ruby.h:1826:23: note: expanded from macro 'rb_intern'
 1826 |         __extension__ (RUBY_CONST_ID_CACHE((ID), (str))) : \
      |                       ^
Function.c:1074:22: note: '{' token is here
 1074 |     id_from_native = rb_intern("from_native");
      |                      ^~~~~~~~~~~~~~~~~~~~~~~~
/Library/Developer/CommandLineTools/SDKs/MacOSX.sdk/System/Library/Frameworks/Ruby.framework/Versions/2.6/usr/include/ruby-2.6.0/ruby/ruby.h:1826:24: note: expanded from macro 'rb_intern'
 1826 |         __extension__ (RUBY_CONST_ID_CACHE((ID), (str))) : \
      |                        ^~~~~~~~~~~~~~~~~~~~~~~~~~~~~~~~
/Library/Developer/CommandLineTools/SDKs/MacOSX.sdk/System/Library/Frameworks/Ruby.framework/Versions/2.6/usr/include/ruby-2.6.0/ruby/ruby.h:1811:5: note: expanded from macro 'RUBY_CONST_ID_CACHE'
 1811 |     {                                                   \
      |     ^
Function.c:1074:22: warning: '}' and ')' tokens terminating statement expression appear in different macro expansion contexts [-Wcompound-token-split-by-macro]
 1074 |     id_from_native = rb_intern("from_native");
      |                      ^~~~~~~~~~~~~~~~~~~~~~~~
/Library/Developer/CommandLineTools/SDKs/MacOSX.sdk/System/Library/Frameworks/Ruby.framework/Versions/2.6/usr/include/ruby-2.6.0/ruby/ruby.h:1826:24: note: expanded from macro 'rb_intern'
 1826 |         __extension__ (RUBY_CONST_ID_CACHE((ID), (str))) : \
      |                        ^~~~~~~~~~~~~~~~~~~~~~~~~~~~~~~~
/Library/Developer/CommandLineTools/SDKs/MacOSX.sdk/System/Library/Frameworks/Ruby.framework/Versions/2.6/usr/include/ruby-2.6.0/ruby/ruby.h:1816:5: note: expanded from macro 'RUBY_CONST_ID_CACHE'
 1816 |     }
      |     ^
Function.c:1074:22: note: ')' token is here
 1074 |     id_from_native = rb_intern("from_native");
      |                      ^~~~~~~~~~~~~~~~~~~~~~~~
/Library/Developer/CommandLineTools/SDKs/MacOSX.sdk/System/Library/Frameworks/Ruby.framework/Versions/2.6/usr/include/ruby-2.6.0/ruby/ruby.h:1826:56: note: expanded from macro 'rb_intern'
 1826 |         __extension__ (RUBY_CONST_ID_CACHE((ID), (str))) : \
      |                                                        ^
18 warnings generated.
compiling FunctionInfo.c
FunctionInfo.c:178:55: warning: '(' and '{' tokens introducing statement expression appear in different macro expansion contexts [-Wcompound-token-split-by-macro]
  178 |         rbConvention = rb_hash_aref(rbOptions, ID2SYM(rb_intern("convention")));
      |                                                       ^~~~~~~~~~~~~~~~~~~~~~~
/Library/Developer/CommandLineTools/SDKs/MacOSX.sdk/System/Library/Frameworks/Ruby.framework/Versions/2.6/usr/include/ruby-2.6.0/ruby/ruby.h:1826:23: note: expanded from macro 'rb_intern'
 1826 |         __extension__ (RUBY_CONST_ID_CACHE((ID), (str))) : \
      |                       ^
/Library/Developer/CommandLineTools/SDKs/MacOSX.sdk/System/Library/Frameworks/Ruby.framework/Versions/2.6/usr/include/ruby-2.6.0/ruby/ruby.h:413:29: note: expanded from macro 'ID2SYM'
  413 | #define ID2SYM(x) RB_ID2SYM(x)
      |                             ^
/Library/Developer/CommandLineTools/SDKs/MacOSX.sdk/System/Library/Frameworks/Ruby.framework/Versions/2.6/usr/include/ruby-2.6.0/ruby/ruby.h:408:33: note: expanded from macro 'RB_ID2SYM'
  408 | #define RB_ID2SYM(x) (rb_id2sym(x))
      |                                 ^
FunctionInfo.c:178:55: note: '{' token is here
  178 |         rbConvention = rb_hash_aref(rbOptions, ID2SYM(rb_intern("convention")));
      |                                                       ^~~~~~~~~~~~~~~~~~~~~~~
/Library/Developer/CommandLineTools/SDKs/MacOSX.sdk/System/Library/Frameworks/Ruby.framework/Versions/2.6/usr/include/ruby-2.6.0/ruby/ruby.h:1826:24: note: expanded from macro 'rb_intern'
 1826 |         __extension__ (RUBY_CONST_ID_CACHE((ID), (str))) : \
      |                        ^~~~~~~~~~~~~~~~~~~~~~~~~~~~~~~~
/Library/Developer/CommandLineTools/SDKs/MacOSX.sdk/System/Library/Frameworks/Ruby.framework/Versions/2.6/usr/include/ruby-2.6.0/ruby/ruby.h:1811:5: note: expanded from macro 'RUBY_CONST_ID_CACHE'
 1811 |     {                                                   \
      |     ^
/Library/Developer/CommandLineTools/SDKs/MacOSX.sdk/System/Library/Frameworks/Ruby.framework/Versions/2.6/usr/include/ruby-2.6.0/ruby/ruby.h:413:29: note: expanded from macro 'ID2SYM'
  413 | #define ID2SYM(x) RB_ID2SYM(x)
      |                             ^
/Library/Developer/CommandLineTools/SDKs/MacOSX.sdk/System/Library/Frameworks/Ruby.framework/Versions/2.6/usr/include/ruby-2.6.0/ruby/ruby.h:408:33: note: expanded from macro 'RB_ID2SYM'
  408 | #define RB_ID2SYM(x) (rb_id2sym(x))
      |                                 ^
FunctionInfo.c:178:55: warning: '}' and ')' tokens terminating statement expression appear in different macro expansion contexts [-Wcompound-token-split-by-macro]
  178 |         rbConvention = rb_hash_aref(rbOptions, ID2SYM(rb_intern("convention")));
      |                                                       ^~~~~~~~~~~~~~~~~~~~~~~
/Library/Developer/CommandLineTools/SDKs/MacOSX.sdk/System/Library/Frameworks/Ruby.framework/Versions/2.6/usr/include/ruby-2.6.0/ruby/ruby.h:1826:24: note: expanded from macro 'rb_intern'
 1826 |         __extension__ (RUBY_CONST_ID_CACHE((ID), (str))) : \
      |                        ^~~~~~~~~~~~~~~~~~~~~~~~~~~~~~~~
/Library/Developer/CommandLineTools/SDKs/MacOSX.sdk/System/Library/Frameworks/Ruby.framework/Versions/2.6/usr/include/ruby-2.6.0/ruby/ruby.h:1816:5: note: expanded from macro 'RUBY_CONST_ID_CACHE'
 1816 |     }
      |     ^
/Library/Developer/CommandLineTools/SDKs/MacOSX.sdk/System/Library/Frameworks/Ruby.framework/Versions/2.6/usr/include/ruby-2.6.0/ruby/ruby.h:413:29: note: expanded from macro 'ID2SYM'
  413 | #define ID2SYM(x) RB_ID2SYM(x)
      |                             ^
/Library/Developer/CommandLineTools/SDKs/MacOSX.sdk/System/Library/Frameworks/Ruby.framework/Versions/2.6/usr/include/ruby-2.6.0/ruby/ruby.h:408:33: note: expanded from macro 'RB_ID2SYM'
  408 | #define RB_ID2SYM(x) (rb_id2sym(x))
      |                                 ^
FunctionInfo.c:178:55: note: ')' token is here
  178 |         rbConvention = rb_hash_aref(rbOptions, ID2SYM(rb_intern("convention")));
      |                                                       ^~~~~~~~~~~~~~~~~~~~~~~
/Library/Developer/CommandLineTools/SDKs/MacOSX.sdk/System/Library/Frameworks/Ruby.framework/Versions/2.6/usr/include/ruby-2.6.0/ruby/ruby.h:1826:56: note: expanded from macro 'rb_intern'
 1826 |         __extension__ (RUBY_CONST_ID_CACHE((ID), (str))) : \
      |                                                        ^
/Library/Developer/CommandLineTools/SDKs/MacOSX.sdk/System/Library/Frameworks/Ruby.framework/Versions/2.6/usr/include/ruby-2.6.0/ruby/ruby.h:413:29: note: expanded from macro 'ID2SYM'
  413 | #define ID2SYM(x) RB_ID2SYM(x)
      |                             ^
/Library/Developer/CommandLineTools/SDKs/MacOSX.sdk/System/Library/Frameworks/Ruby.framework/Versions/2.6/usr/include/ruby-2.6.0/ruby/ruby.h:408:33: note: expanded from macro 'RB_ID2SYM'
  408 | #define RB_ID2SYM(x) (rb_id2sym(x))
      |                                 ^
FunctionInfo.c:179:50: warning: '(' and '{' tokens introducing statement expression appear in different macro expansion contexts [-Wcompound-token-split-by-macro]
  179 |         rbEnums = rb_hash_aref(rbOptions, ID2SYM(rb_intern("enums")));
      |                                                  ^~~~~~~~~~~~~~~~~~
/Library/Developer/CommandLineTools/SDKs/MacOSX.sdk/System/Library/Frameworks/Ruby.framework/Versions/2.6/usr/include/ruby-2.6.0/ruby/ruby.h:1826:23: note: expanded from macro 'rb_intern'
 1826 |         __extension__ (RUBY_CONST_ID_CACHE((ID), (str))) : \
      |                       ^
/Library/Developer/CommandLineTools/SDKs/MacOSX.sdk/System/Library/Frameworks/Ruby.framework/Versions/2.6/usr/include/ruby-2.6.0/ruby/ruby.h:413:29: note: expanded from macro 'ID2SYM'
  413 | #define ID2SYM(x) RB_ID2SYM(x)
      |                             ^
/Library/Developer/CommandLineTools/SDKs/MacOSX.sdk/System/Library/Frameworks/Ruby.framework/Versions/2.6/usr/include/ruby-2.6.0/ruby/ruby.h:408:33: note: expanded from macro 'RB_ID2SYM'
  408 | #define RB_ID2SYM(x) (rb_id2sym(x))
      |                                 ^
FunctionInfo.c:179:50: note: '{' token is here
  179 |         rbEnums = rb_hash_aref(rbOptions, ID2SYM(rb_intern("enums")));
      |                                                  ^~~~~~~~~~~~~~~~~~
/Library/Developer/CommandLineTools/SDKs/MacOSX.sdk/System/Library/Frameworks/Ruby.framework/Versions/2.6/usr/include/ruby-2.6.0/ruby/ruby.h:1826:24: note: expanded from macro 'rb_intern'
 1826 |         __extension__ (RUBY_CONST_ID_CACHE((ID), (str))) : \
      |                        ^~~~~~~~~~~~~~~~~~~~~~~~~~~~~~~~
/Library/Developer/CommandLineTools/SDKs/MacOSX.sdk/System/Library/Frameworks/Ruby.framework/Versions/2.6/usr/include/ruby-2.6.0/ruby/ruby.h:1811:5: note: expanded from macro 'RUBY_CONST_ID_CACHE'
 1811 |     {                                                   \
      |     ^
/Library/Developer/CommandLineTools/SDKs/MacOSX.sdk/System/Library/Frameworks/Ruby.framework/Versions/2.6/usr/include/ruby-2.6.0/ruby/ruby.h:413:29: note: expanded from macro 'ID2SYM'
  413 | #define ID2SYM(x) RB_ID2SYM(x)
      |                             ^
/Library/Developer/CommandLineTools/SDKs/MacOSX.sdk/System/Library/Frameworks/Ruby.framework/Versions/2.6/usr/include/ruby-2.6.0/ruby/ruby.h:408:33: note: expanded from macro 'RB_ID2SYM'
  408 | #define RB_ID2SYM(x) (rb_id2sym(x))
      |                                 ^
FunctionInfo.c:179:50: warning: '}' and ')' tokens terminating statement expression appear in different macro expansion contexts [-Wcompound-token-split-by-macro]
  179 |         rbEnums = rb_hash_aref(rbOptions, ID2SYM(rb_intern("enums")));
      |                                                  ^~~~~~~~~~~~~~~~~~
/Library/Developer/CommandLineTools/SDKs/MacOSX.sdk/System/Library/Frameworks/Ruby.framework/Versions/2.6/usr/include/ruby-2.6.0/ruby/ruby.h:1826:24: note: expanded from macro 'rb_intern'
 1826 |         __extension__ (RUBY_CONST_ID_CACHE((ID), (str))) : \
      |                        ^~~~~~~~~~~~~~~~~~~~~~~~~~~~~~~~
/Library/Developer/CommandLineTools/SDKs/MacOSX.sdk/System/Library/Frameworks/Ruby.framework/Versions/2.6/usr/include/ruby-2.6.0/ruby/ruby.h:1816:5: note: expanded from macro 'RUBY_CONST_ID_CACHE'
 1816 |     }
      |     ^
/Library/Developer/CommandLineTools/SDKs/MacOSX.sdk/System/Library/Frameworks/Ruby.framework/Versions/2.6/usr/include/ruby-2.6.0/ruby/ruby.h:413:29: note: expanded from macro 'ID2SYM'
  413 | #define ID2SYM(x) RB_ID2SYM(x)
      |                             ^
/Library/Developer/CommandLineTools/SDKs/MacOSX.sdk/System/Library/Frameworks/Ruby.framework/Versions/2.6/usr/include/ruby-2.6.0/ruby/ruby.h:408:33: note: expanded from macro 'RB_ID2SYM'
  408 | #define RB_ID2SYM(x) (rb_id2sym(x))
      |                                 ^
FunctionInfo.c:179:50: note: ')' token is here
  179 |         rbEnums = rb_hash_aref(rbOptions, ID2SYM(rb_intern("enums")));
      |                                                  ^~~~~~~~~~~~~~~~~~
/Library/Developer/CommandLineTools/SDKs/MacOSX.sdk/System/Library/Frameworks/Ruby.framework/Versions/2.6/usr/include/ruby-2.6.0/ruby/ruby.h:1826:56: note: expanded from macro 'rb_intern'
 1826 |         __extension__ (RUBY_CONST_ID_CACHE((ID), (str))) : \
      |                                                        ^
/Library/Developer/CommandLineTools/SDKs/MacOSX.sdk/System/Library/Frameworks/Ruby.framework/Versions/2.6/usr/include/ruby-2.6.0/ruby/ruby.h:413:29: note: expanded from macro 'ID2SYM'
  413 | #define ID2SYM(x) RB_ID2SYM(x)
      |                             ^
/Library/Developer/CommandLineTools/SDKs/MacOSX.sdk/System/Library/Frameworks/Ruby.framework/Versions/2.6/usr/include/ruby-2.6.0/ruby/ruby.h:408:33: note: expanded from macro 'RB_ID2SYM'
  408 | #define RB_ID2SYM(x) (rb_id2sym(x))
      |                                 ^
FunctionInfo.c:180:53: warning: '(' and '{' tokens introducing statement expression appear in different macro expansion contexts [-Wcompound-token-split-by-macro]
  180 |         rbBlocking = rb_hash_aref(rbOptions, ID2SYM(rb_intern("blocking")));
      |                                                     ^~~~~~~~~~~~~~~~~~~~~
/Library/Developer/CommandLineTools/SDKs/MacOSX.sdk/System/Library/Frameworks/Ruby.framework/Versions/2.6/usr/include/ruby-2.6.0/ruby/ruby.h:1826:23: note: expanded from macro 'rb_intern'
 1826 |         __extension__ (RUBY_CONST_ID_CACHE((ID), (str))) : \
      |                       ^
/Library/Developer/CommandLineTools/SDKs/MacOSX.sdk/System/Library/Frameworks/Ruby.framework/Versions/2.6/usr/include/ruby-2.6.0/ruby/ruby.h:413:29: note: expanded from macro 'ID2SYM'
  413 | #define ID2SYM(x) RB_ID2SYM(x)
      |                             ^
/Library/Developer/CommandLineTools/SDKs/MacOSX.sdk/System/Library/Frameworks/Ruby.framework/Versions/2.6/usr/include/ruby-2.6.0/ruby/ruby.h:408:33: note: expanded from macro 'RB_ID2SYM'
  408 | #define RB_ID2SYM(x) (rb_id2sym(x))
      |                                 ^
FunctionInfo.c:180:53: note: '{' token is here
  180 |         rbBlocking = rb_hash_aref(rbOptions, ID2SYM(rb_intern("blocking")));
      |                                                     ^~~~~~~~~~~~~~~~~~~~~
/Library/Developer/CommandLineTools/SDKs/MacOSX.sdk/System/Library/Frameworks/Ruby.framework/Versions/2.6/usr/include/ruby-2.6.0/ruby/ruby.h:1826:24: note: expanded from macro 'rb_intern'
 1826 |         __extension__ (RUBY_CONST_ID_CACHE((ID), (str))) : \
      |                        ^~~~~~~~~~~~~~~~~~~~~~~~~~~~~~~~
/Library/Developer/CommandLineTools/SDKs/MacOSX.sdk/System/Library/Frameworks/Ruby.framework/Versions/2.6/usr/include/ruby-2.6.0/ruby/ruby.h:1811:5: note: expanded from macro 'RUBY_CONST_ID_CACHE'
 1811 |     {                                                   \
      |     ^
/Library/Developer/CommandLineTools/SDKs/MacOSX.sdk/System/Library/Frameworks/Ruby.framework/Versions/2.6/usr/include/ruby-2.6.0/ruby/ruby.h:413:29: note: expanded from macro 'ID2SYM'
  413 | #define ID2SYM(x) RB_ID2SYM(x)
      |                             ^
/Library/Developer/CommandLineTools/SDKs/MacOSX.sdk/System/Library/Frameworks/Ruby.framework/Versions/2.6/usr/include/ruby-2.6.0/ruby/ruby.h:408:33: note: expanded from macro 'RB_ID2SYM'
  408 | #define RB_ID2SYM(x) (rb_id2sym(x))
      |                                 ^
FunctionInfo.c:180:53: warning: '}' and ')' tokens terminating statement expression appear in different macro expansion contexts [-Wcompound-token-split-by-macro]
  180 |         rbBlocking = rb_hash_aref(rbOptions, ID2SYM(rb_intern("blocking")));
      |                                                     ^~~~~~~~~~~~~~~~~~~~~
/Library/Developer/CommandLineTools/SDKs/MacOSX.sdk/System/Library/Frameworks/Ruby.framework/Versions/2.6/usr/include/ruby-2.6.0/ruby/ruby.h:1826:24: note: expanded from macro 'rb_intern'
 1826 |         __extension__ (RUBY_CONST_ID_CACHE((ID), (str))) : \
      |                        ^~~~~~~~~~~~~~~~~~~~~~~~~~~~~~~~
/Library/Developer/CommandLineTools/SDKs/MacOSX.sdk/System/Library/Frameworks/Ruby.framework/Versions/2.6/usr/include/ruby-2.6.0/ruby/ruby.h:1816:5: note: expanded from macro 'RUBY_CONST_ID_CACHE'
 1816 |     }
      |     ^
/Library/Developer/CommandLineTools/SDKs/MacOSX.sdk/System/Library/Frameworks/Ruby.framework/Versions/2.6/usr/include/ruby-2.6.0/ruby/ruby.h:413:29: note: expanded from macro 'ID2SYM'
  413 | #define ID2SYM(x) RB_ID2SYM(x)
      |                             ^
/Library/Developer/CommandLineTools/SDKs/MacOSX.sdk/System/Library/Frameworks/Ruby.framework/Versions/2.6/usr/include/ruby-2.6.0/ruby/ruby.h:408:33: note: expanded from macro 'RB_ID2SYM'
  408 | #define RB_ID2SYM(x) (rb_id2sym(x))
      |                                 ^
FunctionInfo.c:180:53: note: ')' token is here
  180 |         rbBlocking = rb_hash_aref(rbOptions, ID2SYM(rb_intern("blocking")));
      |                                                     ^~~~~~~~~~~~~~~~~~~~~
/Library/Developer/CommandLineTools/SDKs/MacOSX.sdk/System/Library/Frameworks/Ruby.framework/Versions/2.6/usr/include/ruby-2.6.0/ruby/ruby.h:1826:56: note: expanded from macro 'rb_intern'
 1826 |         __extension__ (RUBY_CONST_ID_CACHE((ID), (str))) : \
      |                                                        ^
/Library/Developer/CommandLineTools/SDKs/MacOSX.sdk/System/Library/Frameworks/Ruby.framework/Versions/2.6/usr/include/ruby-2.6.0/ruby/ruby.h:413:29: note: expanded from macro 'ID2SYM'
  413 | #define ID2SYM(x) RB_ID2SYM(x)
      |                             ^
/Library/Developer/CommandLineTools/SDKs/MacOSX.sdk/System/Library/Frameworks/Ruby.framework/Versions/2.6/usr/include/ruby-2.6.0/ruby/ruby.h:408:33: note: expanded from macro 'RB_ID2SYM'
  408 | #define RB_ID2SYM(x) (rb_id2sym(x))
      |                                 ^
FunctionInfo.c:200:49: warning: '(' and '{' tokens introducing statement expression appear in different macro expansion contexts [-Wcompound-token-split-by-macro]
  200 |             VALUE typeName = rb_funcall2(entry, rb_intern("inspect"), 0, NULL);
      |                                                 ^~~~~~~~~~~~~~~~~~~~
/Library/Developer/CommandLineTools/SDKs/MacOSX.sdk/System/Library/Frameworks/Ruby.framework/Versions/2.6/usr/include/ruby-2.6.0/ruby/ruby.h:1826:23: note: expanded from macro 'rb_intern'
 1826 |         __extension__ (RUBY_CONST_ID_CACHE((ID), (str))) : \
      |                       ^
FunctionInfo.c:200:49: note: '{' token is here
  200 |             VALUE typeName = rb_funcall2(entry, rb_intern("inspect"), 0, NULL);
      |                                                 ^~~~~~~~~~~~~~~~~~~~
/Library/Developer/CommandLineTools/SDKs/MacOSX.sdk/System/Library/Frameworks/Ruby.framework/Versions/2.6/usr/include/ruby-2.6.0/ruby/ruby.h:1826:24: note: expanded from macro 'rb_intern'
 1826 |         __extension__ (RUBY_CONST_ID_CACHE((ID), (str))) : \
      |                        ^~~~~~~~~~~~~~~~~~~~~~~~~~~~~~~~
/Library/Developer/CommandLineTools/SDKs/MacOSX.sdk/System/Library/Frameworks/Ruby.framework/Versions/2.6/usr/include/ruby-2.6.0/ruby/ruby.h:1811:5: note: expanded from macro 'RUBY_CONST_ID_CACHE'
 1811 |     {                                                   \
      |     ^
FunctionInfo.c:200:49: warning: '}' and ')' tokens terminating statement expression appear in different macro expansion contexts [-Wcompound-token-split-by-macro]
  200 |             VALUE typeName = rb_funcall2(entry, rb_intern("inspect"), 0, NULL);
      |                                                 ^~~~~~~~~~~~~~~~~~~~
/Library/Developer/CommandLineTools/SDKs/MacOSX.sdk/System/Library/Frameworks/Ruby.framework/Versions/2.6/usr/include/ruby-2.6.0/ruby/ruby.h:1826:24: note: expanded from macro 'rb_intern'
 1826 |         __extension__ (RUBY_CONST_ID_CACHE((ID), (str))) : \
      |                        ^~~~~~~~~~~~~~~~~~~~~~~~~~~~~~~~
/Library/Developer/CommandLineTools/SDKs/MacOSX.sdk/System/Library/Frameworks/Ruby.framework/Versions/2.6/usr/include/ruby-2.6.0/ruby/ruby.h:1816:5: note: expanded from macro 'RUBY_CONST_ID_CACHE'
 1816 |     }
      |     ^
FunctionInfo.c:200:49: note: ')' token is here
  200 |             VALUE typeName = rb_funcall2(entry, rb_intern("inspect"), 0, NULL);
      |                                                 ^~~~~~~~~~~~~~~~~~~~
/Library/Developer/CommandLineTools/SDKs/MacOSX.sdk/System/Library/Frameworks/Ruby.framework/Versions/2.6/usr/include/ruby-2.6.0/ruby/ruby.h:1826:56: note: expanded from macro 'rb_intern'
 1826 |         __extension__ (RUBY_CONST_ID_CACHE((ID), (str))) : \
      |                                                        ^
FunctionInfo.c:222:52: warning: '(' and '{' tokens introducing statement expression appear in different macro expansion contexts [-Wcompound-token-split-by-macro]
  222 |         VALUE typeName = rb_funcall2(rbReturnType, rb_intern("inspect"), 0, NULL);
      |                                                    ^~~~~~~~~~~~~~~~~~~~
/Library/Developer/CommandLineTools/SDKs/MacOSX.sdk/System/Library/Frameworks/Ruby.framework/Versions/2.6/usr/include/ruby-2.6.0/ruby/ruby.h:1826:23: note: expanded from macro 'rb_intern'
 1826 |         __extension__ (RUBY_CONST_ID_CACHE((ID), (str))) : \
      |                       ^
FunctionInfo.c:222:52: note: '{' token is here
  222 |         VALUE typeName = rb_funcall2(rbReturnType, rb_intern("inspect"), 0, NULL);
      |                                                    ^~~~~~~~~~~~~~~~~~~~
/Library/Developer/CommandLineTools/SDKs/MacOSX.sdk/System/Library/Frameworks/Ruby.framework/Versions/2.6/usr/include/ruby-2.6.0/ruby/ruby.h:1826:24: note: expanded from macro 'rb_intern'
 1826 |         __extension__ (RUBY_CONST_ID_CACHE((ID), (str))) : \
      |                        ^~~~~~~~~~~~~~~~~~~~~~~~~~~~~~~~
/Library/Developer/CommandLineTools/SDKs/MacOSX.sdk/System/Library/Frameworks/Ruby.framework/Versions/2.6/usr/include/ruby-2.6.0/ruby/ruby.h:1811:5: note: expanded from macro 'RUBY_CONST_ID_CACHE'
 1811 |     {                                                   \
      |     ^
FunctionInfo.c:222:52: warning: '}' and ')' tokens terminating statement expression appear in different macro expansion contexts [-Wcompound-token-split-by-macro]
  222 |         VALUE typeName = rb_funcall2(rbReturnType, rb_intern("inspect"), 0, NULL);
      |                                                    ^~~~~~~~~~~~~~~~~~~~
/Library/Developer/CommandLineTools/SDKs/MacOSX.sdk/System/Library/Frameworks/Ruby.framework/Versions/2.6/usr/include/ruby-2.6.0/ruby/ruby.h:1826:24: note: expanded from macro 'rb_intern'
 1826 |         __extension__ (RUBY_CONST_ID_CACHE((ID), (str))) : \
      |                        ^~~~~~~~~~~~~~~~~~~~~~~~~~~~~~~~
/Library/Developer/CommandLineTools/SDKs/MacOSX.sdk/System/Library/Frameworks/Ruby.framework/Versions/2.6/usr/include/ruby-2.6.0/ruby/ruby.h:1816:5: note: expanded from macro 'RUBY_CONST_ID_CACHE'
 1816 |     }
      |     ^
FunctionInfo.c:222:52: note: ')' token is here
  222 |         VALUE typeName = rb_funcall2(rbReturnType, rb_intern("inspect"), 0, NULL);
      |                                                    ^~~~~~~~~~~~~~~~~~~~
/Library/Developer/CommandLineTools/SDKs/MacOSX.sdk/System/Library/Frameworks/Ruby.framework/Versions/2.6/usr/include/ruby-2.6.0/ruby/ruby.h:1826:56: note: expanded from macro 'rb_intern'
 1826 |         __extension__ (RUBY_CONST_ID_CACHE((ID), (str))) : \
      |                                                        ^
10 warnings generated.
compiling LastError.c
compiling LongDouble.c
LongDouble.c:24:39: warning: '(' and '{' tokens introducing statement expression appear in different macro expansion contexts [-Wcompound-token-split-by-macro]
   24 |         return rb_funcall(rb_mKernel, rb_intern("BigDecimal"), 1, rb_str_new(buf, sprintf(buf, "%.35Le", ld)));
      |                                       ^~~~~~~~~~~~~~~~~~~~~~~
/Library/Developer/CommandLineTools/SDKs/MacOSX.sdk/System/Library/Frameworks/Ruby.framework/Versions/2.6/usr/include/ruby-2.6.0/ruby/ruby.h:1826:23: note: expanded from macro 'rb_intern'
 1826 |         __extension__ (RUBY_CONST_ID_CACHE((ID), (str))) : \
      |                       ^
/Library/Developer/CommandLineTools/SDKs/MacOSX.sdk/System/Library/Frameworks/Ruby.framework/Versions/2.6/usr/include/ruby-2.6.0/ruby/ruby.h:2602:20: note: expanded from macro 'rb_funcall'
 2602 |         rb_funcallv(recv, mid, \
      |                           ^~~
LongDouble.c:24:39: note: '{' token is here
   24 |         return rb_funcall(rb_mKernel, rb_intern("BigDecimal"), 1, rb_str_new(buf, sprintf(buf, "%.35Le", ld)));
      |                                       ^~~~~~~~~~~~~~~~~~~~~~~
/Library/Developer/CommandLineTools/SDKs/MacOSX.sdk/System/Library/Frameworks/Ruby.framework/Versions/2.6/usr/include/ruby-2.6.0/ruby/ruby.h:1826:24: note: expanded from macro 'rb_intern'
 1826 |         __extension__ (RUBY_CONST_ID_CACHE((ID), (str))) : \
      |                        ^~~~~~~~~~~~~~~~~~~~~~~~~~~~~~~~
/Library/Developer/CommandLineTools/SDKs/MacOSX.sdk/System/Library/Frameworks/Ruby.framework/Versions/2.6/usr/include/ruby-2.6.0/ruby/ruby.h:1811:5: note: expanded from macro 'RUBY_CONST_ID_CACHE'
 1811 |     {                                                   \
      |     ^
/Library/Developer/CommandLineTools/SDKs/MacOSX.sdk/System/Library/Frameworks/Ruby.framework/Versions/2.6/usr/include/ruby-2.6.0/ruby/ruby.h:2602:20: note: expanded from macro 'rb_funcall'
 2602 |         rb_funcallv(recv, mid, \
      |                           ^~~
LongDouble.c:24:39: warning: '}' and ')' tokens terminating statement expression appear in different macro expansion contexts [-Wcompound-token-split-by-macro]
   24 |         return rb_funcall(rb_mKernel, rb_intern("BigDecimal"), 1, rb_str_new(buf, sprintf(buf, "%.35Le", ld)));
      |                                       ^~~~~~~~~~~~~~~~~~~~~~~
/Library/Developer/CommandLineTools/SDKs/MacOSX.sdk/System/Library/Frameworks/Ruby.framework/Versions/2.6/usr/include/ruby-2.6.0/ruby/ruby.h:1826:24: note: expanded from macro 'rb_intern'
 1826 |         __extension__ (RUBY_CONST_ID_CACHE((ID), (str))) : \
      |                        ^~~~~~~~~~~~~~~~~~~~~~~~~~~~~~~~
/Library/Developer/CommandLineTools/SDKs/MacOSX.sdk/System/Library/Frameworks/Ruby.framework/Versions/2.6/usr/include/ruby-2.6.0/ruby/ruby.h:1816:5: note: expanded from macro 'RUBY_CONST_ID_CACHE'
 1816 |     }
      |     ^
/Library/Developer/CommandLineTools/SDKs/MacOSX.sdk/System/Library/Frameworks/Ruby.framework/Versions/2.6/usr/include/ruby-2.6.0/ruby/ruby.h:2602:20: note: expanded from macro 'rb_funcall'
 2602 |         rb_funcallv(recv, mid, \
      |                           ^~~
LongDouble.c:24:39: note: ')' token is here
   24 |         return rb_funcall(rb_mKernel, rb_intern("BigDecimal"), 1, rb_str_new(buf, sprintf(buf, "%.35Le", ld)));
      |                                       ^~~~~~~~~~~~~~~~~~~~~~~
/Library/Developer/CommandLineTools/SDKs/MacOSX.sdk/System/Library/Frameworks/Ruby.framework/Versions/2.6/usr/include/ruby-2.6.0/ruby/ruby.h:1826:56: note: expanded from macro 'rb_intern'
 1826 |         __extension__ (RUBY_CONST_ID_CACHE((ID), (str))) : \
      |                                                        ^
/Library/Developer/CommandLineTools/SDKs/MacOSX.sdk/System/Library/Frameworks/Ruby.framework/Versions/2.6/usr/include/ruby-2.6.0/ruby/ruby.h:2602:20: note: expanded from macro 'rb_funcall'
 2602 |         rb_funcallv(recv, mid, \
      |                           ^~~
LongDouble.c:38:64: warning: '(' and '{' tokens introducing statement expression appear in different macro expansion contexts [-Wcompound-token-split-by-macro]
   38 |     if (!RTEST(rb_cBigDecimal) && rb_const_defined(rb_cObject, rb_intern("BigDecimal"))) {
      |                                                                ^~~~~~~~~~~~~~~~~~~~~~~
/Library/Developer/CommandLineTools/SDKs/MacOSX.sdk/System/Library/Frameworks/Ruby.framework/Versions/2.6/usr/include/ruby-2.6.0/ruby/ruby.h:1826:23: note: expanded from macro 'rb_intern'
 1826 |         __extension__ (RUBY_CONST_ID_CACHE((ID), (str))) : \
      |                       ^
LongDouble.c:38:64: note: '{' token is here
   38 |     if (!RTEST(rb_cBigDecimal) && rb_const_defined(rb_cObject, rb_intern("BigDecimal"))) {
      |                                                                ^~~~~~~~~~~~~~~~~~~~~~~
/Library/Developer/CommandLineTools/SDKs/MacOSX.sdk/System/Library/Frameworks/Ruby.framework/Versions/2.6/usr/include/ruby-2.6.0/ruby/ruby.h:1826:24: note: expanded from macro 'rb_intern'
 1826 |         __extension__ (RUBY_CONST_ID_CACHE((ID), (str))) : \
      |                        ^~~~~~~~~~~~~~~~~~~~~~~~~~~~~~~~
/Library/Developer/CommandLineTools/SDKs/MacOSX.sdk/System/Library/Frameworks/Ruby.framework/Versions/2.6/usr/include/ruby-2.6.0/ruby/ruby.h:1811:5: note: expanded from macro 'RUBY_CONST_ID_CACHE'
 1811 |     {                                                   \
      |     ^
LongDouble.c:38:64: warning: '}' and ')' tokens terminating statement expression appear in different macro expansion contexts [-Wcompound-token-split-by-macro]
   38 |     if (!RTEST(rb_cBigDecimal) && rb_const_defined(rb_cObject, rb_intern("BigDecimal"))) {
      |                                                                ^~~~~~~~~~~~~~~~~~~~~~~
/Library/Developer/CommandLineTools/SDKs/MacOSX.sdk/System/Library/Frameworks/Ruby.framework/Versions/2.6/usr/include/ruby-2.6.0/ruby/ruby.h:1826:24: note: expanded from macro 'rb_intern'
 1826 |         __extension__ (RUBY_CONST_ID_CACHE((ID), (str))) : \
      |                        ^~~~~~~~~~~~~~~~~~~~~~~~~~~~~~~~
/Library/Developer/CommandLineTools/SDKs/MacOSX.sdk/System/Library/Frameworks/Ruby.framework/Versions/2.6/usr/include/ruby-2.6.0/ruby/ruby.h:1816:5: note: expanded from macro 'RUBY_CONST_ID_CACHE'
 1816 |     }
      |     ^
LongDouble.c:38:64: note: ')' token is here
   38 |     if (!RTEST(rb_cBigDecimal) && rb_const_defined(rb_cObject, rb_intern("BigDecimal"))) {
      |                                                                ^~~~~~~~~~~~~~~~~~~~~~~
/Library/Developer/CommandLineTools/SDKs/MacOSX.sdk/System/Library/Frameworks/Ruby.framework/Versions/2.6/usr/include/ruby-2.6.0/ruby/ruby.h:1826:56: note: expanded from macro 'rb_intern'
 1826 |         __extension__ (RUBY_CONST_ID_CACHE((ID), (str))) : \
      |                                                        ^
LongDouble.c:39:51: warning: '(' and '{' tokens introducing statement expression appear in different macro expansion contexts [-Wcompound-token-split-by-macro]
   39 |         rb_cBigDecimal = rb_const_get(rb_cObject, rb_intern("BigDecimal"));
      |                                                   ^~~~~~~~~~~~~~~~~~~~~~~
/Library/Developer/CommandLineTools/SDKs/MacOSX.sdk/System/Library/Frameworks/Ruby.framework/Versions/2.6/usr/include/ruby-2.6.0/ruby/ruby.h:1826:23: note: expanded from macro 'rb_intern'
 1826 |         __extension__ (RUBY_CONST_ID_CACHE((ID), (str))) : \
      |                       ^
LongDouble.c:39:51: note: '{' token is here
   39 |         rb_cBigDecimal = rb_const_get(rb_cObject, rb_intern("BigDecimal"));
      |                                                   ^~~~~~~~~~~~~~~~~~~~~~~
/Library/Developer/CommandLineTools/SDKs/MacOSX.sdk/System/Library/Frameworks/Ruby.framework/Versions/2.6/usr/include/ruby-2.6.0/ruby/ruby.h:1826:24: note: expanded from macro 'rb_intern'
 1826 |         __extension__ (RUBY_CONST_ID_CACHE((ID), (str))) : \
      |                        ^~~~~~~~~~~~~~~~~~~~~~~~~~~~~~~~
/Library/Developer/CommandLineTools/SDKs/MacOSX.sdk/System/Library/Frameworks/Ruby.framework/Versions/2.6/usr/include/ruby-2.6.0/ruby/ruby.h:1811:5: note: expanded from macro 'RUBY_CONST_ID_CACHE'
 1811 |     {                                                   \
      |     ^
LongDouble.c:39:51: warning: '}' and ')' tokens terminating statement expression appear in different macro expansion contexts [-Wcompound-token-split-by-macro]
   39 |         rb_cBigDecimal = rb_const_get(rb_cObject, rb_intern("BigDecimal"));
      |                                                   ^~~~~~~~~~~~~~~~~~~~~~~
/Library/Developer/CommandLineTools/SDKs/MacOSX.sdk/System/Library/Frameworks/Ruby.framework/Versions/2.6/usr/include/ruby-2.6.0/ruby/ruby.h:1826:24: note: expanded from macro 'rb_intern'
 1826 |         __extension__ (RUBY_CONST_ID_CACHE((ID), (str))) : \
      |                        ^~~~~~~~~~~~~~~~~~~~~~~~~~~~~~~~
/Library/Developer/CommandLineTools/SDKs/MacOSX.sdk/System/Library/Frameworks/Ruby.framework/Versions/2.6/usr/include/ruby-2.6.0/ruby/ruby.h:1816:5: note: expanded from macro 'RUBY_CONST_ID_CACHE'
 1816 |     }
      |     ^
LongDouble.c:39:51: note: ')' token is here
   39 |         rb_cBigDecimal = rb_const_get(rb_cObject, rb_intern("BigDecimal"));
      |                                                   ^~~~~~~~~~~~~~~~~~~~~~~
/Library/Developer/CommandLineTools/SDKs/MacOSX.sdk/System/Library/Frameworks/Ruby.framework/Versions/2.6/usr/include/ruby-2.6.0/ruby/ruby.h:1826:56: note: expanded from macro 'rb_intern'
 1826 |         __extension__ (RUBY_CONST_ID_CACHE((ID), (str))) : \
      |                                                        ^
LongDouble.c:43:37: warning: '(' and '{' tokens introducing statement expression appear in different macro expansion contexts [-Wcompound-token-split-by-macro]
   43 |         VALUE s = rb_funcall(value, rb_intern("to_s"), 1, rb_str_new2("E"));
      |                                     ^~~~~~~~~~~~~~~~~
/Library/Developer/CommandLineTools/SDKs/MacOSX.sdk/System/Library/Frameworks/Ruby.framework/Versions/2.6/usr/include/ruby-2.6.0/ruby/ruby.h:1826:23: note: expanded from macro 'rb_intern'
 1826 |         __extension__ (RUBY_CONST_ID_CACHE((ID), (str))) : \
      |                       ^
/Library/Developer/CommandLineTools/SDKs/MacOSX.sdk/System/Library/Frameworks/Ruby.framework/Versions/2.6/usr/include/ruby-2.6.0/ruby/ruby.h:2602:20: note: expanded from macro 'rb_funcall'
 2602 |         rb_funcallv(recv, mid, \
      |                           ^~~
LongDouble.c:43:37: note: '{' token is here
   43 |         VALUE s = rb_funcall(value, rb_intern("to_s"), 1, rb_str_new2("E"));
      |                                     ^~~~~~~~~~~~~~~~~
/Library/Developer/CommandLineTools/SDKs/MacOSX.sdk/System/Library/Frameworks/Ruby.framework/Versions/2.6/usr/include/ruby-2.6.0/ruby/ruby.h:1826:24: note: expanded from macro 'rb_intern'
 1826 |         __extension__ (RUBY_CONST_ID_CACHE((ID), (str))) : \
      |                        ^~~~~~~~~~~~~~~~~~~~~~~~~~~~~~~~
/Library/Developer/CommandLineTools/SDKs/MacOSX.sdk/System/Library/Frameworks/Ruby.framework/Versions/2.6/usr/include/ruby-2.6.0/ruby/ruby.h:1811:5: note: expanded from macro 'RUBY_CONST_ID_CACHE'
 1811 |     {                                                   \
      |     ^
/Library/Developer/CommandLineTools/SDKs/MacOSX.sdk/System/Library/Frameworks/Ruby.framework/Versions/2.6/usr/include/ruby-2.6.0/ruby/ruby.h:2602:20: note: expanded from macro 'rb_funcall'
 2602 |         rb_funcallv(recv, mid, \
      |                           ^~~
LongDouble.c:43:37: warning: '}' and ')' tokens terminating statement expression appear in different macro expansion contexts [-Wcompound-token-split-by-macro]
   43 |         VALUE s = rb_funcall(value, rb_intern("to_s"), 1, rb_str_new2("E"));
      |                                     ^~~~~~~~~~~~~~~~~
/Library/Developer/CommandLineTools/SDKs/MacOSX.sdk/System/Library/Frameworks/Ruby.framework/Versions/2.6/usr/include/ruby-2.6.0/ruby/ruby.h:1826:24: note: expanded from macro 'rb_intern'
 1826 |         __extension__ (RUBY_CONST_ID_CACHE((ID), (str))) : \
      |                        ^~~~~~~~~~~~~~~~~~~~~~~~~~~~~~~~
/Library/Developer/CommandLineTools/SDKs/MacOSX.sdk/System/Library/Frameworks/Ruby.framework/Versions/2.6/usr/include/ruby-2.6.0/ruby/ruby.h:1816:5: note: expanded from macro 'RUBY_CONST_ID_CACHE'
 1816 |     }
      |     ^
/Library/Developer/CommandLineTools/SDKs/MacOSX.sdk/System/Library/Frameworks/Ruby.framework/Versions/2.6/usr/include/ruby-2.6.0/ruby/ruby.h:2602:20: note: expanded from macro 'rb_funcall'
 2602 |         rb_funcallv(recv, mid, \
      |                           ^~~
LongDouble.c:43:37: note: ')' token is here
   43 |         VALUE s = rb_funcall(value, rb_intern("to_s"), 1, rb_str_new2("E"));
      |                                     ^~~~~~~~~~~~~~~~~
/Library/Developer/CommandLineTools/SDKs/MacOSX.sdk/System/Library/Frameworks/Ruby.framework/Versions/2.6/usr/include/ruby-2.6.0/ruby/ruby.h:1826:56: note: expanded from macro 'rb_intern'
 1826 |         __extension__ (RUBY_CONST_ID_CACHE((ID), (str))) : \
      |                                                        ^
/Library/Developer/CommandLineTools/SDKs/MacOSX.sdk/System/Library/Frameworks/Ruby.framework/Versions/2.6/usr/include/ruby-2.6.0/ruby/ruby.h:2602:20: note: expanded from macro 'rb_funcall'
 2602 |         rb_funcallv(recv, mid, \
      |                           ^~~
LongDouble.c:58:37: warning: '(' and '{' tokens introducing statement expression appear in different macro expansion contexts [-Wcompound-token-split-by-macro]
   58 |     return rb_const_get(rb_cObject, rb_intern("BigDecimal"));
      |                                     ^~~~~~~~~~~~~~~~~~~~~~~
/Library/Developer/CommandLineTools/SDKs/MacOSX.sdk/System/Library/Frameworks/Ruby.framework/Versions/2.6/usr/include/ruby-2.6.0/ruby/ruby.h:1826:23: note: expanded from macro 'rb_intern'
 1826 |         __extension__ (RUBY_CONST_ID_CACHE((ID), (str))) : \
      |                       ^
LongDouble.c:58:37: note: '{' token is here
   58 |     return rb_const_get(rb_cObject, rb_intern("BigDecimal"));
      |                                     ^~~~~~~~~~~~~~~~~~~~~~~
/Library/Developer/CommandLineTools/SDKs/MacOSX.sdk/System/Library/Frameworks/Ruby.framework/Versions/2.6/usr/include/ruby-2.6.0/ruby/ruby.h:1826:24: note: expanded from macro 'rb_intern'
 1826 |         __extension__ (RUBY_CONST_ID_CACHE((ID), (str))) : \
      |                        ^~~~~~~~~~~~~~~~~~~~~~~~~~~~~~~~
/Library/Developer/CommandLineTools/SDKs/MacOSX.sdk/System/Library/Frameworks/Ruby.framework/Versions/2.6/usr/include/ruby-2.6.0/ruby/ruby.h:1811:5: note: expanded from macro 'RUBY_CONST_ID_CACHE'
 1811 |     {                                                   \
      |     ^
LongDouble.c:58:37: warning: '}' and ')' tokens terminating statement expression appear in different macro expansion contexts [-Wcompound-token-split-by-macro]
   58 |     return rb_const_get(rb_cObject, rb_intern("BigDecimal"));
      |                                     ^~~~~~~~~~~~~~~~~~~~~~~
/Library/Developer/CommandLineTools/SDKs/MacOSX.sdk/System/Library/Frameworks/Ruby.framework/Versions/2.6/usr/include/ruby-2.6.0/ruby/ruby.h:1826:24: note: expanded from macro 'rb_intern'
 1826 |         __extension__ (RUBY_CONST_ID_CACHE((ID), (str))) : \
      |                        ^~~~~~~~~~~~~~~~~~~~~~~~~~~~~~~~
/Library/Developer/CommandLineTools/SDKs/MacOSX.sdk/System/Library/Frameworks/Ruby.framework/Versions/2.6/usr/include/ruby-2.6.0/ruby/ruby.h:1816:5: note: expanded from macro 'RUBY_CONST_ID_CACHE'
 1816 |     }
      |     ^
LongDouble.c:58:37: note: ')' token is here
   58 |     return rb_const_get(rb_cObject, rb_intern("BigDecimal"));
      |                                     ^~~~~~~~~~~~~~~~~~~~~~~
/Library/Developer/CommandLineTools/SDKs/MacOSX.sdk/System/Library/Frameworks/Ruby.framework/Versions/2.6/usr/include/ruby-2.6.0/ruby/ruby.h:1826:56: note: expanded from macro 'rb_intern'
 1826 |         __extension__ (RUBY_CONST_ID_CACHE((ID), (str))) : \
      |                                                        ^
10 warnings generated.
compiling MappedType.c
MappedType.c:199:22: warning: '(' and '{' tokens introducing statement expression appear in different macro expansion contexts [-Wcompound-token-split-by-macro]
  199 |     id_native_type = rb_intern("native_type");
      |                      ^~~~~~~~~~~~~~~~~~~~~~~~
/Library/Developer/CommandLineTools/SDKs/MacOSX.sdk/System/Library/Frameworks/Ruby.framework/Versions/2.6/usr/include/ruby-2.6.0/ruby/ruby.h:1826:23: note: expanded from macro 'rb_intern'
 1826 |         __extension__ (RUBY_CONST_ID_CACHE((ID), (str))) : \
      |                       ^
MappedType.c:199:22: note: '{' token is here
  199 |     id_native_type = rb_intern("native_type");
      |                      ^~~~~~~~~~~~~~~~~~~~~~~~
/Library/Developer/CommandLineTools/SDKs/MacOSX.sdk/System/Library/Frameworks/Ruby.framework/Versions/2.6/usr/include/ruby-2.6.0/ruby/ruby.h:1826:24: note: expanded from macro 'rb_intern'
 1826 |         __extension__ (RUBY_CONST_ID_CACHE((ID), (str))) : \
      |                        ^~~~~~~~~~~~~~~~~~~~~~~~~~~~~~~~
/Library/Developer/CommandLineTools/SDKs/MacOSX.sdk/System/Library/Frameworks/Ruby.framework/Versions/2.6/usr/include/ruby-2.6.0/ruby/ruby.h:1811:5: note: expanded from macro 'RUBY_CONST_ID_CACHE'
 1811 |     {                                                   \
      |     ^
MappedType.c:199:22: warning: '}' and ')' tokens terminating statement expression appear in different macro expansion contexts [-Wcompound-token-split-by-macro]
  199 |     id_native_type = rb_intern("native_type");
      |                      ^~~~~~~~~~~~~~~~~~~~~~~~
/Library/Developer/CommandLineTools/SDKs/MacOSX.sdk/System/Library/Frameworks/Ruby.framework/Versions/2.6/usr/include/ruby-2.6.0/ruby/ruby.h:1826:24: note: expanded from macro 'rb_intern'
 1826 |         __extension__ (RUBY_CONST_ID_CACHE((ID), (str))) : \
      |                        ^~~~~~~~~~~~~~~~~~~~~~~~~~~~~~~~
/Library/Developer/CommandLineTools/SDKs/MacOSX.sdk/System/Library/Frameworks/Ruby.framework/Versions/2.6/usr/include/ruby-2.6.0/ruby/ruby.h:1816:5: note: expanded from macro 'RUBY_CONST_ID_CACHE'
 1816 |     }
      |     ^
MappedType.c:199:22: note: ')' token is here
  199 |     id_native_type = rb_intern("native_type");
      |                      ^~~~~~~~~~~~~~~~~~~~~~~~
/Library/Developer/CommandLineTools/SDKs/MacOSX.sdk/System/Library/Frameworks/Ruby.framework/Versions/2.6/usr/include/ruby-2.6.0/ruby/ruby.h:1826:56: note: expanded from macro 'rb_intern'
 1826 |         __extension__ (RUBY_CONST_ID_CACHE((ID), (str))) : \
      |                                                        ^
MappedType.c:200:20: warning: '(' and '{' tokens introducing statement expression appear in different macro expansion contexts [-Wcompound-token-split-by-macro]
  200 |     id_to_native = rb_intern("to_native");
      |                    ^~~~~~~~~~~~~~~~~~~~~~
/Library/Developer/CommandLineTools/SDKs/MacOSX.sdk/System/Library/Frameworks/Ruby.framework/Versions/2.6/usr/include/ruby-2.6.0/ruby/ruby.h:1826:23: note: expanded from macro 'rb_intern'
 1826 |         __extension__ (RUBY_CONST_ID_CACHE((ID), (str))) : \
      |                       ^
MappedType.c:200:20: note: '{' token is here
  200 |     id_to_native = rb_intern("to_native");
      |                    ^~~~~~~~~~~~~~~~~~~~~~
/Library/Developer/CommandLineTools/SDKs/MacOSX.sdk/System/Library/Frameworks/Ruby.framework/Versions/2.6/usr/include/ruby-2.6.0/ruby/ruby.h:1826:24: note: expanded from macro 'rb_intern'
 1826 |         __extension__ (RUBY_CONST_ID_CACHE((ID), (str))) : \
      |                        ^~~~~~~~~~~~~~~~~~~~~~~~~~~~~~~~
/Library/Developer/CommandLineTools/SDKs/MacOSX.sdk/System/Library/Frameworks/Ruby.framework/Versions/2.6/usr/include/ruby-2.6.0/ruby/ruby.h:1811:5: note: expanded from macro 'RUBY_CONST_ID_CACHE'
 1811 |     {                                                   \
      |     ^
MappedType.c:200:20: warning: '}' and ')' tokens terminating statement expression appear in different macro expansion contexts [-Wcompound-token-split-by-macro]
  200 |     id_to_native = rb_intern("to_native");
      |                    ^~~~~~~~~~~~~~~~~~~~~~
/Library/Developer/CommandLineTools/SDKs/MacOSX.sdk/System/Library/Frameworks/Ruby.framework/Versions/2.6/usr/include/ruby-2.6.0/ruby/ruby.h:1826:24: note: expanded from macro 'rb_intern'
 1826 |         __extension__ (RUBY_CONST_ID_CACHE((ID), (str))) : \
      |                        ^~~~~~~~~~~~~~~~~~~~~~~~~~~~~~~~
/Library/Developer/CommandLineTools/SDKs/MacOSX.sdk/System/Library/Frameworks/Ruby.framework/Versions/2.6/usr/include/ruby-2.6.0/ruby/ruby.h:1816:5: note: expanded from macro 'RUBY_CONST_ID_CACHE'
 1816 |     }
      |     ^
MappedType.c:200:20: note: ')' token is here
  200 |     id_to_native = rb_intern("to_native");
      |                    ^~~~~~~~~~~~~~~~~~~~~~
/Library/Developer/CommandLineTools/SDKs/MacOSX.sdk/System/Library/Frameworks/Ruby.framework/Versions/2.6/usr/include/ruby-2.6.0/ruby/ruby.h:1826:56: note: expanded from macro 'rb_intern'
 1826 |         __extension__ (RUBY_CONST_ID_CACHE((ID), (str))) : \
      |                                                        ^
MappedType.c:201:22: warning: '(' and '{' tokens introducing statement expression appear in different macro expansion contexts [-Wcompound-token-split-by-macro]
  201 |     id_from_native = rb_intern("from_native");
      |                      ^~~~~~~~~~~~~~~~~~~~~~~~
/Library/Developer/CommandLineTools/SDKs/MacOSX.sdk/System/Library/Frameworks/Ruby.framework/Versions/2.6/usr/include/ruby-2.6.0/ruby/ruby.h:1826:23: note: expanded from macro 'rb_intern'
 1826 |         __extension__ (RUBY_CONST_ID_CACHE((ID), (str))) : \
      |                       ^
MappedType.c:201:22: note: '{' token is here
  201 |     id_from_native = rb_intern("from_native");
      |                      ^~~~~~~~~~~~~~~~~~~~~~~~
/Library/Developer/CommandLineTools/SDKs/MacOSX.sdk/System/Library/Frameworks/Ruby.framework/Versions/2.6/usr/include/ruby-2.6.0/ruby/ruby.h:1826:24: note: expanded from macro 'rb_intern'
 1826 |         __extension__ (RUBY_CONST_ID_CACHE((ID), (str))) : \
      |                        ^~~~~~~~~~~~~~~~~~~~~~~~~~~~~~~~
/Library/Developer/CommandLineTools/SDKs/MacOSX.sdk/System/Library/Frameworks/Ruby.framework/Versions/2.6/usr/include/ruby-2.6.0/ruby/ruby.h:1811:5: note: expanded from macro 'RUBY_CONST_ID_CACHE'
 1811 |     {                                                   \
      |     ^
MappedType.c:201:22: warning: '}' and ')' tokens terminating statement expression appear in different macro expansion contexts [-Wcompound-token-split-by-macro]
  201 |     id_from_native = rb_intern("from_native");
      |                      ^~~~~~~~~~~~~~~~~~~~~~~~
/Library/Developer/CommandLineTools/SDKs/MacOSX.sdk/System/Library/Frameworks/Ruby.framework/Versions/2.6/usr/include/ruby-2.6.0/ruby/ruby.h:1826:24: note: expanded from macro 'rb_intern'
 1826 |         __extension__ (RUBY_CONST_ID_CACHE((ID), (str))) : \
      |                        ^~~~~~~~~~~~~~~~~~~~~~~~~~~~~~~~
/Library/Developer/CommandLineTools/SDKs/MacOSX.sdk/System/Library/Frameworks/Ruby.framework/Versions/2.6/usr/include/ruby-2.6.0/ruby/ruby.h:1816:5: note: expanded from macro 'RUBY_CONST_ID_CACHE'
 1816 |     }
      |     ^
MappedType.c:201:22: note: ')' token is here
  201 |     id_from_native = rb_intern("from_native");
      |                      ^~~~~~~~~~~~~~~~~~~~~~~~
/Library/Developer/CommandLineTools/SDKs/MacOSX.sdk/System/Library/Frameworks/Ruby.framework/Versions/2.6/usr/include/ruby-2.6.0/ruby/ruby.h:1826:56: note: expanded from macro 'rb_intern'
 1826 |         __extension__ (RUBY_CONST_ID_CACHE((ID), (str))) : \
      |                                                        ^
6 warnings generated.
compiling MemoryPointer.c
MemoryPointer.c:187:21: warning: '(' and '{' tokens introducing statement expression appear in different macro expansion contexts [-Wcompound-token-split-by-macro]
  187 |     rb_funcall(obj, rb_intern("put_string"), 2, INT2FIX(0), s);
      |                     ^~~~~~~~~~~~~~~~~~~~~~~
/Library/Developer/CommandLineTools/SDKs/MacOSX.sdk/System/Library/Frameworks/Ruby.framework/Versions/2.6/usr/include/ruby-2.6.0/ruby/ruby.h:1826:23: note: expanded from macro 'rb_intern'
 1826 |         __extension__ (RUBY_CONST_ID_CACHE((ID), (str))) : \
      |                       ^
/Library/Developer/CommandLineTools/SDKs/MacOSX.sdk/System/Library/Frameworks/Ruby.framework/Versions/2.6/usr/include/ruby-2.6.0/ruby/ruby.h:2602:20: note: expanded from macro 'rb_funcall'
 2602 |         rb_funcallv(recv, mid, \
      |                           ^~~
MemoryPointer.c:187:21: note: '{' token is here
  187 |     rb_funcall(obj, rb_intern("put_string"), 2, INT2FIX(0), s);
      |                     ^~~~~~~~~~~~~~~~~~~~~~~
/Library/Developer/CommandLineTools/SDKs/MacOSX.sdk/System/Library/Frameworks/Ruby.framework/Versions/2.6/usr/include/ruby-2.6.0/ruby/ruby.h:1826:24: note: expanded from macro 'rb_intern'
 1826 |         __extension__ (RUBY_CONST_ID_CACHE((ID), (str))) : \
      |                        ^~~~~~~~~~~~~~~~~~~~~~~~~~~~~~~~
/Library/Developer/CommandLineTools/SDKs/MacOSX.sdk/System/Library/Frameworks/Ruby.framework/Versions/2.6/usr/include/ruby-2.6.0/ruby/ruby.h:1811:5: note: expanded from macro 'RUBY_CONST_ID_CACHE'
 1811 |     {                                                   \
      |     ^
/Library/Developer/CommandLineTools/SDKs/MacOSX.sdk/System/Library/Frameworks/Ruby.framework/Versions/2.6/usr/include/ruby-2.6.0/ruby/ruby.h:2602:20: note: expanded from macro 'rb_funcall'
 2602 |         rb_funcallv(recv, mid, \
      |                           ^~~
MemoryPointer.c:187:21: warning: '}' and ')' tokens terminating statement expression appear in different macro expansion contexts [-Wcompound-token-split-by-macro]
  187 |     rb_funcall(obj, rb_intern("put_string"), 2, INT2FIX(0), s);
      |                     ^~~~~~~~~~~~~~~~~~~~~~~
/Library/Developer/CommandLineTools/SDKs/MacOSX.sdk/System/Library/Frameworks/Ruby.framework/Versions/2.6/usr/include/ruby-2.6.0/ruby/ruby.h:1826:24: note: expanded from macro 'rb_intern'
 1826 |         __extension__ (RUBY_CONST_ID_CACHE((ID), (str))) : \
      |                        ^~~~~~~~~~~~~~~~~~~~~~~~~~~~~~~~
/Library/Developer/CommandLineTools/SDKs/MacOSX.sdk/System/Library/Frameworks/Ruby.framework/Versions/2.6/usr/include/ruby-2.6.0/ruby/ruby.h:1816:5: note: expanded from macro 'RUBY_CONST_ID_CACHE'
 1816 |     }
      |     ^
/Library/Developer/CommandLineTools/SDKs/MacOSX.sdk/System/Library/Frameworks/Ruby.framework/Versions/2.6/usr/include/ruby-2.6.0/ruby/ruby.h:2602:20: note: expanded from macro 'rb_funcall'
 2602 |         rb_funcallv(recv, mid, \
      |                           ^~~
MemoryPointer.c:187:21: note: ')' token is here
  187 |     rb_funcall(obj, rb_intern("put_string"), 2, INT2FIX(0), s);
      |                     ^~~~~~~~~~~~~~~~~~~~~~~
/Library/Developer/CommandLineTools/SDKs/MacOSX.sdk/System/Library/Frameworks/Ruby.framework/Versions/2.6/usr/include/ruby-2.6.0/ruby/ruby.h:1826:56: note: expanded from macro 'rb_intern'
 1826 |         __extension__ (RUBY_CONST_ID_CACHE((ID), (str))) : \
      |                                                        ^
/Library/Developer/CommandLineTools/SDKs/MacOSX.sdk/System/Library/Frameworks/Ruby.framework/Versions/2.6/usr/include/ruby-2.6.0/ruby/ruby.h:2602:20: note: expanded from macro 'rb_funcall'
 2602 |         rb_funcallv(recv, mid, \
      |                           ^~~
2 warnings generated.
compiling MethodHandle.c
compiling Platform.c
compiling Pointer.c
Pointer.c:361:45: warning: '(' and '{' tokens introducing statement expression appear in different macro expansion contexts [-Wcompound-token-split-by-macro]
  361 |         return order == BIG_ENDIAN ? ID2SYM(rb_intern("big")) : ID2SYM(rb_intern("little"));
      |                                             ^~~~~~~~~~~~~~~~
/Library/Developer/CommandLineTools/SDKs/MacOSX.sdk/System/Library/Frameworks/Ruby.framework/Versions/2.6/usr/include/ruby-2.6.0/ruby/ruby.h:1826:23: note: expanded from macro 'rb_intern'
 1826 |         __extension__ (RUBY_CONST_ID_CACHE((ID), (str))) : \
      |                       ^
/Library/Developer/CommandLineTools/SDKs/MacOSX.sdk/System/Library/Frameworks/Ruby.framework/Versions/2.6/usr/include/ruby-2.6.0/ruby/ruby.h:413:29: note: expanded from macro 'ID2SYM'
  413 | #define ID2SYM(x) RB_ID2SYM(x)
      |                             ^
/Library/Developer/CommandLineTools/SDKs/MacOSX.sdk/System/Library/Frameworks/Ruby.framework/Versions/2.6/usr/include/ruby-2.6.0/ruby/ruby.h:408:33: note: expanded from macro 'RB_ID2SYM'
  408 | #define RB_ID2SYM(x) (rb_id2sym(x))
      |                                 ^
Pointer.c:361:45: note: '{' token is here
  361 |         return order == BIG_ENDIAN ? ID2SYM(rb_intern("big")) : ID2SYM(rb_intern("little"));
      |                                             ^~~~~~~~~~~~~~~~
/Library/Developer/CommandLineTools/SDKs/MacOSX.sdk/System/Library/Frameworks/Ruby.framework/Versions/2.6/usr/include/ruby-2.6.0/ruby/ruby.h:1826:24: note: expanded from macro 'rb_intern'
 1826 |         __extension__ (RUBY_CONST_ID_CACHE((ID), (str))) : \
      |                        ^~~~~~~~~~~~~~~~~~~~~~~~~~~~~~~~
/Library/Developer/CommandLineTools/SDKs/MacOSX.sdk/System/Library/Frameworks/Ruby.framework/Versions/2.6/usr/include/ruby-2.6.0/ruby/ruby.h:1811:5: note: expanded from macro 'RUBY_CONST_ID_CACHE'
 1811 |     {                                                   \
      |     ^
/Library/Developer/CommandLineTools/SDKs/MacOSX.sdk/System/Library/Frameworks/Ruby.framework/Versions/2.6/usr/include/ruby-2.6.0/ruby/ruby.h:413:29: note: expanded from macro 'ID2SYM'
  413 | #define ID2SYM(x) RB_ID2SYM(x)
      |                             ^
/Library/Developer/CommandLineTools/SDKs/MacOSX.sdk/System/Library/Frameworks/Ruby.framework/Versions/2.6/usr/include/ruby-2.6.0/ruby/ruby.h:408:33: note: expanded from macro 'RB_ID2SYM'
  408 | #define RB_ID2SYM(x) (rb_id2sym(x))
      |                                 ^
Pointer.c:361:45: warning: '}' and ')' tokens terminating statement expression appear in different macro expansion contexts [-Wcompound-token-split-by-macro]
  361 |         return order == BIG_ENDIAN ? ID2SYM(rb_intern("big")) : ID2SYM(rb_intern("little"));
      |                                             ^~~~~~~~~~~~~~~~
/Library/Developer/CommandLineTools/SDKs/MacOSX.sdk/System/Library/Frameworks/Ruby.framework/Versions/2.6/usr/include/ruby-2.6.0/ruby/ruby.h:1826:24: note: expanded from macro 'rb_intern'
 1826 |         __extension__ (RUBY_CONST_ID_CACHE((ID), (str))) : \
      |                        ^~~~~~~~~~~~~~~~~~~~~~~~~~~~~~~~
/Library/Developer/CommandLineTools/SDKs/MacOSX.sdk/System/Library/Frameworks/Ruby.framework/Versions/2.6/usr/include/ruby-2.6.0/ruby/ruby.h:1816:5: note: expanded from macro 'RUBY_CONST_ID_CACHE'
 1816 |     }
      |     ^
/Library/Developer/CommandLineTools/SDKs/MacOSX.sdk/System/Library/Frameworks/Ruby.framework/Versions/2.6/usr/include/ruby-2.6.0/ruby/ruby.h:413:29: note: expanded from macro 'ID2SYM'
  413 | #define ID2SYM(x) RB_ID2SYM(x)
      |                             ^
/Library/Developer/CommandLineTools/SDKs/MacOSX.sdk/System/Library/Frameworks/Ruby.framework/Versions/2.6/usr/include/ruby-2.6.0/ruby/ruby.h:408:33: note: expanded from macro 'RB_ID2SYM'
  408 | #define RB_ID2SYM(x) (rb_id2sym(x))
      |                                 ^
Pointer.c:361:45: note: ')' token is here
  361 |         return order == BIG_ENDIAN ? ID2SYM(rb_intern("big")) : ID2SYM(rb_intern("little"));
      |                                             ^~~~~~~~~~~~~~~~
/Library/Developer/CommandLineTools/SDKs/MacOSX.sdk/System/Library/Frameworks/Ruby.framework/Versions/2.6/usr/include/ruby-2.6.0/ruby/ruby.h:1826:56: note: expanded from macro 'rb_intern'
 1826 |         __extension__ (RUBY_CONST_ID_CACHE((ID), (str))) : \
      |                                                        ^
/Library/Developer/CommandLineTools/SDKs/MacOSX.sdk/System/Library/Frameworks/Ruby.framework/Versions/2.6/usr/include/ruby-2.6.0/ruby/ruby.h:413:29: note: expanded from macro 'ID2SYM'
  413 | #define ID2SYM(x) RB_ID2SYM(x)
      |                             ^
/Library/Developer/CommandLineTools/SDKs/MacOSX.sdk/System/Library/Frameworks/Ruby.framework/Versions/2.6/usr/include/ruby-2.6.0/ruby/ruby.h:408:33: note: expanded from macro 'RB_ID2SYM'
  408 | #define RB_ID2SYM(x) (rb_id2sym(x))
      |                                 ^
Pointer.c:361:72: warning: '(' and '{' tokens introducing statement expression appear in different macro expansion contexts [-Wcompound-token-split-by-macro]
  361 |         return order == BIG_ENDIAN ? ID2SYM(rb_intern("big")) : ID2SYM(rb_intern("little"));
      |                                                                        ^~~~~~~~~~~~~~~~~~~
/Library/Developer/CommandLineTools/SDKs/MacOSX.sdk/System/Library/Frameworks/Ruby.framework/Versions/2.6/usr/include/ruby-2.6.0/ruby/ruby.h:1826:23: note: expanded from macro 'rb_intern'
 1826 |         __extension__ (RUBY_CONST_ID_CACHE((ID), (str))) : \
      |                       ^
/Library/Developer/CommandLineTools/SDKs/MacOSX.sdk/System/Library/Frameworks/Ruby.framework/Versions/2.6/usr/include/ruby-2.6.0/ruby/ruby.h:413:29: note: expanded from macro 'ID2SYM'
  413 | #define ID2SYM(x) RB_ID2SYM(x)
      |                             ^
/Library/Developer/CommandLineTools/SDKs/MacOSX.sdk/System/Library/Frameworks/Ruby.framework/Versions/2.6/usr/include/ruby-2.6.0/ruby/ruby.h:408:33: note: expanded from macro 'RB_ID2SYM'
  408 | #define RB_ID2SYM(x) (rb_id2sym(x))
      |                                 ^
Pointer.c:361:72: note: '{' token is here
  361 |         return order == BIG_ENDIAN ? ID2SYM(rb_intern("big")) : ID2SYM(rb_intern("little"));
      |                                                                        ^~~~~~~~~~~~~~~~~~~
/Library/Developer/CommandLineTools/SDKs/MacOSX.sdk/System/Library/Frameworks/Ruby.framework/Versions/2.6/usr/include/ruby-2.6.0/ruby/ruby.h:1826:24: note: expanded from macro 'rb_intern'
 1826 |         __extension__ (RUBY_CONST_ID_CACHE((ID), (str))) : \
      |                        ^~~~~~~~~~~~~~~~~~~~~~~~~~~~~~~~
/Library/Developer/CommandLineTools/SDKs/MacOSX.sdk/System/Library/Frameworks/Ruby.framework/Versions/2.6/usr/include/ruby-2.6.0/ruby/ruby.h:1811:5: note: expanded from macro 'RUBY_CONST_ID_CACHE'
 1811 |     {                                                   \
      |     ^
/Library/Developer/CommandLineTools/SDKs/MacOSX.sdk/System/Library/Frameworks/Ruby.framework/Versions/2.6/usr/include/ruby-2.6.0/ruby/ruby.h:413:29: note: expanded from macro 'ID2SYM'
  413 | #define ID2SYM(x) RB_ID2SYM(x)
      |                             ^
/Library/Developer/CommandLineTools/SDKs/MacOSX.sdk/System/Library/Frameworks/Ruby.framework/Versions/2.6/usr/include/ruby-2.6.0/ruby/ruby.h:408:33: note: expanded from macro 'RB_ID2SYM'
  408 | #define RB_ID2SYM(x) (rb_id2sym(x))
      |                                 ^
Pointer.c:361:72: warning: '}' and ')' tokens terminating statement expression appear in different macro expansion contexts [-Wcompound-token-split-by-macro]
  361 |         return order == BIG_ENDIAN ? ID2SYM(rb_intern("big")) : ID2SYM(rb_intern("little"));
      |                                                                        ^~~~~~~~~~~~~~~~~~~
/Library/Developer/CommandLineTools/SDKs/MacOSX.sdk/System/Library/Frameworks/Ruby.framework/Versions/2.6/usr/include/ruby-2.6.0/ruby/ruby.h:1826:24: note: expanded from macro 'rb_intern'
 1826 |         __extension__ (RUBY_CONST_ID_CACHE((ID), (str))) : \
      |                        ^~~~~~~~~~~~~~~~~~~~~~~~~~~~~~~~
/Library/Developer/CommandLineTools/SDKs/MacOSX.sdk/System/Library/Frameworks/Ruby.framework/Versions/2.6/usr/include/ruby-2.6.0/ruby/ruby.h:1816:5: note: expanded from macro 'RUBY_CONST_ID_CACHE'
 1816 |     }
      |     ^
/Library/Developer/CommandLineTools/SDKs/MacOSX.sdk/System/Library/Frameworks/Ruby.framework/Versions/2.6/usr/include/ruby-2.6.0/ruby/ruby.h:413:29: note: expanded from macro 'ID2SYM'
  413 | #define ID2SYM(x) RB_ID2SYM(x)
      |                             ^
/Library/Developer/CommandLineTools/SDKs/MacOSX.sdk/System/Library/Frameworks/Ruby.framework/Versions/2.6/usr/include/ruby-2.6.0/ruby/ruby.h:408:33: note: expanded from macro 'RB_ID2SYM'
  408 | #define RB_ID2SYM(x) (rb_id2sym(x))
      |                                 ^
Pointer.c:361:72: note: ')' token is here
  361 |         return order == BIG_ENDIAN ? ID2SYM(rb_intern("big")) : ID2SYM(rb_intern("little"));
      |                                                                        ^~~~~~~~~~~~~~~~~~~
/Library/Developer/CommandLineTools/SDKs/MacOSX.sdk/System/Library/Frameworks/Ruby.framework/Versions/2.6/usr/include/ruby-2.6.0/ruby/ruby.h:1826:56: note: expanded from macro 'rb_intern'
 1826 |         __extension__ (RUBY_CONST_ID_CACHE((ID), (str))) : \
      |                                                        ^
/Library/Developer/CommandLineTools/SDKs/MacOSX.sdk/System/Library/Frameworks/Ruby.framework/Versions/2.6/usr/include/ruby-2.6.0/ruby/ruby.h:413:29: note: expanded from macro 'ID2SYM'
  413 | #define ID2SYM(x) RB_ID2SYM(x)
      |                             ^
/Library/Developer/CommandLineTools/SDKs/MacOSX.sdk/System/Library/Frameworks/Ruby.framework/Versions/2.6/usr/include/ruby-2.6.0/ruby/ruby.h:408:33: note: expanded from macro 'RB_ID2SYM'
  408 | #define RB_ID2SYM(x) (rb_id2sym(x))
      |                                 ^
Pointer.c:371:23: warning: '(' and '{' tokens introducing statement expression appear in different macro expansion contexts [-Wcompound-token-split-by-macro]
  371 |             if (id == rb_intern("little")) {
      |                       ^~~~~~~~~~~~~~~~~~~
/Library/Developer/CommandLineTools/SDKs/MacOSX.sdk/System/Library/Frameworks/Ruby.framework/Versions/2.6/usr/include/ruby-2.6.0/ruby/ruby.h:1826:23: note: expanded from macro 'rb_intern'
 1826 |         __extension__ (RUBY_CONST_ID_CACHE((ID), (str))) : \
      |                       ^
Pointer.c:371:23: note: '{' token is here
  371 |             if (id == rb_intern("little")) {
      |                       ^~~~~~~~~~~~~~~~~~~
/Library/Developer/CommandLineTools/SDKs/MacOSX.sdk/System/Library/Frameworks/Ruby.framework/Versions/2.6/usr/include/ruby-2.6.0/ruby/ruby.h:1826:24: note: expanded from macro 'rb_intern'
 1826 |         __extension__ (RUBY_CONST_ID_CACHE((ID), (str))) : \
      |                        ^~~~~~~~~~~~~~~~~~~~~~~~~~~~~~~~
/Library/Developer/CommandLineTools/SDKs/MacOSX.sdk/System/Library/Frameworks/Ruby.framework/Versions/2.6/usr/include/ruby-2.6.0/ruby/ruby.h:1811:5: note: expanded from macro 'RUBY_CONST_ID_CACHE'
 1811 |     {                                                   \
      |     ^
Pointer.c:371:23: warning: '}' and ')' tokens terminating statement expression appear in different macro expansion contexts [-Wcompound-token-split-by-macro]
  371 |             if (id == rb_intern("little")) {
      |                       ^~~~~~~~~~~~~~~~~~~
/Library/Developer/CommandLineTools/SDKs/MacOSX.sdk/System/Library/Frameworks/Ruby.framework/Versions/2.6/usr/include/ruby-2.6.0/ruby/ruby.h:1826:24: note: expanded from macro 'rb_intern'
 1826 |         __extension__ (RUBY_CONST_ID_CACHE((ID), (str))) : \
      |                        ^~~~~~~~~~~~~~~~~~~~~~~~~~~~~~~~
/Library/Developer/CommandLineTools/SDKs/MacOSX.sdk/System/Library/Frameworks/Ruby.framework/Versions/2.6/usr/include/ruby-2.6.0/ruby/ruby.h:1816:5: note: expanded from macro 'RUBY_CONST_ID_CACHE'
 1816 |     }
      |     ^
Pointer.c:371:23: note: ')' token is here
  371 |             if (id == rb_intern("little")) {
      |                       ^~~~~~~~~~~~~~~~~~~
/Library/Developer/CommandLineTools/SDKs/MacOSX.sdk/System/Library/Frameworks/Ruby.framework/Versions/2.6/usr/include/ruby-2.6.0/ruby/ruby.h:1826:56: note: expanded from macro 'rb_intern'
 1826 |         __extension__ (RUBY_CONST_ID_CACHE((ID), (str))) : \
      |                                                        ^
Pointer.c:374:30: warning: '(' and '{' tokens introducing statement expression appear in different macro expansion contexts [-Wcompound-token-split-by-macro]
  374 |             } else if (id == rb_intern("big") || id == rb_intern("network")) {
      |                              ^~~~~~~~~~~~~~~~
/Library/Developer/CommandLineTools/SDKs/MacOSX.sdk/System/Library/Frameworks/Ruby.framework/Versions/2.6/usr/include/ruby-2.6.0/ruby/ruby.h:1826:23: note: expanded from macro 'rb_intern'
 1826 |         __extension__ (RUBY_CONST_ID_CACHE((ID), (str))) : \
      |                       ^
Pointer.c:374:30: note: '{' token is here
  374 |             } else if (id == rb_intern("big") || id == rb_intern("network")) {
      |                              ^~~~~~~~~~~~~~~~
/Library/Developer/CommandLineTools/SDKs/MacOSX.sdk/System/Library/Frameworks/Ruby.framework/Versions/2.6/usr/include/ruby-2.6.0/ruby/ruby.h:1826:24: note: expanded from macro 'rb_intern'
 1826 |         __extension__ (RUBY_CONST_ID_CACHE((ID), (str))) : \
      |                        ^~~~~~~~~~~~~~~~~~~~~~~~~~~~~~~~
/Library/Developer/CommandLineTools/SDKs/MacOSX.sdk/System/Library/Frameworks/Ruby.framework/Versions/2.6/usr/include/ruby-2.6.0/ruby/ruby.h:1811:5: note: expanded from macro 'RUBY_CONST_ID_CACHE'
 1811 |     {                                                   \
      |     ^
Pointer.c:374:30: warning: '}' and ')' tokens terminating statement expression appear in different macro expansion contexts [-Wcompound-token-split-by-macro]
  374 |             } else if (id == rb_intern("big") || id == rb_intern("network")) {
      |                              ^~~~~~~~~~~~~~~~
/Library/Developer/CommandLineTools/SDKs/MacOSX.sdk/System/Library/Frameworks/Ruby.framework/Versions/2.6/usr/include/ruby-2.6.0/ruby/ruby.h:1826:24: note: expanded from macro 'rb_intern'
 1826 |         __extension__ (RUBY_CONST_ID_CACHE((ID), (str))) : \
      |                        ^~~~~~~~~~~~~~~~~~~~~~~~~~~~~~~~
/Library/Developer/CommandLineTools/SDKs/MacOSX.sdk/System/Library/Frameworks/Ruby.framework/Versions/2.6/usr/include/ruby-2.6.0/ruby/ruby.h:1816:5: note: expanded from macro 'RUBY_CONST_ID_CACHE'
 1816 |     }
      |     ^
Pointer.c:374:30: note: ')' token is here
  374 |             } else if (id == rb_intern("big") || id == rb_intern("network")) {
      |                              ^~~~~~~~~~~~~~~~
/Library/Developer/CommandLineTools/SDKs/MacOSX.sdk/System/Library/Frameworks/Ruby.framework/Versions/2.6/usr/include/ruby-2.6.0/ruby/ruby.h:1826:56: note: expanded from macro 'rb_intern'
 1826 |         __extension__ (RUBY_CONST_ID_CACHE((ID), (str))) : \
      |                                                        ^
Pointer.c:374:56: warning: '(' and '{' tokens introducing statement expression appear in different macro expansion contexts [-Wcompound-token-split-by-macro]
  374 |             } else if (id == rb_intern("big") || id == rb_intern("network")) {
      |                                                        ^~~~~~~~~~~~~~~~~~~~
/Library/Developer/CommandLineTools/SDKs/MacOSX.sdk/System/Library/Frameworks/Ruby.framework/Versions/2.6/usr/include/ruby-2.6.0/ruby/ruby.h:1826:23: note: expanded from macro 'rb_intern'
 1826 |         __extension__ (RUBY_CONST_ID_CACHE((ID), (str))) : \
      |                       ^
Pointer.c:374:56: note: '{' token is here
  374 |             } else if (id == rb_intern("big") || id == rb_intern("network")) {
      |                                                        ^~~~~~~~~~~~~~~~~~~~
/Library/Developer/CommandLineTools/SDKs/MacOSX.sdk/System/Library/Frameworks/Ruby.framework/Versions/2.6/usr/include/ruby-2.6.0/ruby/ruby.h:1826:24: note: expanded from macro 'rb_intern'
 1826 |         __extension__ (RUBY_CONST_ID_CACHE((ID), (str))) : \
      |                        ^~~~~~~~~~~~~~~~~~~~~~~~~~~~~~~~
/Library/Developer/CommandLineTools/SDKs/MacOSX.sdk/System/Library/Frameworks/Ruby.framework/Versions/2.6/usr/include/ruby-2.6.0/ruby/ruby.h:1811:5: note: expanded from macro 'RUBY_CONST_ID_CACHE'
 1811 |     {                                                   \
      |     ^
Pointer.c:374:56: warning: '}' and ')' tokens terminating statement expression appear in different macro expansion contexts [-Wcompound-token-split-by-macro]
  374 |             } else if (id == rb_intern("big") || id == rb_intern("network")) {
      |                                                        ^~~~~~~~~~~~~~~~~~~~
/Library/Developer/CommandLineTools/SDKs/MacOSX.sdk/System/Library/Frameworks/Ruby.framework/Versions/2.6/usr/include/ruby-2.6.0/ruby/ruby.h:1826:24: note: expanded from macro 'rb_intern'
 1826 |         __extension__ (RUBY_CONST_ID_CACHE((ID), (str))) : \
      |                        ^~~~~~~~~~~~~~~~~~~~~~~~~~~~~~~~
/Library/Developer/CommandLineTools/SDKs/MacOSX.sdk/System/Library/Frameworks/Ruby.framework/Versions/2.6/usr/include/ruby-2.6.0/ruby/ruby.h:1816:5: note: expanded from macro 'RUBY_CONST_ID_CACHE'
 1816 |     }
      |     ^
Pointer.c:374:56: note: ')' token is here
  374 |             } else if (id == rb_intern("big") || id == rb_intern("network")) {
      |                                                        ^~~~~~~~~~~~~~~~~~~~
/Library/Developer/CommandLineTools/SDKs/MacOSX.sdk/System/Library/Frameworks/Ruby.framework/Versions/2.6/usr/include/ruby-2.6.0/ruby/ruby.h:1826:56: note: expanded from macro 'rb_intern'
 1826 |         __extension__ (RUBY_CONST_ID_CACHE((ID), (str))) : \
      |                                                        ^
Pointer.c:415:52: warning: '(' and '{' tokens introducing statement expression appear in different macro expansion contexts [-Wcompound-token-split-by-macro]
  415 |         VALUE caller = rb_funcall(rb_funcall(Qnil, rb_intern("caller"), 0), rb_intern("first"), 0);
      |                                                    ^~~~~~~~~~~~~~~~~~~
/Library/Developer/CommandLineTools/SDKs/MacOSX.sdk/System/Library/Frameworks/Ruby.framework/Versions/2.6/usr/include/ruby-2.6.0/ruby/ruby.h:1826:23: note: expanded from macro 'rb_intern'
 1826 |         __extension__ (RUBY_CONST_ID_CACHE((ID), (str))) : \
      |                       ^
/Library/Developer/CommandLineTools/SDKs/MacOSX.sdk/System/Library/Frameworks/Ruby.framework/Versions/2.6/usr/include/ruby-2.6.0/ruby/ruby.h:2602:20: note: expanded from macro 'rb_funcall'
 2602 |         rb_funcallv(recv, mid, \
      |                           ^~~
/Library/Developer/CommandLineTools/SDKs/MacOSX.sdk/System/Library/Frameworks/Ruby.framework/Versions/2.6/usr/include/ruby-2.6.0/ruby/ruby.h:2602:14: note: expanded from macro 'rb_funcall'
 2602 |         rb_funcallv(recv, mid, \
      |                     ^~~~
Pointer.c:415:52: note: '{' token is here
  415 |         VALUE caller = rb_funcall(rb_funcall(Qnil, rb_intern("caller"), 0), rb_intern("first"), 0);
      |                                                    ^~~~~~~~~~~~~~~~~~~
/Library/Developer/CommandLineTools/SDKs/MacOSX.sdk/System/Library/Frameworks/Ruby.framework/Versions/2.6/usr/include/ruby-2.6.0/ruby/ruby.h:1826:24: note: expanded from macro 'rb_intern'
 1826 |         __extension__ (RUBY_CONST_ID_CACHE((ID), (str))) : \
      |                        ^~~~~~~~~~~~~~~~~~~~~~~~~~~~~~~~
/Library/Developer/CommandLineTools/SDKs/MacOSX.sdk/System/Library/Frameworks/Ruby.framework/Versions/2.6/usr/include/ruby-2.6.0/ruby/ruby.h:1811:5: note: expanded from macro 'RUBY_CONST_ID_CACHE'
 1811 |     {                                                   \
      |     ^
/Library/Developer/CommandLineTools/SDKs/MacOSX.sdk/System/Library/Frameworks/Ruby.framework/Versions/2.6/usr/include/ruby-2.6.0/ruby/ruby.h:2602:20: note: expanded from macro 'rb_funcall'
 2602 |         rb_funcallv(recv, mid, \
      |                           ^~~
/Library/Developer/CommandLineTools/SDKs/MacOSX.sdk/System/Library/Frameworks/Ruby.framework/Versions/2.6/usr/include/ruby-2.6.0/ruby/ruby.h:2602:14: note: expanded from macro 'rb_funcall'
 2602 |         rb_funcallv(recv, mid, \
      |                     ^~~~
Pointer.c:415:52: warning: '}' and ')' tokens terminating statement expression appear in different macro expansion contexts [-Wcompound-token-split-by-macro]
  415 |         VALUE caller = rb_funcall(rb_funcall(Qnil, rb_intern("caller"), 0), rb_intern("first"), 0);
      |                                                    ^~~~~~~~~~~~~~~~~~~
/Library/Developer/CommandLineTools/SDKs/MacOSX.sdk/System/Library/Frameworks/Ruby.framework/Versions/2.6/usr/include/ruby-2.6.0/ruby/ruby.h:1826:24: note: expanded from macro 'rb_intern'
 1826 |         __extension__ (RUBY_CONST_ID_CACHE((ID), (str))) : \
      |                        ^~~~~~~~~~~~~~~~~~~~~~~~~~~~~~~~
/Library/Developer/CommandLineTools/SDKs/MacOSX.sdk/System/Library/Frameworks/Ruby.framework/Versions/2.6/usr/include/ruby-2.6.0/ruby/ruby.h:1816:5: note: expanded from macro 'RUBY_CONST_ID_CACHE'
 1816 |     }
      |     ^
/Library/Developer/CommandLineTools/SDKs/MacOSX.sdk/System/Library/Frameworks/Ruby.framework/Versions/2.6/usr/include/ruby-2.6.0/ruby/ruby.h:2602:20: note: expanded from macro 'rb_funcall'
 2602 |         rb_funcallv(recv, mid, \
      |                           ^~~
/Library/Developer/CommandLineTools/SDKs/MacOSX.sdk/System/Library/Frameworks/Ruby.framework/Versions/2.6/usr/include/ruby-2.6.0/ruby/ruby.h:2602:14: note: expanded from macro 'rb_funcall'
 2602 |         rb_funcallv(recv, mid, \
      |                     ^~~~
Pointer.c:415:52: note: ')' token is here
  415 |         VALUE caller = rb_funcall(rb_funcall(Qnil, rb_intern("caller"), 0), rb_intern("first"), 0);
      |                                                    ^~~~~~~~~~~~~~~~~~~
/Library/Developer/CommandLineTools/SDKs/MacOSX.sdk/System/Library/Frameworks/Ruby.framework/Versions/2.6/usr/include/ruby-2.6.0/ruby/ruby.h:1826:56: note: expanded from macro 'rb_intern'
 1826 |         __extension__ (RUBY_CONST_ID_CACHE((ID), (str))) : \
      |                                                        ^
/Library/Developer/CommandLineTools/SDKs/MacOSX.sdk/System/Library/Frameworks/Ruby.framework/Versions/2.6/usr/include/ruby-2.6.0/ruby/ruby.h:2602:20: note: expanded from macro 'rb_funcall'
 2602 |         rb_funcallv(recv, mid, \
      |                           ^~~
/Library/Developer/CommandLineTools/SDKs/MacOSX.sdk/System/Library/Frameworks/Ruby.framework/Versions/2.6/usr/include/ruby-2.6.0/ruby/ruby.h:2602:14: note: expanded from macro 'rb_funcall'
 2602 |         rb_funcallv(recv, mid, \
      |                     ^~~~
Pointer.c:415:77: warning: '(' and '{' tokens introducing statement expression appear in different macro expansion contexts [-Wcompound-token-split-by-macro]
  415 |         VALUE caller = rb_funcall(rb_funcall(Qnil, rb_intern("caller"), 0), rb_intern("first"), 0);
      |                                                                             ^~~~~~~~~~~~~~~~~~
/Library/Developer/CommandLineTools/SDKs/MacOSX.sdk/System/Library/Frameworks/Ruby.framework/Versions/2.6/usr/include/ruby-2.6.0/ruby/ruby.h:1826:23: note: expanded from macro 'rb_intern'
 1826 |         __extension__ (RUBY_CONST_ID_CACHE((ID), (str))) : \
      |                       ^
/Library/Developer/CommandLineTools/SDKs/MacOSX.sdk/System/Library/Frameworks/Ruby.framework/Versions/2.6/usr/include/ruby-2.6.0/ruby/ruby.h:2602:20: note: expanded from macro 'rb_funcall'
 2602 |         rb_funcallv(recv, mid, \
      |                           ^~~
Pointer.c:415:77: note: '{' token is here
  415 |         VALUE caller = rb_funcall(rb_funcall(Qnil, rb_intern("caller"), 0), rb_intern("first"), 0);
      |                                                                             ^~~~~~~~~~~~~~~~~~
/Library/Developer/CommandLineTools/SDKs/MacOSX.sdk/System/Library/Frameworks/Ruby.framework/Versions/2.6/usr/include/ruby-2.6.0/ruby/ruby.h:1826:24: note: expanded from macro 'rb_intern'
 1826 |         __extension__ (RUBY_CONST_ID_CACHE((ID), (str))) : \
      |                        ^~~~~~~~~~~~~~~~~~~~~~~~~~~~~~~~
/Library/Developer/CommandLineTools/SDKs/MacOSX.sdk/System/Library/Frameworks/Ruby.framework/Versions/2.6/usr/include/ruby-2.6.0/ruby/ruby.h:1811:5: note: expanded from macro 'RUBY_CONST_ID_CACHE'
 1811 |     {                                                   \
      |     ^
/Library/Developer/CommandLineTools/SDKs/MacOSX.sdk/System/Library/Frameworks/Ruby.framework/Versions/2.6/usr/include/ruby-2.6.0/ruby/ruby.h:2602:20: note: expanded from macro 'rb_funcall'
 2602 |         rb_funcallv(recv, mid, \
      |                           ^~~
Pointer.c:415:77: warning: '}' and ')' tokens terminating statement expression appear in different macro expansion contexts [-Wcompound-token-split-by-macro]
  415 |         VALUE caller = rb_funcall(rb_funcall(Qnil, rb_intern("caller"), 0), rb_intern("first"), 0);
      |                                                                             ^~~~~~~~~~~~~~~~~~
/Library/Developer/CommandLineTools/SDKs/MacOSX.sdk/System/Library/Frameworks/Ruby.framework/Versions/2.6/usr/include/ruby-2.6.0/ruby/ruby.h:1826:24: note: expanded from macro 'rb_intern'
 1826 |         __extension__ (RUBY_CONST_ID_CACHE((ID), (str))) : \
      |                        ^~~~~~~~~~~~~~~~~~~~~~~~~~~~~~~~
/Library/Developer/CommandLineTools/SDKs/MacOSX.sdk/System/Library/Frameworks/Ruby.framework/Versions/2.6/usr/include/ruby-2.6.0/ruby/ruby.h:1816:5: note: expanded from macro 'RUBY_CONST_ID_CACHE'
 1816 |     }
      |     ^
/Library/Developer/CommandLineTools/SDKs/MacOSX.sdk/System/Library/Frameworks/Ruby.framework/Versions/2.6/usr/include/ruby-2.6.0/ruby/ruby.h:2602:20: note: expanded from macro 'rb_funcall'
 2602 |         rb_funcallv(recv, mid, \
      |                           ^~~
Pointer.c:415:77: note: ')' token is here
  415 |         VALUE caller = rb_funcall(rb_funcall(Qnil, rb_intern("caller"), 0), rb_intern("first"), 0);
      |                                                                             ^~~~~~~~~~~~~~~~~~
/Library/Developer/CommandLineTools/SDKs/MacOSX.sdk/System/Library/Frameworks/Ruby.framework/Versions/2.6/usr/include/ruby-2.6.0/ruby/ruby.h:1826:56: note: expanded from macro 'rb_intern'
 1826 |         __extension__ (RUBY_CONST_ID_CACHE((ID), (str))) : \
      |                                                        ^
/Library/Developer/CommandLineTools/SDKs/MacOSX.sdk/System/Library/Frameworks/Ruby.framework/Versions/2.6/usr/include/ruby-2.6.0/ruby/ruby.h:2602:20: note: expanded from macro 'rb_funcall'
 2602 |         rb_funcallv(recv, mid, \
      |                           ^~~
14 warnings generated.
compiling Struct.c
Struct.c:529:41: warning: '(' and '{' tokens introducing statement expression appear in different macro expansion contexts [-Wcompound-token-split-by-macro]
  529 |         return rb_funcall(s->rbPointer, rb_intern("order"), 0);
      |                                         ^~~~~~~~~~~~~~~~~~
/Library/Developer/CommandLineTools/SDKs/MacOSX.sdk/System/Library/Frameworks/Ruby.framework/Versions/2.6/usr/include/ruby-2.6.0/ruby/ruby.h:1826:23: note: expanded from macro 'rb_intern'
 1826 |         __extension__ (RUBY_CONST_ID_CACHE((ID), (str))) : \
      |                       ^
/Library/Developer/CommandLineTools/SDKs/MacOSX.sdk/System/Library/Frameworks/Ruby.framework/Versions/2.6/usr/include/ruby-2.6.0/ruby/ruby.h:2602:20: note: expanded from macro 'rb_funcall'
 2602 |         rb_funcallv(recv, mid, \
      |                           ^~~
Struct.c:529:41: note: '{' token is here
  529 |         return rb_funcall(s->rbPointer, rb_intern("order"), 0);
      |                                         ^~~~~~~~~~~~~~~~~~
/Library/Developer/CommandLineTools/SDKs/MacOSX.sdk/System/Library/Frameworks/Ruby.framework/Versions/2.6/usr/include/ruby-2.6.0/ruby/ruby.h:1826:24: note: expanded from macro 'rb_intern'
 1826 |         __extension__ (RUBY_CONST_ID_CACHE((ID), (str))) : \
      |                        ^~~~~~~~~~~~~~~~~~~~~~~~~~~~~~~~
/Library/Developer/CommandLineTools/SDKs/MacOSX.sdk/System/Library/Frameworks/Ruby.framework/Versions/2.6/usr/include/ruby-2.6.0/ruby/ruby.h:1811:5: note: expanded from macro 'RUBY_CONST_ID_CACHE'
 1811 |     {                                                   \
      |     ^
/Library/Developer/CommandLineTools/SDKs/MacOSX.sdk/System/Library/Frameworks/Ruby.framework/Versions/2.6/usr/include/ruby-2.6.0/ruby/ruby.h:2602:20: note: expanded from macro 'rb_funcall'
 2602 |         rb_funcallv(recv, mid, \
      |                           ^~~
Struct.c:529:41: warning: '}' and ')' tokens terminating statement expression appear in different macro expansion contexts [-Wcompound-token-split-by-macro]
  529 |         return rb_funcall(s->rbPointer, rb_intern("order"), 0);
      |                                         ^~~~~~~~~~~~~~~~~~
/Library/Developer/CommandLineTools/SDKs/MacOSX.sdk/System/Library/Frameworks/Ruby.framework/Versions/2.6/usr/include/ruby-2.6.0/ruby/ruby.h:1826:24: note: expanded from macro 'rb_intern'
 1826 |         __extension__ (RUBY_CONST_ID_CACHE((ID), (str))) : \
      |                        ^~~~~~~~~~~~~~~~~~~~~~~~~~~~~~~~
/Library/Developer/CommandLineTools/SDKs/MacOSX.sdk/System/Library/Frameworks/Ruby.framework/Versions/2.6/usr/include/ruby-2.6.0/ruby/ruby.h:1816:5: note: expanded from macro 'RUBY_CONST_ID_CACHE'
 1816 |     }
      |     ^
/Library/Developer/CommandLineTools/SDKs/MacOSX.sdk/System/Library/Frameworks/Ruby.framework/Versions/2.6/usr/include/ruby-2.6.0/ruby/ruby.h:2602:20: note: expanded from macro 'rb_funcall'
 2602 |         rb_funcallv(recv, mid, \
      |                           ^~~
Struct.c:529:41: note: ')' token is here
  529 |         return rb_funcall(s->rbPointer, rb_intern("order"), 0);
      |                                         ^~~~~~~~~~~~~~~~~~
/Library/Developer/CommandLineTools/SDKs/MacOSX.sdk/System/Library/Frameworks/Ruby.framework/Versions/2.6/usr/include/ruby-2.6.0/ruby/ruby.h:1826:56: note: expanded from macro 'rb_intern'
 1826 |         __extension__ (RUBY_CONST_ID_CACHE((ID), (str))) : \
      |                                                        ^
/Library/Developer/CommandLineTools/SDKs/MacOSX.sdk/System/Library/Frameworks/Ruby.framework/Versions/2.6/usr/include/ruby-2.6.0/ruby/ruby.h:2602:20: note: expanded from macro 'rb_funcall'
 2602 |         rb_funcallv(recv, mid, \
      |                           ^~~
Struct.c:533:53: warning: '(' and '{' tokens introducing statement expression appear in different macro expansion contexts [-Wcompound-token-split-by-macro]
  533 |         VALUE rbPointer = rb_funcall2(s->rbPointer, rb_intern("order"), argc, argv);
      |                                                     ^~~~~~~~~~~~~~~~~~
/Library/Developer/CommandLineTools/SDKs/MacOSX.sdk/System/Library/Frameworks/Ruby.framework/Versions/2.6/usr/include/ruby-2.6.0/ruby/ruby.h:1826:23: note: expanded from macro 'rb_intern'
 1826 |         __extension__ (RUBY_CONST_ID_CACHE((ID), (str))) : \
      |                       ^
Struct.c:533:53: note: '{' token is here
  533 |         VALUE rbPointer = rb_funcall2(s->rbPointer, rb_intern("order"), argc, argv);
      |                                                     ^~~~~~~~~~~~~~~~~~
/Library/Developer/CommandLineTools/SDKs/MacOSX.sdk/System/Library/Frameworks/Ruby.framework/Versions/2.6/usr/include/ruby-2.6.0/ruby/ruby.h:1826:24: note: expanded from macro 'rb_intern'
 1826 |         __extension__ (RUBY_CONST_ID_CACHE((ID), (str))) : \
      |                        ^~~~~~~~~~~~~~~~~~~~~~~~~~~~~~~~
/Library/Developer/CommandLineTools/SDKs/MacOSX.sdk/System/Library/Frameworks/Ruby.framework/Versions/2.6/usr/include/ruby-2.6.0/ruby/ruby.h:1811:5: note: expanded from macro 'RUBY_CONST_ID_CACHE'
 1811 |     {                                                   \
      |     ^
Struct.c:533:53: warning: '}' and ')' tokens terminating statement expression appear in different macro expansion contexts [-Wcompound-token-split-by-macro]
  533 |         VALUE rbPointer = rb_funcall2(s->rbPointer, rb_intern("order"), argc, argv);
      |                                                     ^~~~~~~~~~~~~~~~~~
/Library/Developer/CommandLineTools/SDKs/MacOSX.sdk/System/Library/Frameworks/Ruby.framework/Versions/2.6/usr/include/ruby-2.6.0/ruby/ruby.h:1826:24: note: expanded from macro 'rb_intern'
 1826 |         __extension__ (RUBY_CONST_ID_CACHE((ID), (str))) : \
      |                        ^~~~~~~~~~~~~~~~~~~~~~~~~~~~~~~~
/Library/Developer/CommandLineTools/SDKs/MacOSX.sdk/System/Library/Frameworks/Ruby.framework/Versions/2.6/usr/include/ruby-2.6.0/ruby/ruby.h:1816:5: note: expanded from macro 'RUBY_CONST_ID_CACHE'
 1816 |     }
      |     ^
Struct.c:533:53: note: ')' token is here
  533 |         VALUE rbPointer = rb_funcall2(s->rbPointer, rb_intern("order"), argc, argv);
      |                                                     ^~~~~~~~~~~~~~~~~~
/Library/Developer/CommandLineTools/SDKs/MacOSX.sdk/System/Library/Frameworks/Ruby.framework/Versions/2.6/usr/include/ruby-2.6.0/ruby/ruby.h:1826:56: note: expanded from macro 'rb_intern'
 1826 |         __extension__ (RUBY_CONST_ID_CACHE((ID), (str))) : \
      |                                                        ^
Struct.c:661:21: warning: '(' and '{' tokens introducing statement expression appear in different macro expansion contexts [-Wcompound-token-split-by-macro]
  661 |                     rb_intern("from_native"), 2, rbNativeValue, Qnil);
      |                     ^~~~~~~~~~~~~~~~~~~~~~~~
/Library/Developer/CommandLineTools/SDKs/MacOSX.sdk/System/Library/Frameworks/Ruby.framework/Versions/2.6/usr/include/ruby-2.6.0/ruby/ruby.h:1826:23: note: expanded from macro 'rb_intern'
 1826 |         __extension__ (RUBY_CONST_ID_CACHE((ID), (str))) : \
      |                       ^
/Library/Developer/CommandLineTools/SDKs/MacOSX.sdk/System/Library/Frameworks/Ruby.framework/Versions/2.6/usr/include/ruby-2.6.0/ruby/ruby.h:2602:20: note: expanded from macro 'rb_funcall'
 2602 |         rb_funcallv(recv, mid, \
      |                           ^~~
Struct.c:661:21: note: '{' token is here
  661 |                     rb_intern("from_native"), 2, rbNativeValue, Qnil);
      |                     ^~~~~~~~~~~~~~~~~~~~~~~~
/Library/Developer/CommandLineTools/SDKs/MacOSX.sdk/System/Library/Frameworks/Ruby.framework/Versions/2.6/usr/include/ruby-2.6.0/ruby/ruby.h:1826:24: note: expanded from macro 'rb_intern'
 1826 |         __extension__ (RUBY_CONST_ID_CACHE((ID), (str))) : \
      |                        ^~~~~~~~~~~~~~~~~~~~~~~~~~~~~~~~
/Library/Developer/CommandLineTools/SDKs/MacOSX.sdk/System/Library/Frameworks/Ruby.framework/Versions/2.6/usr/include/ruby-2.6.0/ruby/ruby.h:1811:5: note: expanded from macro 'RUBY_CONST_ID_CACHE'
 1811 |     {                                                   \
      |     ^
/Library/Developer/CommandLineTools/SDKs/MacOSX.sdk/System/Library/Frameworks/Ruby.framework/Versions/2.6/usr/include/ruby-2.6.0/ruby/ruby.h:2602:20: note: expanded from macro 'rb_funcall'
 2602 |         rb_funcallv(recv, mid, \
      |                           ^~~
Struct.c:661:21: warning: '}' and ')' tokens terminating statement expression appear in different macro expansion contexts [-Wcompound-token-split-by-macro]
  661 |                     rb_intern("from_native"), 2, rbNativeValue, Qnil);
      |                     ^~~~~~~~~~~~~~~~~~~~~~~~
/Library/Developer/CommandLineTools/SDKs/MacOSX.sdk/System/Library/Frameworks/Ruby.framework/Versions/2.6/usr/include/ruby-2.6.0/ruby/ruby.h:1826:24: note: expanded from macro 'rb_intern'
 1826 |         __extension__ (RUBY_CONST_ID_CACHE((ID), (str))) : \
      |                        ^~~~~~~~~~~~~~~~~~~~~~~~~~~~~~~~
/Library/Developer/CommandLineTools/SDKs/MacOSX.sdk/System/Library/Frameworks/Ruby.framework/Versions/2.6/usr/include/ruby-2.6.0/ruby/ruby.h:1816:5: note: expanded from macro 'RUBY_CONST_ID_CACHE'
 1816 |     }
      |     ^
/Library/Developer/CommandLineTools/SDKs/MacOSX.sdk/System/Library/Frameworks/Ruby.framework/Versions/2.6/usr/include/ruby-2.6.0/ruby/ruby.h:2602:20: note: expanded from macro 'rb_funcall'
 2602 |         rb_funcallv(recv, mid, \
      |                           ^~~
Struct.c:661:21: note: ')' token is here
  661 |                     rb_intern("from_native"), 2, rbNativeValue, Qnil);
      |                     ^~~~~~~~~~~~~~~~~~~~~~~~
/Library/Developer/CommandLineTools/SDKs/MacOSX.sdk/System/Library/Frameworks/Ruby.framework/Versions/2.6/usr/include/ruby-2.6.0/ruby/ruby.h:1826:56: note: expanded from macro 'rb_intern'
 1826 |         __extension__ (RUBY_CONST_ID_CACHE((ID), (str))) : \
      |                                                        ^
/Library/Developer/CommandLineTools/SDKs/MacOSX.sdk/System/Library/Frameworks/Ruby.framework/Versions/2.6/usr/include/ruby-2.6.0/ruby/ruby.h:2602:20: note: expanded from macro 'rb_funcall'
 2602 |         rb_funcallv(recv, mid, \
      |                           ^~~
Struct.c:669:55: warning: '(' and '{' tokens introducing statement expression appear in different macro expansion contexts [-Wcompound-token-split-by-macro]
  669 |         VALUE rbPointer = rb_funcall(array->rbMemory, rb_intern("slice"), 2, rbOffset, rbLength);
      |                                                       ^~~~~~~~~~~~~~~~~~
/Library/Developer/CommandLineTools/SDKs/MacOSX.sdk/System/Library/Frameworks/Ruby.framework/Versions/2.6/usr/include/ruby-2.6.0/ruby/ruby.h:1826:23: note: expanded from macro 'rb_intern'
 1826 |         __extension__ (RUBY_CONST_ID_CACHE((ID), (str))) : \
      |                       ^
/Library/Developer/CommandLineTools/SDKs/MacOSX.sdk/System/Library/Frameworks/Ruby.framework/Versions/2.6/usr/include/ruby-2.6.0/ruby/ruby.h:2602:20: note: expanded from macro 'rb_funcall'
 2602 |         rb_funcallv(recv, mid, \
      |                           ^~~
Struct.c:669:55: note: '{' token is here
  669 |         VALUE rbPointer = rb_funcall(array->rbMemory, rb_intern("slice"), 2, rbOffset, rbLength);
      |                                                       ^~~~~~~~~~~~~~~~~~
/Library/Developer/CommandLineTools/SDKs/MacOSX.sdk/System/Library/Frameworks/Ruby.framework/Versions/2.6/usr/include/ruby-2.6.0/ruby/ruby.h:1826:24: note: expanded from macro 'rb_intern'
 1826 |         __extension__ (RUBY_CONST_ID_CACHE((ID), (str))) : \
      |                        ^~~~~~~~~~~~~~~~~~~~~~~~~~~~~~~~
/Library/Developer/CommandLineTools/SDKs/MacOSX.sdk/System/Library/Frameworks/Ruby.framework/Versions/2.6/usr/include/ruby-2.6.0/ruby/ruby.h:1811:5: note: expanded from macro 'RUBY_CONST_ID_CACHE'
 1811 |     {                                                   \
      |     ^
/Library/Developer/CommandLineTools/SDKs/MacOSX.sdk/System/Library/Frameworks/Ruby.framework/Versions/2.6/usr/include/ruby-2.6.0/ruby/ruby.h:2602:20: note: expanded from macro 'rb_funcall'
 2602 |         rb_funcallv(recv, mid, \
      |                           ^~~
Struct.c:669:55: warning: '}' and ')' tokens terminating statement expression appear in different macro expansion contexts [-Wcompound-token-split-by-macro]
  669 |         VALUE rbPointer = rb_funcall(array->rbMemory, rb_intern("slice"), 2, rbOffset, rbLength);
      |                                                       ^~~~~~~~~~~~~~~~~~
/Library/Developer/CommandLineTools/SDKs/MacOSX.sdk/System/Library/Frameworks/Ruby.framework/Versions/2.6/usr/include/ruby-2.6.0/ruby/ruby.h:1826:24: note: expanded from macro 'rb_intern'
 1826 |         __extension__ (RUBY_CONST_ID_CACHE((ID), (str))) : \
      |                        ^~~~~~~~~~~~~~~~~~~~~~~~~~~~~~~~
/Library/Developer/CommandLineTools/SDKs/MacOSX.sdk/System/Library/Frameworks/Ruby.framework/Versions/2.6/usr/include/ruby-2.6.0/ruby/ruby.h:1816:5: note: expanded from macro 'RUBY_CONST_ID_CACHE'
 1816 |     }
      |     ^
/Library/Developer/CommandLineTools/SDKs/MacOSX.sdk/System/Library/Frameworks/Ruby.framework/Versions/2.6/usr/include/ruby-2.6.0/ruby/ruby.h:2602:20: note: expanded from macro 'rb_funcall'
 2602 |         rb_funcallv(recv, mid, \
      |                           ^~~
Struct.c:669:55: note: ')' token is here
  669 |         VALUE rbPointer = rb_funcall(array->rbMemory, rb_intern("slice"), 2, rbOffset, rbLength);
      |                                                       ^~~~~~~~~~~~~~~~~~
/Library/Developer/CommandLineTools/SDKs/MacOSX.sdk/System/Library/Frameworks/Ruby.framework/Versions/2.6/usr/include/ruby-2.6.0/ruby/ruby.h:1826:56: note: expanded from macro 'rb_intern'
 1826 |         __extension__ (RUBY_CONST_ID_CACHE((ID), (str))) : \
      |                                                        ^
/Library/Developer/CommandLineTools/SDKs/MacOSX.sdk/System/Library/Frameworks/Ruby.framework/Versions/2.6/usr/include/ruby-2.6.0/ruby/ruby.h:2602:20: note: expanded from macro 'rb_funcall'
 2602 |         rb_funcallv(recv, mid, \
      |                           ^~~
Struct.c:700:21: warning: '(' and '{' tokens introducing statement expression appear in different macro expansion contexts [-Wcompound-token-split-by-macro]
  700 |                     rb_intern("to_native"), 2, rbValue, Qnil);
      |                     ^~~~~~~~~~~~~~~~~~~~~~
/Library/Developer/CommandLineTools/SDKs/MacOSX.sdk/System/Library/Frameworks/Ruby.framework/Versions/2.6/usr/include/ruby-2.6.0/ruby/ruby.h:1826:23: note: expanded from macro 'rb_intern'
 1826 |         __extension__ (RUBY_CONST_ID_CACHE((ID), (str))) : \
      |                       ^
/Library/Developer/CommandLineTools/SDKs/MacOSX.sdk/System/Library/Frameworks/Ruby.framework/Versions/2.6/usr/include/ruby-2.6.0/ruby/ruby.h:2602:20: note: expanded from macro 'rb_funcall'
 2602 |         rb_funcallv(recv, mid, \
      |                           ^~~
Struct.c:700:21: note: '{' token is here
  700 |                     rb_intern("to_native"), 2, rbValue, Qnil);
      |                     ^~~~~~~~~~~~~~~~~~~~~~
/Library/Developer/CommandLineTools/SDKs/MacOSX.sdk/System/Library/Frameworks/Ruby.framework/Versions/2.6/usr/include/ruby-2.6.0/ruby/ruby.h:1826:24: note: expanded from macro 'rb_intern'
 1826 |         __extension__ (RUBY_CONST_ID_CACHE((ID), (str))) : \
      |                        ^~~~~~~~~~~~~~~~~~~~~~~~~~~~~~~~
/Library/Developer/CommandLineTools/SDKs/MacOSX.sdk/System/Library/Frameworks/Ruby.framework/Versions/2.6/usr/include/ruby-2.6.0/ruby/ruby.h:1811:5: note: expanded from macro 'RUBY_CONST_ID_CACHE'
 1811 |     {                                                   \
      |     ^
/Library/Developer/CommandLineTools/SDKs/MacOSX.sdk/System/Library/Frameworks/Ruby.framework/Versions/2.6/usr/include/ruby-2.6.0/ruby/ruby.h:2602:20: note: expanded from macro 'rb_funcall'
 2602 |         rb_funcallv(recv, mid, \
      |                           ^~~
Struct.c:700:21: warning: '}' and ')' tokens terminating statement expression appear in different macro expansion contexts [-Wcompound-token-split-by-macro]
  700 |                     rb_intern("to_native"), 2, rbValue, Qnil);
      |                     ^~~~~~~~~~~~~~~~~~~~~~
/Library/Developer/CommandLineTools/SDKs/MacOSX.sdk/System/Library/Frameworks/Ruby.framework/Versions/2.6/usr/include/ruby-2.6.0/ruby/ruby.h:1826:24: note: expanded from macro 'rb_intern'
 1826 |         __extension__ (RUBY_CONST_ID_CACHE((ID), (str))) : \
      |                        ^~~~~~~~~~~~~~~~~~~~~~~~~~~~~~~~
/Library/Developer/CommandLineTools/SDKs/MacOSX.sdk/System/Library/Frameworks/Ruby.framework/Versions/2.6/usr/include/ruby-2.6.0/ruby/ruby.h:1816:5: note: expanded from macro 'RUBY_CONST_ID_CACHE'
 1816 |     }
      |     ^
/Library/Developer/CommandLineTools/SDKs/MacOSX.sdk/System/Library/Frameworks/Ruby.framework/Versions/2.6/usr/include/ruby-2.6.0/ruby/ruby.h:2602:20: note: expanded from macro 'rb_funcall'
 2602 |         rb_funcallv(recv, mid, \
      |                           ^~~
Struct.c:700:21: note: ')' token is here
  700 |                     rb_intern("to_native"), 2, rbValue, Qnil);
      |                     ^~~~~~~~~~~~~~~~~~~~~~
/Library/Developer/CommandLineTools/SDKs/MacOSX.sdk/System/Library/Frameworks/Ruby.framework/Versions/2.6/usr/include/ruby-2.6.0/ruby/ruby.h:1826:56: note: expanded from macro 'rb_intern'
 1826 |         __extension__ (RUBY_CONST_ID_CACHE((ID), (str))) : \
      |                                                        ^
/Library/Developer/CommandLineTools/SDKs/MacOSX.sdk/System/Library/Frameworks/Ruby.framework/Versions/2.6/usr/include/ruby-2.6.0/ruby/ruby.h:2602:20: note: expanded from macro 'rb_funcall'
 2602 |         rb_funcallv(recv, mid, \
      |                           ^~~
Struct.c:799:41: warning: '(' and '{' tokens introducing statement expression appear in different macro expansion contexts [-Wcompound-token-split-by-macro]
  799 |     return rb_funcall2(array->rbMemory, rb_intern("get_string"), 2, argv);
      |                                         ^~~~~~~~~~~~~~~~~~~~~~~
/Library/Developer/CommandLineTools/SDKs/MacOSX.sdk/System/Library/Frameworks/Ruby.framework/Versions/2.6/usr/include/ruby-2.6.0/ruby/ruby.h:1826:23: note: expanded from macro 'rb_intern'
 1826 |         __extension__ (RUBY_CONST_ID_CACHE((ID), (str))) : \
      |                       ^
Struct.c:799:41: note: '{' token is here
  799 |     return rb_funcall2(array->rbMemory, rb_intern("get_string"), 2, argv);
      |                                         ^~~~~~~~~~~~~~~~~~~~~~~
/Library/Developer/CommandLineTools/SDKs/MacOSX.sdk/System/Library/Frameworks/Ruby.framework/Versions/2.6/usr/include/ruby-2.6.0/ruby/ruby.h:1826:24: note: expanded from macro 'rb_intern'
 1826 |         __extension__ (RUBY_CONST_ID_CACHE((ID), (str))) : \
      |                        ^~~~~~~~~~~~~~~~~~~~~~~~~~~~~~~~
/Library/Developer/CommandLineTools/SDKs/MacOSX.sdk/System/Library/Frameworks/Ruby.framework/Versions/2.6/usr/include/ruby-2.6.0/ruby/ruby.h:1811:5: note: expanded from macro 'RUBY_CONST_ID_CACHE'
 1811 |     {                                                   \
      |     ^
Struct.c:799:41: warning: '}' and ')' tokens terminating statement expression appear in different macro expansion contexts [-Wcompound-token-split-by-macro]
  799 |     return rb_funcall2(array->rbMemory, rb_intern("get_string"), 2, argv);
      |                                         ^~~~~~~~~~~~~~~~~~~~~~~
/Library/Developer/CommandLineTools/SDKs/MacOSX.sdk/System/Library/Frameworks/Ruby.framework/Versions/2.6/usr/include/ruby-2.6.0/ruby/ruby.h:1826:24: note: expanded from macro 'rb_intern'
 1826 |         __extension__ (RUBY_CONST_ID_CACHE((ID), (str))) : \
      |                        ^~~~~~~~~~~~~~~~~~~~~~~~~~~~~~~~
/Library/Developer/CommandLineTools/SDKs/MacOSX.sdk/System/Library/Frameworks/Ruby.framework/Versions/2.6/usr/include/ruby-2.6.0/ruby/ruby.h:1816:5: note: expanded from macro 'RUBY_CONST_ID_CACHE'
 1816 |     }
      |     ^
Struct.c:799:41: note: ')' token is here
  799 |     return rb_funcall2(array->rbMemory, rb_intern("get_string"), 2, argv);
      |                                         ^~~~~~~~~~~~~~~~~~~~~~~
/Library/Developer/CommandLineTools/SDKs/MacOSX.sdk/System/Library/Frameworks/Ruby.framework/Versions/2.6/usr/include/ruby-2.6.0/ruby/ruby.h:1826:56: note: expanded from macro 'rb_intern'
 1826 |         __extension__ (RUBY_CONST_ID_CACHE((ID), (str))) : \
      |                                                        ^
Struct.c:814:40: warning: '(' and '{' tokens introducing statement expression appear in different macro expansion contexts [-Wcompound-token-split-by-macro]
  814 |     return rb_funcall(array->rbMemory, rb_intern("slice"), 2,
      |                                        ^~~~~~~~~~~~~~~~~~
/Library/Developer/CommandLineTools/SDKs/MacOSX.sdk/System/Library/Frameworks/Ruby.framework/Versions/2.6/usr/include/ruby-2.6.0/ruby/ruby.h:1826:23: note: expanded from macro 'rb_intern'
 1826 |         __extension__ (RUBY_CONST_ID_CACHE((ID), (str))) : \
      |                       ^
/Library/Developer/CommandLineTools/SDKs/MacOSX.sdk/System/Library/Frameworks/Ruby.framework/Versions/2.6/usr/include/ruby-2.6.0/ruby/ruby.h:2602:20: note: expanded from macro 'rb_funcall'
 2602 |         rb_funcallv(recv, mid, \
      |                           ^~~
Struct.c:814:40: note: '{' token is here
  814 |     return rb_funcall(array->rbMemory, rb_intern("slice"), 2,
      |                                        ^~~~~~~~~~~~~~~~~~
/Library/Developer/CommandLineTools/SDKs/MacOSX.sdk/System/Library/Frameworks/Ruby.framework/Versions/2.6/usr/include/ruby-2.6.0/ruby/ruby.h:1826:24: note: expanded from macro 'rb_intern'
 1826 |         __extension__ (RUBY_CONST_ID_CACHE((ID), (str))) : \
      |                        ^~~~~~~~~~~~~~~~~~~~~~~~~~~~~~~~
/Library/Developer/CommandLineTools/SDKs/MacOSX.sdk/System/Library/Frameworks/Ruby.framework/Versions/2.6/usr/include/ruby-2.6.0/ruby/ruby.h:1811:5: note: expanded from macro 'RUBY_CONST_ID_CACHE'
 1811 |     {                                                   \
      |     ^
/Library/Developer/CommandLineTools/SDKs/MacOSX.sdk/System/Library/Frameworks/Ruby.framework/Versions/2.6/usr/include/ruby-2.6.0/ruby/ruby.h:2602:20: note: expanded from macro 'rb_funcall'
 2602 |         rb_funcallv(recv, mid, \
      |                           ^~~
Struct.c:814:40: warning: '}' and ')' tokens terminating statement expression appear in different macro expansion contexts [-Wcompound-token-split-by-macro]
  814 |     return rb_funcall(array->rbMemory, rb_intern("slice"), 2,
      |                                        ^~~~~~~~~~~~~~~~~~
/Library/Developer/CommandLineTools/SDKs/MacOSX.sdk/System/Library/Frameworks/Ruby.framework/Versions/2.6/usr/include/ruby-2.6.0/ruby/ruby.h:1826:24: note: expanded from macro 'rb_intern'
 1826 |         __extension__ (RUBY_CONST_ID_CACHE((ID), (str))) : \
      |                        ^~~~~~~~~~~~~~~~~~~~~~~~~~~~~~~~
/Library/Developer/CommandLineTools/SDKs/MacOSX.sdk/System/Library/Frameworks/Ruby.framework/Versions/2.6/usr/include/ruby-2.6.0/ruby/ruby.h:1816:5: note: expanded from macro 'RUBY_CONST_ID_CACHE'
 1816 |     }
      |     ^
/Library/Developer/CommandLineTools/SDKs/MacOSX.sdk/System/Library/Frameworks/Ruby.framework/Versions/2.6/usr/include/ruby-2.6.0/ruby/ruby.h:2602:20: note: expanded from macro 'rb_funcall'
 2602 |         rb_funcallv(recv, mid, \
      |                           ^~~
Struct.c:814:40: note: ')' token is here
  814 |     return rb_funcall(array->rbMemory, rb_intern("slice"), 2,
      |                                        ^~~~~~~~~~~~~~~~~~
/Library/Developer/CommandLineTools/SDKs/MacOSX.sdk/System/Library/Frameworks/Ruby.framework/Versions/2.6/usr/include/ruby-2.6.0/ruby/ruby.h:1826:56: note: expanded from macro 'rb_intern'
 1826 |         __extension__ (RUBY_CONST_ID_CACHE((ID), (str))) : \
      |                                                        ^
/Library/Developer/CommandLineTools/SDKs/MacOSX.sdk/System/Library/Frameworks/Ruby.framework/Versions/2.6/usr/include/ruby-2.6.0/ruby/ruby.h:2602:20: note: expanded from macro 'rb_funcall'
 2602 |         rb_funcallv(recv, mid, \
      |                           ^~~
Struct.c:895:23: warning: '(' and '{' tokens introducing statement expression appear in different macro expansion contexts [-Wcompound-token-split-by-macro]
  895 |     id_pointer_ivar = rb_intern("@pointer");
      |                       ^~~~~~~~~~~~~~~~~~~~~
/Library/Developer/CommandLineTools/SDKs/MacOSX.sdk/System/Library/Frameworks/Ruby.framework/Versions/2.6/usr/include/ruby-2.6.0/ruby/ruby.h:1826:23: note: expanded from macro 'rb_intern'
 1826 |         __extension__ (RUBY_CONST_ID_CACHE((ID), (str))) : \
      |                       ^
Struct.c:895:23: note: '{' token is here
  895 |     id_pointer_ivar = rb_intern("@pointer");
      |                       ^~~~~~~~~~~~~~~~~~~~~
/Library/Developer/CommandLineTools/SDKs/MacOSX.sdk/System/Library/Frameworks/Ruby.framework/Versions/2.6/usr/include/ruby-2.6.0/ruby/ruby.h:1826:24: note: expanded from macro 'rb_intern'
 1826 |         __extension__ (RUBY_CONST_ID_CACHE((ID), (str))) : \
      |                        ^~~~~~~~~~~~~~~~~~~~~~~~~~~~~~~~
/Library/Developer/CommandLineTools/SDKs/MacOSX.sdk/System/Library/Frameworks/Ruby.framework/Versions/2.6/usr/include/ruby-2.6.0/ruby/ruby.h:1811:5: note: expanded from macro 'RUBY_CONST_ID_CACHE'
 1811 |     {                                                   \
      |     ^
Struct.c:895:23: warning: '}' and ')' tokens terminating statement expression appear in different macro expansion contexts [-Wcompound-token-split-by-macro]
  895 |     id_pointer_ivar = rb_intern("@pointer");
      |                       ^~~~~~~~~~~~~~~~~~~~~
/Library/Developer/CommandLineTools/SDKs/MacOSX.sdk/System/Library/Frameworks/Ruby.framework/Versions/2.6/usr/include/ruby-2.6.0/ruby/ruby.h:1826:24: note: expanded from macro 'rb_intern'
 1826 |         __extension__ (RUBY_CONST_ID_CACHE((ID), (str))) : \
      |                        ^~~~~~~~~~~~~~~~~~~~~~~~~~~~~~~~
/Library/Developer/CommandLineTools/SDKs/MacOSX.sdk/System/Library/Frameworks/Ruby.framework/Versions/2.6/usr/include/ruby-2.6.0/ruby/ruby.h:1816:5: note: expanded from macro 'RUBY_CONST_ID_CACHE'
 1816 |     }
      |     ^
Struct.c:895:23: note: ')' token is here
  895 |     id_pointer_ivar = rb_intern("@pointer");
      |                       ^~~~~~~~~~~~~~~~~~~~~
/Library/Developer/CommandLineTools/SDKs/MacOSX.sdk/System/Library/Frameworks/Ruby.framework/Versions/2.6/usr/include/ruby-2.6.0/ruby/ruby.h:1826:56: note: expanded from macro 'rb_intern'
 1826 |         __extension__ (RUBY_CONST_ID_CACHE((ID), (str))) : \
      |                                                        ^
Struct.c:896:22: warning: '(' and '{' tokens introducing statement expression appear in different macro expansion contexts [-Wcompound-token-split-by-macro]
  896 |     id_layout_ivar = rb_intern("@layout");
      |                      ^~~~~~~~~~~~~~~~~~~~
/Library/Developer/CommandLineTools/SDKs/MacOSX.sdk/System/Library/Frameworks/Ruby.framework/Versions/2.6/usr/include/ruby-2.6.0/ruby/ruby.h:1826:23: note: expanded from macro 'rb_intern'
 1826 |         __extension__ (RUBY_CONST_ID_CACHE((ID), (str))) : \
      |                       ^
Struct.c:896:22: note: '{' token is here
  896 |     id_layout_ivar = rb_intern("@layout");
      |                      ^~~~~~~~~~~~~~~~~~~~
/Library/Developer/CommandLineTools/SDKs/MacOSX.sdk/System/Library/Frameworks/Ruby.framework/Versions/2.6/usr/include/ruby-2.6.0/ruby/ruby.h:1826:24: note: expanded from macro 'rb_intern'
 1826 |         __extension__ (RUBY_CONST_ID_CACHE((ID), (str))) : \
      |                        ^~~~~~~~~~~~~~~~~~~~~~~~~~~~~~~~
/Library/Developer/CommandLineTools/SDKs/MacOSX.sdk/System/Library/Frameworks/Ruby.framework/Versions/2.6/usr/include/ruby-2.6.0/ruby/ruby.h:1811:5: note: expanded from macro 'RUBY_CONST_ID_CACHE'
 1811 |     {                                                   \
      |     ^
Struct.c:896:22: warning: '}' and ')' tokens terminating statement expression appear in different macro expansion contexts [-Wcompound-token-split-by-macro]
  896 |     id_layout_ivar = rb_intern("@layout");
      |                      ^~~~~~~~~~~~~~~~~~~~
/Library/Developer/CommandLineTools/SDKs/MacOSX.sdk/System/Library/Frameworks/Ruby.framework/Versions/2.6/usr/include/ruby-2.6.0/ruby/ruby.h:1826:24: note: expanded from macro 'rb_intern'
 1826 |         __extension__ (RUBY_CONST_ID_CACHE((ID), (str))) : \
      |                        ^~~~~~~~~~~~~~~~~~~~~~~~~~~~~~~~
/Library/Developer/CommandLineTools/SDKs/MacOSX.sdk/System/Library/Frameworks/Ruby.framework/Versions/2.6/usr/include/ruby-2.6.0/ruby/ruby.h:1816:5: note: expanded from macro 'RUBY_CONST_ID_CACHE'
 1816 |     }
      |     ^
Struct.c:896:22: note: ')' token is here
  896 |     id_layout_ivar = rb_intern("@layout");
      |                      ^~~~~~~~~~~~~~~~~~~~
/Library/Developer/CommandLineTools/SDKs/MacOSX.sdk/System/Library/Frameworks/Ruby.framework/Versions/2.6/usr/include/ruby-2.6.0/ruby/ruby.h:1826:56: note: expanded from macro 'rb_intern'
 1826 |         __extension__ (RUBY_CONST_ID_CACHE((ID), (str))) : \
      |                                                        ^
Struct.c:897:17: warning: '(' and '{' tokens introducing statement expression appear in different macro expansion contexts [-Wcompound-token-split-by-macro]
  897 |     id_layout = rb_intern("layout");
      |                 ^~~~~~~~~~~~~~~~~~~
/Library/Developer/CommandLineTools/SDKs/MacOSX.sdk/System/Library/Frameworks/Ruby.framework/Versions/2.6/usr/include/ruby-2.6.0/ruby/ruby.h:1826:23: note: expanded from macro 'rb_intern'
 1826 |         __extension__ (RUBY_CONST_ID_CACHE((ID), (str))) : \
      |                       ^
Struct.c:897:17: note: '{' token is here
  897 |     id_layout = rb_intern("layout");
      |                 ^~~~~~~~~~~~~~~~~~~
/Library/Developer/CommandLineTools/SDKs/MacOSX.sdk/System/Library/Frameworks/Ruby.framework/Versions/2.6/usr/include/ruby-2.6.0/ruby/ruby.h:1826:24: note: expanded from macro 'rb_intern'
 1826 |         __extension__ (RUBY_CONST_ID_CACHE((ID), (str))) : \
      |                        ^~~~~~~~~~~~~~~~~~~~~~~~~~~~~~~~
/Library/Developer/CommandLineTools/SDKs/MacOSX.sdk/System/Library/Frameworks/Ruby.framework/Versions/2.6/usr/include/ruby-2.6.0/ruby/ruby.h:1811:5: note: expanded from macro 'RUBY_CONST_ID_CACHE'
 1811 |     {                                                   \
      |     ^
Struct.c:897:17: warning: '}' and ')' tokens terminating statement expression appear in different macro expansion contexts [-Wcompound-token-split-by-macro]
  897 |     id_layout = rb_intern("layout");
      |                 ^~~~~~~~~~~~~~~~~~~
/Library/Developer/CommandLineTools/SDKs/MacOSX.sdk/System/Library/Frameworks/Ruby.framework/Versions/2.6/usr/include/ruby-2.6.0/ruby/ruby.h:1826:24: note: expanded from macro 'rb_intern'
 1826 |         __extension__ (RUBY_CONST_ID_CACHE((ID), (str))) : \
      |                        ^~~~~~~~~~~~~~~~~~~~~~~~~~~~~~~~
/Library/Developer/CommandLineTools/SDKs/MacOSX.sdk/System/Library/Frameworks/Ruby.framework/Versions/2.6/usr/include/ruby-2.6.0/ruby/ruby.h:1816:5: note: expanded from macro 'RUBY_CONST_ID_CACHE'
 1816 |     }
      |     ^
Struct.c:897:17: note: ')' token is here
  897 |     id_layout = rb_intern("layout");
      |                 ^~~~~~~~~~~~~~~~~~~
/Library/Developer/CommandLineTools/SDKs/MacOSX.sdk/System/Library/Frameworks/Ruby.framework/Versions/2.6/usr/include/ruby-2.6.0/ruby/ruby.h:1826:56: note: expanded from macro 'rb_intern'
 1826 |         __extension__ (RUBY_CONST_ID_CACHE((ID), (str))) : \
      |                                                        ^
Struct.c:898:14: warning: '(' and '{' tokens introducing statement expression appear in different macro expansion contexts [-Wcompound-token-split-by-macro]
  898 |     id_get = rb_intern("get");
      |              ^~~~~~~~~~~~~~~~
/Library/Developer/CommandLineTools/SDKs/MacOSX.sdk/System/Library/Frameworks/Ruby.framework/Versions/2.6/usr/include/ruby-2.6.0/ruby/ruby.h:1826:23: note: expanded from macro 'rb_intern'
 1826 |         __extension__ (RUBY_CONST_ID_CACHE((ID), (str))) : \
      |                       ^
Struct.c:898:14: note: '{' token is here
  898 |     id_get = rb_intern("get");
      |              ^~~~~~~~~~~~~~~~
/Library/Developer/CommandLineTools/SDKs/MacOSX.sdk/System/Library/Frameworks/Ruby.framework/Versions/2.6/usr/include/ruby-2.6.0/ruby/ruby.h:1826:24: note: expanded from macro 'rb_intern'
 1826 |         __extension__ (RUBY_CONST_ID_CACHE((ID), (str))) : \
      |                        ^~~~~~~~~~~~~~~~~~~~~~~~~~~~~~~~
/Library/Developer/CommandLineTools/SDKs/MacOSX.sdk/System/Library/Frameworks/Ruby.framework/Versions/2.6/usr/include/ruby-2.6.0/ruby/ruby.h:1811:5: note: expanded from macro 'RUBY_CONST_ID_CACHE'
 1811 |     {                                                   \
      |     ^
Struct.c:898:14: warning: '}' and ')' tokens terminating statement expression appear in different macro expansion contexts [-Wcompound-token-split-by-macro]
  898 |     id_get = rb_intern("get");
      |              ^~~~~~~~~~~~~~~~
/Library/Developer/CommandLineTools/SDKs/MacOSX.sdk/System/Library/Frameworks/Ruby.framework/Versions/2.6/usr/include/ruby-2.6.0/ruby/ruby.h:1826:24: note: expanded from macro 'rb_intern'
 1826 |         __extension__ (RUBY_CONST_ID_CACHE((ID), (str))) : \
      |                        ^~~~~~~~~~~~~~~~~~~~~~~~~~~~~~~~
/Library/Developer/CommandLineTools/SDKs/MacOSX.sdk/System/Library/Frameworks/Ruby.framework/Versions/2.6/usr/include/ruby-2.6.0/ruby/ruby.h:1816:5: note: expanded from macro 'RUBY_CONST_ID_CACHE'
 1816 |     }
      |     ^
Struct.c:898:14: note: ')' token is here
  898 |     id_get = rb_intern("get");
      |              ^~~~~~~~~~~~~~~~
/Library/Developer/CommandLineTools/SDKs/MacOSX.sdk/System/Library/Frameworks/Ruby.framework/Versions/2.6/usr/include/ruby-2.6.0/ruby/ruby.h:1826:56: note: expanded from macro 'rb_intern'
 1826 |         __extension__ (RUBY_CONST_ID_CACHE((ID), (str))) : \
      |                                                        ^
Struct.c:899:14: warning: '(' and '{' tokens introducing statement expression appear in different macro expansion contexts [-Wcompound-token-split-by-macro]
  899 |     id_put = rb_intern("put");
      |              ^~~~~~~~~~~~~~~~
/Library/Developer/CommandLineTools/SDKs/MacOSX.sdk/System/Library/Frameworks/Ruby.framework/Versions/2.6/usr/include/ruby-2.6.0/ruby/ruby.h:1826:23: note: expanded from macro 'rb_intern'
 1826 |         __extension__ (RUBY_CONST_ID_CACHE((ID), (str))) : \
      |                       ^
Struct.c:899:14: note: '{' token is here
  899 |     id_put = rb_intern("put");
      |              ^~~~~~~~~~~~~~~~
/Library/Developer/CommandLineTools/SDKs/MacOSX.sdk/System/Library/Frameworks/Ruby.framework/Versions/2.6/usr/include/ruby-2.6.0/ruby/ruby.h:1826:24: note: expanded from macro 'rb_intern'
 1826 |         __extension__ (RUBY_CONST_ID_CACHE((ID), (str))) : \
      |                        ^~~~~~~~~~~~~~~~~~~~~~~~~~~~~~~~
/Library/Developer/CommandLineTools/SDKs/MacOSX.sdk/System/Library/Frameworks/Ruby.framework/Versions/2.6/usr/include/ruby-2.6.0/ruby/ruby.h:1811:5: note: expanded from macro 'RUBY_CONST_ID_CACHE'
 1811 |     {                                                   \
      |     ^
Struct.c:899:14: warning: '}' and ')' tokens terminating statement expression appear in different macro expansion contexts [-Wcompound-token-split-by-macro]
  899 |     id_put = rb_intern("put");
      |              ^~~~~~~~~~~~~~~~
/Library/Developer/CommandLineTools/SDKs/MacOSX.sdk/System/Library/Frameworks/Ruby.framework/Versions/2.6/usr/include/ruby-2.6.0/ruby/ruby.h:1826:24: note: expanded from macro 'rb_intern'
 1826 |         __extension__ (RUBY_CONST_ID_CACHE((ID), (str))) : \
      |                        ^~~~~~~~~~~~~~~~~~~~~~~~~~~~~~~~
/Library/Developer/CommandLineTools/SDKs/MacOSX.sdk/System/Library/Frameworks/Ruby.framework/Versions/2.6/usr/include/ruby-2.6.0/ruby/ruby.h:1816:5: note: expanded from macro 'RUBY_CONST_ID_CACHE'
 1816 |     }
      |     ^
Struct.c:899:14: note: ')' token is here
  899 |     id_put = rb_intern("put");
      |              ^~~~~~~~~~~~~~~~
/Library/Developer/CommandLineTools/SDKs/MacOSX.sdk/System/Library/Frameworks/Ruby.framework/Versions/2.6/usr/include/ruby-2.6.0/ruby/ruby.h:1826:56: note: expanded from macro 'rb_intern'
 1826 |         __extension__ (RUBY_CONST_ID_CACHE((ID), (str))) : \
      |                                                        ^
Struct.c:900:17: warning: '(' and '{' tokens introducing statement expression appear in different macro expansion contexts [-Wcompound-token-split-by-macro]
  900 |     id_to_ptr = rb_intern("to_ptr");
      |                 ^~~~~~~~~~~~~~~~~~~
/Library/Developer/CommandLineTools/SDKs/MacOSX.sdk/System/Library/Frameworks/Ruby.framework/Versions/2.6/usr/include/ruby-2.6.0/ruby/ruby.h:1826:23: note: expanded from macro 'rb_intern'
 1826 |         __extension__ (RUBY_CONST_ID_CACHE((ID), (str))) : \
      |                       ^
Struct.c:900:17: note: '{' token is here
  900 |     id_to_ptr = rb_intern("to_ptr");
      |                 ^~~~~~~~~~~~~~~~~~~
/Library/Developer/CommandLineTools/SDKs/MacOSX.sdk/System/Library/Frameworks/Ruby.framework/Versions/2.6/usr/include/ruby-2.6.0/ruby/ruby.h:1826:24: note: expanded from macro 'rb_intern'
 1826 |         __extension__ (RUBY_CONST_ID_CACHE((ID), (str))) : \
      |                        ^~~~~~~~~~~~~~~~~~~~~~~~~~~~~~~~
/Library/Developer/CommandLineTools/SDKs/MacOSX.sdk/System/Library/Frameworks/Ruby.framework/Versions/2.6/usr/include/ruby-2.6.0/ruby/ruby.h:1811:5: note: expanded from macro 'RUBY_CONST_ID_CACHE'
 1811 |     {                                                   \
      |     ^
Struct.c:900:17: warning: '}' and ')' tokens terminating statement expression appear in different macro expansion contexts [-Wcompound-token-split-by-macro]
  900 |     id_to_ptr = rb_intern("to_ptr");
      |                 ^~~~~~~~~~~~~~~~~~~
/Library/Developer/CommandLineTools/SDKs/MacOSX.sdk/System/Library/Frameworks/Ruby.framework/Versions/2.6/usr/include/ruby-2.6.0/ruby/ruby.h:1826:24: note: expanded from macro 'rb_intern'
 1826 |         __extension__ (RUBY_CONST_ID_CACHE((ID), (str))) : \
      |                        ^~~~~~~~~~~~~~~~~~~~~~~~~~~~~~~~
/Library/Developer/CommandLineTools/SDKs/MacOSX.sdk/System/Library/Frameworks/Ruby.framework/Versions/2.6/usr/include/ruby-2.6.0/ruby/ruby.h:1816:5: note: expanded from macro 'RUBY_CONST_ID_CACHE'
 1816 |     }
      |     ^
Struct.c:900:17: note: ')' token is here
  900 |     id_to_ptr = rb_intern("to_ptr");
      |                 ^~~~~~~~~~~~~~~~~~~
/Library/Developer/CommandLineTools/SDKs/MacOSX.sdk/System/Library/Frameworks/Ruby.framework/Versions/2.6/usr/include/ruby-2.6.0/ruby/ruby.h:1826:56: note: expanded from macro 'rb_intern'
 1826 |         __extension__ (RUBY_CONST_ID_CACHE((ID), (str))) : \
      |                                                        ^
Struct.c:901:15: warning: '(' and '{' tokens introducing statement expression appear in different macro expansion contexts [-Wcompound-token-split-by-macro]
  901 |     id_to_s = rb_intern("to_s");
      |               ^~~~~~~~~~~~~~~~~
/Library/Developer/CommandLineTools/SDKs/MacOSX.sdk/System/Library/Frameworks/Ruby.framework/Versions/2.6/usr/include/ruby-2.6.0/ruby/ruby.h:1826:23: note: expanded from macro 'rb_intern'
 1826 |         __extension__ (RUBY_CONST_ID_CACHE((ID), (str))) : \
      |                       ^
Struct.c:901:15: note: '{' token is here
  901 |     id_to_s = rb_intern("to_s");
      |               ^~~~~~~~~~~~~~~~~
/Library/Developer/CommandLineTools/SDKs/MacOSX.sdk/System/Library/Frameworks/Ruby.framework/Versions/2.6/usr/include/ruby-2.6.0/ruby/ruby.h:1826:24: note: expanded from macro 'rb_intern'
 1826 |         __extension__ (RUBY_CONST_ID_CACHE((ID), (str))) : \
      |                        ^~~~~~~~~~~~~~~~~~~~~~~~~~~~~~~~
/Library/Developer/CommandLineTools/SDKs/MacOSX.sdk/System/Library/Frameworks/Ruby.framework/Versions/2.6/usr/include/ruby-2.6.0/ruby/ruby.h:1811:5: note: expanded from macro 'RUBY_CONST_ID_CACHE'
 1811 |     {                                                   \
      |     ^
Struct.c:901:15: warning: '}' and ')' tokens terminating statement expression appear in different macro expansion contexts [-Wcompound-token-split-by-macro]
  901 |     id_to_s = rb_intern("to_s");
      |               ^~~~~~~~~~~~~~~~~
/Library/Developer/CommandLineTools/SDKs/MacOSX.sdk/System/Library/Frameworks/Ruby.framework/Versions/2.6/usr/include/ruby-2.6.0/ruby/ruby.h:1826:24: note: expanded from macro 'rb_intern'
 1826 |         __extension__ (RUBY_CONST_ID_CACHE((ID), (str))) : \
      |                        ^~~~~~~~~~~~~~~~~~~~~~~~~~~~~~~~
/Library/Developer/CommandLineTools/SDKs/MacOSX.sdk/System/Library/Frameworks/Ruby.framework/Versions/2.6/usr/include/ruby-2.6.0/ruby/ruby.h:1816:5: note: expanded from macro 'RUBY_CONST_ID_CACHE'
 1816 |     }
      |     ^
Struct.c:901:15: note: ')' token is here
  901 |     id_to_s = rb_intern("to_s");
      |               ^~~~~~~~~~~~~~~~~
/Library/Developer/CommandLineTools/SDKs/MacOSX.sdk/System/Library/Frameworks/Ruby.framework/Versions/2.6/usr/include/ruby-2.6.0/ruby/ruby.h:1826:56: note: expanded from macro 'rb_intern'
 1826 |         __extension__ (RUBY_CONST_ID_CACHE((ID), (str))) : \
      |                                                        ^
Struct.c:902:21: warning: '(' and '{' tokens introducing statement expression appear in different macro expansion contexts [-Wcompound-token-split-by-macro]
  902 |     id_initialize = rb_intern("initialize");
      |                     ^~~~~~~~~~~~~~~~~~~~~~~
/Library/Developer/CommandLineTools/SDKs/MacOSX.sdk/System/Library/Frameworks/Ruby.framework/Versions/2.6/usr/include/ruby-2.6.0/ruby/ruby.h:1826:23: note: expanded from macro 'rb_intern'
 1826 |         __extension__ (RUBY_CONST_ID_CACHE((ID), (str))) : \
      |                       ^
Struct.c:902:21: note: '{' token is here
  902 |     id_initialize = rb_intern("initialize");
      |                     ^~~~~~~~~~~~~~~~~~~~~~~
/Library/Developer/CommandLineTools/SDKs/MacOSX.sdk/System/Library/Frameworks/Ruby.framework/Versions/2.6/usr/include/ruby-2.6.0/ruby/ruby.h:1826:24: note: expanded from macro 'rb_intern'
 1826 |         __extension__ (RUBY_CONST_ID_CACHE((ID), (str))) : \
      |                        ^~~~~~~~~~~~~~~~~~~~~~~~~~~~~~~~
/Library/Developer/CommandLineTools/SDKs/MacOSX.sdk/System/Library/Frameworks/Ruby.framework/Versions/2.6/usr/include/ruby-2.6.0/ruby/ruby.h:1811:5: note: expanded from macro 'RUBY_CONST_ID_CACHE'
 1811 |     {                                                   \
      |     ^
Struct.c:902:21: warning: '}' and ')' tokens terminating statement expression appear in different macro expansion contexts [-Wcompound-token-split-by-macro]
  902 |     id_initialize = rb_intern("initialize");
      |                     ^~~~~~~~~~~~~~~~~~~~~~~
/Library/Developer/CommandLineTools/SDKs/MacOSX.sdk/System/Library/Frameworks/Ruby.framework/Versions/2.6/usr/include/ruby-2.6.0/ruby/ruby.h:1826:24: note: expanded from macro 'rb_intern'
 1826 |         __extension__ (RUBY_CONST_ID_CACHE((ID), (str))) : \
      |                        ^~~~~~~~~~~~~~~~~~~~~~~~~~~~~~~~
/Library/Developer/CommandLineTools/SDKs/MacOSX.sdk/System/Library/Frameworks/Ruby.framework/Versions/2.6/usr/include/ruby-2.6.0/ruby/ruby.h:1816:5: note: expanded from macro 'RUBY_CONST_ID_CACHE'
 1816 |     }
      |     ^
Struct.c:902:21: note: ')' token is here
  902 |     id_initialize = rb_intern("initialize");
      |                     ^~~~~~~~~~~~~~~~~~~~~~~
/Library/Developer/CommandLineTools/SDKs/MacOSX.sdk/System/Library/Frameworks/Ruby.framework/Versions/2.6/usr/include/ruby-2.6.0/ruby/ruby.h:1826:56: note: expanded from macro 'rb_intern'
 1826 |         __extension__ (RUBY_CONST_ID_CACHE((ID), (str))) : \
      |                                                        ^
30 warnings generated.
compiling StructByValue.c
StructByValue.c:99:43: warning: '(' and '{' tokens introducing statement expression appear in different macro expansion contexts [-Wcompound-token-split-by-macro]
   99 |     rbLayout = rb_ivar_get(rbStructClass, rb_intern("@layout"));
      |                                           ^~~~~~~~~~~~~~~~~~~~
/Library/Developer/CommandLineTools/SDKs/MacOSX.sdk/System/Library/Frameworks/Ruby.framework/Versions/2.6/usr/include/ruby-2.6.0/ruby/ruby.h:1826:23: note: expanded from macro 'rb_intern'
 1826 |         __extension__ (RUBY_CONST_ID_CACHE((ID), (str))) : \
      |                       ^
StructByValue.c:99:43: note: '{' token is here
   99 |     rbLayout = rb_ivar_get(rbStructClass, rb_intern("@layout"));
      |                                           ^~~~~~~~~~~~~~~~~~~~
/Library/Developer/CommandLineTools/SDKs/MacOSX.sdk/System/Library/Frameworks/Ruby.framework/Versions/2.6/usr/include/ruby-2.6.0/ruby/ruby.h:1826:24: note: expanded from macro 'rb_intern'
 1826 |         __extension__ (RUBY_CONST_ID_CACHE((ID), (str))) : \
      |                        ^~~~~~~~~~~~~~~~~~~~~~~~~~~~~~~~
/Library/Developer/CommandLineTools/SDKs/MacOSX.sdk/System/Library/Frameworks/Ruby.framework/Versions/2.6/usr/include/ruby-2.6.0/ruby/ruby.h:1811:5: note: expanded from macro 'RUBY_CONST_ID_CACHE'
 1811 |     {                                                   \
      |     ^
StructByValue.c:99:43: warning: '}' and ')' tokens terminating statement expression appear in different macro expansion contexts [-Wcompound-token-split-by-macro]
   99 |     rbLayout = rb_ivar_get(rbStructClass, rb_intern("@layout"));
      |                                           ^~~~~~~~~~~~~~~~~~~~
/Library/Developer/CommandLineTools/SDKs/MacOSX.sdk/System/Library/Frameworks/Ruby.framework/Versions/2.6/usr/include/ruby-2.6.0/ruby/ruby.h:1826:24: note: expanded from macro 'rb_intern'
 1826 |         __extension__ (RUBY_CONST_ID_CACHE((ID), (str))) : \
      |                        ^~~~~~~~~~~~~~~~~~~~~~~~~~~~~~~~
/Library/Developer/CommandLineTools/SDKs/MacOSX.sdk/System/Library/Frameworks/Ruby.framework/Versions/2.6/usr/include/ruby-2.6.0/ruby/ruby.h:1816:5: note: expanded from macro 'RUBY_CONST_ID_CACHE'
 1816 |     }
      |     ^
StructByValue.c:99:43: note: ')' token is here
   99 |     rbLayout = rb_ivar_get(rbStructClass, rb_intern("@layout"));
      |                                           ^~~~~~~~~~~~~~~~~~~~
/Library/Developer/CommandLineTools/SDKs/MacOSX.sdk/System/Library/Frameworks/Ruby.framework/Versions/2.6/usr/include/ruby-2.6.0/ruby/ruby.h:1826:56: note: expanded from macro 'rb_intern'
 1826 |         __extension__ (RUBY_CONST_ID_CACHE((ID), (str))) : \
      |                                                        ^
2 warnings generated.
compiling StructLayout.c
StructLayout.c:177:61: warning: '(' and '{' tokens introducing statement expression appear in different macro expansion contexts [-Wcompound-token-split-by-macro]
  177 |             field->referenceRequired = (rb_respond_to(self, rb_intern("reference_required?"))
      |                                                             ^~~~~~~~~~~~~~~~~~~~~~~~~~~~~~~~
/Library/Developer/CommandLineTools/SDKs/MacOSX.sdk/System/Library/Frameworks/Ruby.framework/Versions/2.6/usr/include/ruby-2.6.0/ruby/ruby.h:1826:23: note: expanded from macro 'rb_intern'
 1826 |         __extension__ (RUBY_CONST_ID_CACHE((ID), (str))) : \
      |                       ^
StructLayout.c:177:61: note: '{' token is here
  177 |             field->referenceRequired = (rb_respond_to(self, rb_intern("reference_required?"))
      |                                                             ^~~~~~~~~~~~~~~~~~~~~~~~~~~~~~~~
/Library/Developer/CommandLineTools/SDKs/MacOSX.sdk/System/Library/Frameworks/Ruby.framework/Versions/2.6/usr/include/ruby-2.6.0/ruby/ruby.h:1826:24: note: expanded from macro 'rb_intern'
 1826 |         __extension__ (RUBY_CONST_ID_CACHE((ID), (str))) : \
      |                        ^~~~~~~~~~~~~~~~~~~~~~~~~~~~~~~~
/Library/Developer/CommandLineTools/SDKs/MacOSX.sdk/System/Library/Frameworks/Ruby.framework/Versions/2.6/usr/include/ruby-2.6.0/ruby/ruby.h:1811:5: note: expanded from macro 'RUBY_CONST_ID_CACHE'
 1811 |     {                                                   \
      |     ^
StructLayout.c:177:61: warning: '}' and ')' tokens terminating statement expression appear in different macro expansion contexts [-Wcompound-token-split-by-macro]
  177 |             field->referenceRequired = (rb_respond_to(self, rb_intern("reference_required?"))
      |                                                             ^~~~~~~~~~~~~~~~~~~~~~~~~~~~~~~~
/Library/Developer/CommandLineTools/SDKs/MacOSX.sdk/System/Library/Frameworks/Ruby.framework/Versions/2.6/usr/include/ruby-2.6.0/ruby/ruby.h:1826:24: note: expanded from macro 'rb_intern'
 1826 |         __extension__ (RUBY_CONST_ID_CACHE((ID), (str))) : \
      |                        ^~~~~~~~~~~~~~~~~~~~~~~~~~~~~~~~
/Library/Developer/CommandLineTools/SDKs/MacOSX.sdk/System/Library/Frameworks/Ruby.framework/Versions/2.6/usr/include/ruby-2.6.0/ruby/ruby.h:1816:5: note: expanded from macro 'RUBY_CONST_ID_CACHE'
 1816 |     }
      |     ^
StructLayout.c:177:61: note: ')' token is here
  177 |             field->referenceRequired = (rb_respond_to(self, rb_intern("reference_required?"))
      |                                                             ^~~~~~~~~~~~~~~~~~~~~~~~~~~~~~~~
/Library/Developer/CommandLineTools/SDKs/MacOSX.sdk/System/Library/Frameworks/Ruby.framework/Versions/2.6/usr/include/ruby-2.6.0/ruby/ruby.h:1826:56: note: expanded from macro 'rb_intern'
 1826 |         __extension__ (RUBY_CONST_ID_CACHE((ID), (str))) : \
      |                                                        ^
StructLayout.c:178:48: warning: '(' and '{' tokens introducing statement expression appear in different macro expansion contexts [-Wcompound-token-split-by-macro]
  178 |                     && RTEST(rb_funcall2(self, rb_intern("reference_required?"), 0, NULL)))
      |                                                ^~~~~~~~~~~~~~~~~~~~~~~~~~~~~~~~
/Library/Developer/CommandLineTools/SDKs/MacOSX.sdk/System/Library/Frameworks/Ruby.framework/Versions/2.6/usr/include/ruby-2.6.0/ruby/ruby.h:1826:23: note: expanded from macro 'rb_intern'
 1826 |         __extension__ (RUBY_CONST_ID_CACHE((ID), (str))) : \
      |                       ^
/Library/Developer/CommandLineTools/SDKs/MacOSX.sdk/System/Library/Frameworks/Ruby.framework/Versions/2.6/usr/include/ruby-2.6.0/ruby/ruby.h:480:26: note: expanded from macro 'RTEST'
  480 | #define RTEST(v) RB_TEST(v)
      |                          ^
/Library/Developer/CommandLineTools/SDKs/MacOSX.sdk/System/Library/Frameworks/Ruby.framework/Versions/2.6/usr/include/ruby-2.6.0/ruby/ruby.h:478:31: note: expanded from macro 'RB_TEST'
  478 | #define RB_TEST(v) !(((VALUE)(v) & (VALUE)~RUBY_Qnil) == 0)
      |                               ^
StructLayout.c:178:48: note: '{' token is here
  178 |                     && RTEST(rb_funcall2(self, rb_intern("reference_required?"), 0, NULL)))
      |                                                ^~~~~~~~~~~~~~~~~~~~~~~~~~~~~~~~
/Library/Developer/CommandLineTools/SDKs/MacOSX.sdk/System/Library/Frameworks/Ruby.framework/Versions/2.6/usr/include/ruby-2.6.0/ruby/ruby.h:1826:24: note: expanded from macro 'rb_intern'
 1826 |         __extension__ (RUBY_CONST_ID_CACHE((ID), (str))) : \
      |                        ^~~~~~~~~~~~~~~~~~~~~~~~~~~~~~~~
/Library/Developer/CommandLineTools/SDKs/MacOSX.sdk/System/Library/Frameworks/Ruby.framework/Versions/2.6/usr/include/ruby-2.6.0/ruby/ruby.h:1811:5: note: expanded from macro 'RUBY_CONST_ID_CACHE'
 1811 |     {                                                   \
      |     ^
/Library/Developer/CommandLineTools/SDKs/MacOSX.sdk/System/Library/Frameworks/Ruby.framework/Versions/2.6/usr/include/ruby-2.6.0/ruby/ruby.h:480:26: note: expanded from macro 'RTEST'
  480 | #define RTEST(v) RB_TEST(v)
      |                          ^
/Library/Developer/CommandLineTools/SDKs/MacOSX.sdk/System/Library/Frameworks/Ruby.framework/Versions/2.6/usr/include/ruby-2.6.0/ruby/ruby.h:478:31: note: expanded from macro 'RB_TEST'
  478 | #define RB_TEST(v) !(((VALUE)(v) & (VALUE)~RUBY_Qnil) == 0)
      |                               ^
StructLayout.c:178:48: warning: '}' and ')' tokens terminating statement expression appear in different macro expansion contexts [-Wcompound-token-split-by-macro]
  178 |                     && RTEST(rb_funcall2(self, rb_intern("reference_required?"), 0, NULL)))
      |                                                ^~~~~~~~~~~~~~~~~~~~~~~~~~~~~~~~
/Library/Developer/CommandLineTools/SDKs/MacOSX.sdk/System/Library/Frameworks/Ruby.framework/Versions/2.6/usr/include/ruby-2.6.0/ruby/ruby.h:1826:24: note: expanded from macro 'rb_intern'
 1826 |         __extension__ (RUBY_CONST_ID_CACHE((ID), (str))) : \
      |                        ^~~~~~~~~~~~~~~~~~~~~~~~~~~~~~~~
/Library/Developer/CommandLineTools/SDKs/MacOSX.sdk/System/Library/Frameworks/Ruby.framework/Versions/2.6/usr/include/ruby-2.6.0/ruby/ruby.h:1816:5: note: expanded from macro 'RUBY_CONST_ID_CACHE'
 1816 |     }
      |     ^
/Library/Developer/CommandLineTools/SDKs/MacOSX.sdk/System/Library/Frameworks/Ruby.framework/Versions/2.6/usr/include/ruby-2.6.0/ruby/ruby.h:480:26: note: expanded from macro 'RTEST'
  480 | #define RTEST(v) RB_TEST(v)
      |                          ^
/Library/Developer/CommandLineTools/SDKs/MacOSX.sdk/System/Library/Frameworks/Ruby.framework/Versions/2.6/usr/include/ruby-2.6.0/ruby/ruby.h:478:31: note: expanded from macro 'RB_TEST'
  478 | #define RB_TEST(v) !(((VALUE)(v) & (VALUE)~RUBY_Qnil) == 0)
      |                               ^
StructLayout.c:178:48: note: ')' token is here
  178 |                     && RTEST(rb_funcall2(self, rb_intern("reference_required?"), 0, NULL)))
      |                                                ^~~~~~~~~~~~~~~~~~~~~~~~~~~~~~~~
/Library/Developer/CommandLineTools/SDKs/MacOSX.sdk/System/Library/Frameworks/Ruby.framework/Versions/2.6/usr/include/ruby-2.6.0/ruby/ruby.h:1826:56: note: expanded from macro 'rb_intern'
 1826 |         __extension__ (RUBY_CONST_ID_CACHE((ID), (str))) : \
      |                                                        ^
/Library/Developer/CommandLineTools/SDKs/MacOSX.sdk/System/Library/Frameworks/Ruby.framework/Versions/2.6/usr/include/ruby-2.6.0/ruby/ruby.h:480:26: note: expanded from macro 'RTEST'
  480 | #define RTEST(v) RB_TEST(v)
      |                          ^
/Library/Developer/CommandLineTools/SDKs/MacOSX.sdk/System/Library/Frameworks/Ruby.framework/Versions/2.6/usr/include/ruby-2.6.0/ruby/ruby.h:478:31: note: expanded from macro 'RB_TEST'
  478 | #define RB_TEST(v) !(((VALUE)(v) & (VALUE)~RUBY_Qnil) == 0)
      |                               ^
StructLayout.c:179:47: warning: '(' and '{' tokens introducing statement expression appear in different macro expansion contexts [-Wcompound-token-split-by-macro]
  179 |                     || (rb_respond_to(rbType, rb_intern("reference_required?"))
      |                                               ^~~~~~~~~~~~~~~~~~~~~~~~~~~~~~~~
/Library/Developer/CommandLineTools/SDKs/MacOSX.sdk/System/Library/Frameworks/Ruby.framework/Versions/2.6/usr/include/ruby-2.6.0/ruby/ruby.h:1826:23: note: expanded from macro 'rb_intern'
 1826 |         __extension__ (RUBY_CONST_ID_CACHE((ID), (str))) : \
      |                       ^
StructLayout.c:179:47: note: '{' token is here
  179 |                     || (rb_respond_to(rbType, rb_intern("reference_required?"))
      |                                               ^~~~~~~~~~~~~~~~~~~~~~~~~~~~~~~~
/Library/Developer/CommandLineTools/SDKs/MacOSX.sdk/System/Library/Frameworks/Ruby.framework/Versions/2.6/usr/include/ruby-2.6.0/ruby/ruby.h:1826:24: note: expanded from macro 'rb_intern'
 1826 |         __extension__ (RUBY_CONST_ID_CACHE((ID), (str))) : \
      |                        ^~~~~~~~~~~~~~~~~~~~~~~~~~~~~~~~
/Library/Developer/CommandLineTools/SDKs/MacOSX.sdk/System/Library/Frameworks/Ruby.framework/Versions/2.6/usr/include/ruby-2.6.0/ruby/ruby.h:1811:5: note: expanded from macro 'RUBY_CONST_ID_CACHE'
 1811 |     {                                                   \
      |     ^
StructLayout.c:179:47: warning: '}' and ')' tokens terminating statement expression appear in different macro expansion contexts [-Wcompound-token-split-by-macro]
  179 |                     || (rb_respond_to(rbType, rb_intern("reference_required?"))
      |                                               ^~~~~~~~~~~~~~~~~~~~~~~~~~~~~~~~
/Library/Developer/CommandLineTools/SDKs/MacOSX.sdk/System/Library/Frameworks/Ruby.framework/Versions/2.6/usr/include/ruby-2.6.0/ruby/ruby.h:1826:24: note: expanded from macro 'rb_intern'
 1826 |         __extension__ (RUBY_CONST_ID_CACHE((ID), (str))) : \
      |                        ^~~~~~~~~~~~~~~~~~~~~~~~~~~~~~~~
/Library/Developer/CommandLineTools/SDKs/MacOSX.sdk/System/Library/Frameworks/Ruby.framework/Versions/2.6/usr/include/ruby-2.6.0/ruby/ruby.h:1816:5: note: expanded from macro 'RUBY_CONST_ID_CACHE'
 1816 |     }
      |     ^
StructLayout.c:179:47: note: ')' token is here
  179 |                     || (rb_respond_to(rbType, rb_intern("reference_required?"))
      |                                               ^~~~~~~~~~~~~~~~~~~~~~~~~~~~~~~~
/Library/Developer/CommandLineTools/SDKs/MacOSX.sdk/System/Library/Frameworks/Ruby.framework/Versions/2.6/usr/include/ruby-2.6.0/ruby/ruby.h:1826:56: note: expanded from macro 'rb_intern'
 1826 |         __extension__ (RUBY_CONST_ID_CACHE((ID), (str))) : \
      |                                                        ^
StructLayout.c:180:54: warning: '(' and '{' tokens introducing statement expression appear in different macro expansion contexts [-Wcompound-token-split-by-macro]
  180 |                         && RTEST(rb_funcall2(rbType, rb_intern("reference_required?"), 0, NULL)));
      |                                                      ^~~~~~~~~~~~~~~~~~~~~~~~~~~~~~~~
/Library/Developer/CommandLineTools/SDKs/MacOSX.sdk/System/Library/Frameworks/Ruby.framework/Versions/2.6/usr/include/ruby-2.6.0/ruby/ruby.h:1826:23: note: expanded from macro 'rb_intern'
 1826 |         __extension__ (RUBY_CONST_ID_CACHE((ID), (str))) : \
      |                       ^
/Library/Developer/CommandLineTools/SDKs/MacOSX.sdk/System/Library/Frameworks/Ruby.framework/Versions/2.6/usr/include/ruby-2.6.0/ruby/ruby.h:480:26: note: expanded from macro 'RTEST'
  480 | #define RTEST(v) RB_TEST(v)
      |                          ^
/Library/Developer/CommandLineTools/SDKs/MacOSX.sdk/System/Library/Frameworks/Ruby.framework/Versions/2.6/usr/include/ruby-2.6.0/ruby/ruby.h:478:31: note: expanded from macro 'RB_TEST'
  478 | #define RB_TEST(v) !(((VALUE)(v) & (VALUE)~RUBY_Qnil) == 0)
      |                               ^
StructLayout.c:180:54: note: '{' token is here
  180 |                         && RTEST(rb_funcall2(rbType, rb_intern("reference_required?"), 0, NULL)));
      |                                                      ^~~~~~~~~~~~~~~~~~~~~~~~~~~~~~~~
/Library/Developer/CommandLineTools/SDKs/MacOSX.sdk/System/Library/Frameworks/Ruby.framework/Versions/2.6/usr/include/ruby-2.6.0/ruby/ruby.h:1826:24: note: expanded from macro 'rb_intern'
 1826 |         __extension__ (RUBY_CONST_ID_CACHE((ID), (str))) : \
      |                        ^~~~~~~~~~~~~~~~~~~~~~~~~~~~~~~~
/Library/Developer/CommandLineTools/SDKs/MacOSX.sdk/System/Library/Frameworks/Ruby.framework/Versions/2.6/usr/include/ruby-2.6.0/ruby/ruby.h:1811:5: note: expanded from macro 'RUBY_CONST_ID_CACHE'
 1811 |     {                                                   \
      |     ^
/Library/Developer/CommandLineTools/SDKs/MacOSX.sdk/System/Library/Frameworks/Ruby.framework/Versions/2.6/usr/include/ruby-2.6.0/ruby/ruby.h:480:26: note: expanded from macro 'RTEST'
  480 | #define RTEST(v) RB_TEST(v)
      |                          ^
/Library/Developer/CommandLineTools/SDKs/MacOSX.sdk/System/Library/Frameworks/Ruby.framework/Versions/2.6/usr/include/ruby-2.6.0/ruby/ruby.h:478:31: note: expanded from macro 'RB_TEST'
  478 | #define RB_TEST(v) !(((VALUE)(v) & (VALUE)~RUBY_Qnil) == 0)
      |                               ^
StructLayout.c:180:54: warning: '}' and ')' tokens terminating statement expression appear in different macro expansion contexts [-Wcompound-token-split-by-macro]
  180 |                         && RTEST(rb_funcall2(rbType, rb_intern("reference_required?"), 0, NULL)));
      |                                                      ^~~~~~~~~~~~~~~~~~~~~~~~~~~~~~~~
/Library/Developer/CommandLineTools/SDKs/MacOSX.sdk/System/Library/Frameworks/Ruby.framework/Versions/2.6/usr/include/ruby-2.6.0/ruby/ruby.h:1826:24: note: expanded from macro 'rb_intern'
 1826 |         __extension__ (RUBY_CONST_ID_CACHE((ID), (str))) : \
      |                        ^~~~~~~~~~~~~~~~~~~~~~~~~~~~~~~~
/Library/Developer/CommandLineTools/SDKs/MacOSX.sdk/System/Library/Frameworks/Ruby.framework/Versions/2.6/usr/include/ruby-2.6.0/ruby/ruby.h:1816:5: note: expanded from macro 'RUBY_CONST_ID_CACHE'
 1816 |     }
      |     ^
/Library/Developer/CommandLineTools/SDKs/MacOSX.sdk/System/Library/Frameworks/Ruby.framework/Versions/2.6/usr/include/ruby-2.6.0/ruby/ruby.h:480:26: note: expanded from macro 'RTEST'
  480 | #define RTEST(v) RB_TEST(v)
      |                          ^
/Library/Developer/CommandLineTools/SDKs/MacOSX.sdk/System/Library/Frameworks/Ruby.framework/Versions/2.6/usr/include/ruby-2.6.0/ruby/ruby.h:478:31: note: expanded from macro 'RB_TEST'
  478 | #define RB_TEST(v) !(((VALUE)(v) & (VALUE)~RUBY_Qnil) == 0)
      |                               ^
StructLayout.c:180:54: note: ')' token is here
  180 |                         && RTEST(rb_funcall2(rbType, rb_intern("reference_required?"), 0, NULL)));
      |                                                      ^~~~~~~~~~~~~~~~~~~~~~~~~~~~~~~~
/Library/Developer/CommandLineTools/SDKs/MacOSX.sdk/System/Library/Frameworks/Ruby.framework/Versions/2.6/usr/include/ruby-2.6.0/ruby/ruby.h:1826:56: note: expanded from macro 'rb_intern'
 1826 |         __extension__ (RUBY_CONST_ID_CACHE((ID), (str))) : \
      |                                                        ^
/Library/Developer/CommandLineTools/SDKs/MacOSX.sdk/System/Library/Frameworks/Ruby.framework/Versions/2.6/usr/include/ruby-2.6.0/ruby/ruby.h:480:26: note: expanded from macro 'RTEST'
  480 | #define RTEST(v) RB_TEST(v)
      |                          ^
/Library/Developer/CommandLineTools/SDKs/MacOSX.sdk/System/Library/Frameworks/Ruby.framework/Versions/2.6/usr/include/ruby-2.6.0/ruby/ruby.h:478:31: note: expanded from macro 'RB_TEST'
  478 | #define RB_TEST(v) !(((VALUE)(v) & (VALUE)~RUBY_Qnil) == 0)
      |                               ^
StructLayout.c:333:73: warning: '(' and '{' tokens introducing statement expression appear in different macro expansion contexts [-Wcompound-token-split-by-macro]
  333 |     } else if (rb_obj_is_kind_of(proc, rb_cProc) || rb_respond_to(proc, rb_intern("call"))) {
      |                                                                         ^~~~~~~~~~~~~~~~~
/Library/Developer/CommandLineTools/SDKs/MacOSX.sdk/System/Library/Frameworks/Ruby.framework/Versions/2.6/usr/include/ruby-2.6.0/ruby/ruby.h:1826:23: note: expanded from macro 'rb_intern'
 1826 |         __extension__ (RUBY_CONST_ID_CACHE((ID), (str))) : \
      |                       ^
StructLayout.c:333:73: note: '{' token is here
  333 |     } else if (rb_obj_is_kind_of(proc, rb_cProc) || rb_respond_to(proc, rb_intern("call"))) {
      |                                                                         ^~~~~~~~~~~~~~~~~
/Library/Developer/CommandLineTools/SDKs/MacOSX.sdk/System/Library/Frameworks/Ruby.framework/Versions/2.6/usr/include/ruby-2.6.0/ruby/ruby.h:1826:24: note: expanded from macro 'rb_intern'
 1826 |         __extension__ (RUBY_CONST_ID_CACHE((ID), (str))) : \
      |                        ^~~~~~~~~~~~~~~~~~~~~~~~~~~~~~~~
/Library/Developer/CommandLineTools/SDKs/MacOSX.sdk/System/Library/Frameworks/Ruby.framework/Versions/2.6/usr/include/ruby-2.6.0/ruby/ruby.h:1811:5: note: expanded from macro 'RUBY_CONST_ID_CACHE'
 1811 |     {                                                   \
      |     ^
StructLayout.c:333:73: warning: '}' and ')' tokens terminating statement expression appear in different macro expansion contexts [-Wcompound-token-split-by-macro]
  333 |     } else if (rb_obj_is_kind_of(proc, rb_cProc) || rb_respond_to(proc, rb_intern("call"))) {
      |                                                                         ^~~~~~~~~~~~~~~~~
/Library/Developer/CommandLineTools/SDKs/MacOSX.sdk/System/Library/Frameworks/Ruby.framework/Versions/2.6/usr/include/ruby-2.6.0/ruby/ruby.h:1826:24: note: expanded from macro 'rb_intern'
 1826 |         __extension__ (RUBY_CONST_ID_CACHE((ID), (str))) : \
      |                        ^~~~~~~~~~~~~~~~~~~~~~~~~~~~~~~~
/Library/Developer/CommandLineTools/SDKs/MacOSX.sdk/System/Library/Frameworks/Ruby.framework/Versions/2.6/usr/include/ruby-2.6.0/ruby/ruby.h:1816:5: note: expanded from macro 'RUBY_CONST_ID_CACHE'
 1816 |     }
      |     ^
StructLayout.c:333:73: note: ')' token is here
  333 |     } else if (rb_obj_is_kind_of(proc, rb_cProc) || rb_respond_to(proc, rb_intern("call"))) {
      |                                                                         ^~~~~~~~~~~~~~~~~
/Library/Developer/CommandLineTools/SDKs/MacOSX.sdk/System/Library/Frameworks/Ruby.framework/Versions/2.6/usr/include/ruby-2.6.0/ruby/ruby.h:1826:56: note: expanded from macro 'rb_intern'
 1826 |         __extension__ (RUBY_CONST_ID_CACHE((ID), (str))) : \
      |                                                        ^
StructLayout.c:397:34: warning: '(' and '{' tokens introducing statement expression appear in different macro expansion contexts [-Wcompound-token-split-by-macro]
  397 |             rb_funcall2(pointer, rb_intern("put_string"), 2, argv);
      |                                  ^~~~~~~~~~~~~~~~~~~~~~~
/Library/Developer/CommandLineTools/SDKs/MacOSX.sdk/System/Library/Frameworks/Ruby.framework/Versions/2.6/usr/include/ruby-2.6.0/ruby/ruby.h:1826:23: note: expanded from macro 'rb_intern'
 1826 |         __extension__ (RUBY_CONST_ID_CACHE((ID), (str))) : \
      |                       ^
StructLayout.c:397:34: note: '{' token is here
  397 |             rb_funcall2(pointer, rb_intern("put_string"), 2, argv);
      |                                  ^~~~~~~~~~~~~~~~~~~~~~~
/Library/Developer/CommandLineTools/SDKs/MacOSX.sdk/System/Library/Frameworks/Ruby.framework/Versions/2.6/usr/include/ruby-2.6.0/ruby/ruby.h:1826:24: note: expanded from macro 'rb_intern'
 1826 |         __extension__ (RUBY_CONST_ID_CACHE((ID), (str))) : \
      |                        ^~~~~~~~~~~~~~~~~~~~~~~~~~~~~~~~
/Library/Developer/CommandLineTools/SDKs/MacOSX.sdk/System/Library/Frameworks/Ruby.framework/Versions/2.6/usr/include/ruby-2.6.0/ruby/ruby.h:1811:5: note: expanded from macro 'RUBY_CONST_ID_CACHE'
 1811 |     {                                                   \
      |     ^
StructLayout.c:397:34: warning: '}' and ')' tokens terminating statement expression appear in different macro expansion contexts [-Wcompound-token-split-by-macro]
  397 |             rb_funcall2(pointer, rb_intern("put_string"), 2, argv);
      |                                  ^~~~~~~~~~~~~~~~~~~~~~~
/Library/Developer/CommandLineTools/SDKs/MacOSX.sdk/System/Library/Frameworks/Ruby.framework/Versions/2.6/usr/include/ruby-2.6.0/ruby/ruby.h:1826:24: note: expanded from macro 'rb_intern'
 1826 |         __extension__ (RUBY_CONST_ID_CACHE((ID), (str))) : \
      |                        ^~~~~~~~~~~~~~~~~~~~~~~~~~~~~~~~
/Library/Developer/CommandLineTools/SDKs/MacOSX.sdk/System/Library/Frameworks/Ruby.framework/Versions/2.6/usr/include/ruby-2.6.0/ruby/ruby.h:1816:5: note: expanded from macro 'RUBY_CONST_ID_CACHE'
 1816 |     }
      |     ^
StructLayout.c:397:34: note: ')' token is here
  397 |             rb_funcall2(pointer, rb_intern("put_string"), 2, argv);
      |                                  ^~~~~~~~~~~~~~~~~~~~~~~
/Library/Developer/CommandLineTools/SDKs/MacOSX.sdk/System/Library/Frameworks/Ruby.framework/Versions/2.6/usr/include/ruby-2.6.0/ruby/ruby.h:1826:56: note: expanded from macro 'rb_intern'
 1826 |         __extension__ (RUBY_CONST_ID_CACHE((ID), (str))) : \
      |                                                        ^
StructLayout.c:399:34: warning: '(' and '{' tokens introducing statement expression appear in different macro expansion contexts [-Wcompound-token-split-by-macro]
  399 |             rb_funcall2(pointer, rb_intern("put_bytes"), 2, argv);
      |                                  ^~~~~~~~~~~~~~~~~~~~~~
/Library/Developer/CommandLineTools/SDKs/MacOSX.sdk/System/Library/Frameworks/Ruby.framework/Versions/2.6/usr/include/ruby-2.6.0/ruby/ruby.h:1826:23: note: expanded from macro 'rb_intern'
 1826 |         __extension__ (RUBY_CONST_ID_CACHE((ID), (str))) : \
      |                       ^
StructLayout.c:399:34: note: '{' token is here
  399 |             rb_funcall2(pointer, rb_intern("put_bytes"), 2, argv);
      |                                  ^~~~~~~~~~~~~~~~~~~~~~
/Library/Developer/CommandLineTools/SDKs/MacOSX.sdk/System/Library/Frameworks/Ruby.framework/Versions/2.6/usr/include/ruby-2.6.0/ruby/ruby.h:1826:24: note: expanded from macro 'rb_intern'
 1826 |         __extension__ (RUBY_CONST_ID_CACHE((ID), (str))) : \
      |                        ^~~~~~~~~~~~~~~~~~~~~~~~~~~~~~~~
/Library/Developer/CommandLineTools/SDKs/MacOSX.sdk/System/Library/Frameworks/Ruby.framework/Versions/2.6/usr/include/ruby-2.6.0/ruby/ruby.h:1811:5: note: expanded from macro 'RUBY_CONST_ID_CACHE'
 1811 |     {                                                   \
      |     ^
StructLayout.c:399:34: warning: '}' and ')' tokens terminating statement expression appear in different macro expansion contexts [-Wcompound-token-split-by-macro]
  399 |             rb_funcall2(pointer, rb_intern("put_bytes"), 2, argv);
      |                                  ^~~~~~~~~~~~~~~~~~~~~~
/Library/Developer/CommandLineTools/SDKs/MacOSX.sdk/System/Library/Frameworks/Ruby.framework/Versions/2.6/usr/include/ruby-2.6.0/ruby/ruby.h:1826:24: note: expanded from macro 'rb_intern'
 1826 |         __extension__ (RUBY_CONST_ID_CACHE((ID), (str))) : \
      |                        ^~~~~~~~~~~~~~~~~~~~~~~~~~~~~~~~
/Library/Developer/CommandLineTools/SDKs/MacOSX.sdk/System/Library/Frameworks/Ruby.framework/Versions/2.6/usr/include/ruby-2.6.0/ruby/ruby.h:1816:5: note: expanded from macro 'RUBY_CONST_ID_CACHE'
 1816 |     }
      |     ^
StructLayout.c:399:34: note: ')' token is here
  399 |             rb_funcall2(pointer, rb_intern("put_bytes"), 2, argv);
      |                                  ^~~~~~~~~~~~~~~~~~~~~~
/Library/Developer/CommandLineTools/SDKs/MacOSX.sdk/System/Library/Frameworks/Ruby.framework/Versions/2.6/usr/include/ruby-2.6.0/ruby/ruby.h:1826:56: note: expanded from macro 'rb_intern'
 1826 |         __extension__ (RUBY_CONST_ID_CACHE((ID), (str))) : \
      |                                                        ^
StructLayout.c:514:39: warning: '(' and '{' tokens introducing statement expression appear in different macro expansion contexts [-Wcompound-token-split-by-macro]
  514 |         rbName = rb_funcall2(rbField, rb_intern("name"), 0, NULL);
      |                                       ^~~~~~~~~~~~~~~~~
/Library/Developer/CommandLineTools/SDKs/MacOSX.sdk/System/Library/Frameworks/Ruby.framework/Versions/2.6/usr/include/ruby-2.6.0/ruby/ruby.h:1826:23: note: expanded from macro 'rb_intern'
 1826 |         __extension__ (RUBY_CONST_ID_CACHE((ID), (str))) : \
      |                       ^
StructLayout.c:514:39: note: '{' token is here
  514 |         rbName = rb_funcall2(rbField, rb_intern("name"), 0, NULL);
      |                                       ^~~~~~~~~~~~~~~~~
/Library/Developer/CommandLineTools/SDKs/MacOSX.sdk/System/Library/Frameworks/Ruby.framework/Versions/2.6/usr/include/ruby-2.6.0/ruby/ruby.h:1826:24: note: expanded from macro 'rb_intern'
 1826 |         __extension__ (RUBY_CONST_ID_CACHE((ID), (str))) : \
      |                        ^~~~~~~~~~~~~~~~~~~~~~~~~~~~~~~~
/Library/Developer/CommandLineTools/SDKs/MacOSX.sdk/System/Library/Frameworks/Ruby.framework/Versions/2.6/usr/include/ruby-2.6.0/ruby/ruby.h:1811:5: note: expanded from macro 'RUBY_CONST_ID_CACHE'
 1811 |     {                                                   \
      |     ^
StructLayout.c:514:39: warning: '}' and ')' tokens terminating statement expression appear in different macro expansion contexts [-Wcompound-token-split-by-macro]
  514 |         rbName = rb_funcall2(rbField, rb_intern("name"), 0, NULL);
      |                                       ^~~~~~~~~~~~~~~~~
/Library/Developer/CommandLineTools/SDKs/MacOSX.sdk/System/Library/Frameworks/Ruby.framework/Versions/2.6/usr/include/ruby-2.6.0/ruby/ruby.h:1826:24: note: expanded from macro 'rb_intern'
 1826 |         __extension__ (RUBY_CONST_ID_CACHE((ID), (str))) : \
      |                        ^~~~~~~~~~~~~~~~~~~~~~~~~~~~~~~~
/Library/Developer/CommandLineTools/SDKs/MacOSX.sdk/System/Library/Frameworks/Ruby.framework/Versions/2.6/usr/include/ruby-2.6.0/ruby/ruby.h:1816:5: note: expanded from macro 'RUBY_CONST_ID_CACHE'
 1816 |     }
      |     ^
StructLayout.c:514:39: note: ')' token is here
  514 |         rbName = rb_funcall2(rbField, rb_intern("name"), 0, NULL);
      |                                       ^~~~~~~~~~~~~~~~~
/Library/Developer/CommandLineTools/SDKs/MacOSX.sdk/System/Library/Frameworks/Ruby.framework/Versions/2.6/usr/include/ruby-2.6.0/ruby/ruby.h:1826:56: note: expanded from macro 'rb_intern'
 1826 |         __extension__ (RUBY_CONST_ID_CACHE((ID), (str))) : \
      |                                                        ^
16 warnings generated.
compiling Thread.c
compiling Type.c
Type.c:321:20: warning: '(' and '{' tokens introducing statement expression appear in different macro expansion contexts [-Wcompound-token-split-by-macro]
  321 |     id_type_size = rb_intern("type_size");
      |                    ^~~~~~~~~~~~~~~~~~~~~~
/Library/Developer/CommandLineTools/SDKs/MacOSX.sdk/System/Library/Frameworks/Ruby.framework/Versions/2.6/usr/include/ruby-2.6.0/ruby/ruby.h:1826:23: note: expanded from macro 'rb_intern'
 1826 |         __extension__ (RUBY_CONST_ID_CACHE((ID), (str))) : \
      |                       ^
Type.c:321:20: note: '{' token is here
  321 |     id_type_size = rb_intern("type_size");
      |                    ^~~~~~~~~~~~~~~~~~~~~~
/Library/Developer/CommandLineTools/SDKs/MacOSX.sdk/System/Library/Frameworks/Ruby.framework/Versions/2.6/usr/include/ruby-2.6.0/ruby/ruby.h:1826:24: note: expanded from macro 'rb_intern'
 1826 |         __extension__ (RUBY_CONST_ID_CACHE((ID), (str))) : \
      |                        ^~~~~~~~~~~~~~~~~~~~~~~~~~~~~~~~
/Library/Developer/CommandLineTools/SDKs/MacOSX.sdk/System/Library/Frameworks/Ruby.framework/Versions/2.6/usr/include/ruby-2.6.0/ruby/ruby.h:1811:5: note: expanded from macro 'RUBY_CONST_ID_CACHE'
 1811 |     {                                                   \
      |     ^
Type.c:321:20: warning: '}' and ')' tokens terminating statement expression appear in different macro expansion contexts [-Wcompound-token-split-by-macro]
  321 |     id_type_size = rb_intern("type_size");
      |                    ^~~~~~~~~~~~~~~~~~~~~~
/Library/Developer/CommandLineTools/SDKs/MacOSX.sdk/System/Library/Frameworks/Ruby.framework/Versions/2.6/usr/include/ruby-2.6.0/ruby/ruby.h:1826:24: note: expanded from macro 'rb_intern'
 1826 |         __extension__ (RUBY_CONST_ID_CACHE((ID), (str))) : \
      |                        ^~~~~~~~~~~~~~~~~~~~~~~~~~~~~~~~
/Library/Developer/CommandLineTools/SDKs/MacOSX.sdk/System/Library/Frameworks/Ruby.framework/Versions/2.6/usr/include/ruby-2.6.0/ruby/ruby.h:1816:5: note: expanded from macro 'RUBY_CONST_ID_CACHE'
 1816 |     }
      |     ^
Type.c:321:20: note: ')' token is here
  321 |     id_type_size = rb_intern("type_size");
      |                    ^~~~~~~~~~~~~~~~~~~~~~
/Library/Developer/CommandLineTools/SDKs/MacOSX.sdk/System/Library/Frameworks/Ruby.framework/Versions/2.6/usr/include/ruby-2.6.0/ruby/ruby.h:1826:56: note: expanded from macro 'rb_intern'
 1826 |         __extension__ (RUBY_CONST_ID_CACHE((ID), (str))) : \
      |                                                        ^
Type.c:322:15: warning: '(' and '{' tokens introducing statement expression appear in different macro expansion contexts [-Wcompound-token-split-by-macro]
  322 |     id_size = rb_intern("size");
      |               ^~~~~~~~~~~~~~~~~
/Library/Developer/CommandLineTools/SDKs/MacOSX.sdk/System/Library/Frameworks/Ruby.framework/Versions/2.6/usr/include/ruby-2.6.0/ruby/ruby.h:1826:23: note: expanded from macro 'rb_intern'
 1826 |         __extension__ (RUBY_CONST_ID_CACHE((ID), (str))) : \
      |                       ^
Type.c:322:15: note: '{' token is here
  322 |     id_size = rb_intern("size");
      |               ^~~~~~~~~~~~~~~~~
/Library/Developer/CommandLineTools/SDKs/MacOSX.sdk/System/Library/Frameworks/Ruby.framework/Versions/2.6/usr/include/ruby-2.6.0/ruby/ruby.h:1826:24: note: expanded from macro 'rb_intern'
 1826 |         __extension__ (RUBY_CONST_ID_CACHE((ID), (str))) : \
      |                        ^~~~~~~~~~~~~~~~~~~~~~~~~~~~~~~~
/Library/Developer/CommandLineTools/SDKs/MacOSX.sdk/System/Library/Frameworks/Ruby.framework/Versions/2.6/usr/include/ruby-2.6.0/ruby/ruby.h:1811:5: note: expanded from macro 'RUBY_CONST_ID_CACHE'
 1811 |     {                                                   \
      |     ^
Type.c:322:15: warning: '}' and ')' tokens terminating statement expression appear in different macro expansion contexts [-Wcompound-token-split-by-macro]
  322 |     id_size = rb_intern("size");
      |               ^~~~~~~~~~~~~~~~~
/Library/Developer/CommandLineTools/SDKs/MacOSX.sdk/System/Library/Frameworks/Ruby.framework/Versions/2.6/usr/include/ruby-2.6.0/ruby/ruby.h:1826:24: note: expanded from macro 'rb_intern'
 1826 |         __extension__ (RUBY_CONST_ID_CACHE((ID), (str))) : \
      |                        ^~~~~~~~~~~~~~~~~~~~~~~~~~~~~~~~
/Library/Developer/CommandLineTools/SDKs/MacOSX.sdk/System/Library/Frameworks/Ruby.framework/Versions/2.6/usr/include/ruby-2.6.0/ruby/ruby.h:1816:5: note: expanded from macro 'RUBY_CONST_ID_CACHE'
 1816 |     }
      |     ^
Type.c:322:15: note: ')' token is here
  322 |     id_size = rb_intern("size");
      |               ^~~~~~~~~~~~~~~~~
/Library/Developer/CommandLineTools/SDKs/MacOSX.sdk/System/Library/Frameworks/Ruby.framework/Versions/2.6/usr/include/ruby-2.6.0/ruby/ruby.h:1826:56: note: expanded from macro 'rb_intern'
 1826 |         __extension__ (RUBY_CONST_ID_CACHE((ID), (str))) : \
      |                                                        ^
Type.c:412:5: warning: '(' and '{' tokens introducing statement expression appear in different macro expansion contexts [-Wcompound-token-split-by-macro]
  412 |     A(INT8, SCHAR);
      |     ^~~~~~~~~~~~~~
Type.c:403:49: note: expanded from macro 'A'
  403 |         VALUE t = rb_const_get(rbffi_TypeClass, rb_intern(#old_type)); \
      |                                                 ^~~~~~~~~~~~~~~~~~~~
/Library/Developer/CommandLineTools/SDKs/MacOSX.sdk/System/Library/Frameworks/Ruby.framework/Versions/2.6/usr/include/ruby-2.6.0/ruby/ruby.h:1826:23: note: expanded from macro 'rb_intern'
 1826 |         __extension__ (RUBY_CONST_ID_CACHE((ID), (str))) : \
      |                       ^
Type.c:412:5: note: '{' token is here
  412 |     A(INT8, SCHAR);
      |     ^~~~~~~~~~~~~~
Type.c:403:49: note: expanded from macro 'A'
  403 |         VALUE t = rb_const_get(rbffi_TypeClass, rb_intern(#old_type)); \
      |                                                 ^~~~~~~~~~~~~~~~~~~~
/Library/Developer/CommandLineTools/SDKs/MacOSX.sdk/System/Library/Frameworks/Ruby.framework/Versions/2.6/usr/include/ruby-2.6.0/ruby/ruby.h:1826:24: note: expanded from macro 'rb_intern'
 1826 |         __extension__ (RUBY_CONST_ID_CACHE((ID), (str))) : \
      |                        ^~~~~~~~~~~~~~~~~~~~~~~~~~~~~~~~
/Library/Developer/CommandLineTools/SDKs/MacOSX.sdk/System/Library/Frameworks/Ruby.framework/Versions/2.6/usr/include/ruby-2.6.0/ruby/ruby.h:1811:5: note: expanded from macro 'RUBY_CONST_ID_CACHE'
 1811 |     {                                                   \
      |     ^
Type.c:412:5: warning: '}' and ')' tokens terminating statement expression appear in different macro expansion contexts [-Wcompound-token-split-by-macro]
  412 |     A(INT8, SCHAR);
      |     ^~~~~~~~~~~~~~
Type.c:403:49: note: expanded from macro 'A'
  403 |         VALUE t = rb_const_get(rbffi_TypeClass, rb_intern(#old_type)); \
      |                                                 ^~~~~~~~~~~~~~~~~~~~
/Library/Developer/CommandLineTools/SDKs/MacOSX.sdk/System/Library/Frameworks/Ruby.framework/Versions/2.6/usr/include/ruby-2.6.0/ruby/ruby.h:1826:24: note: expanded from macro 'rb_intern'
 1826 |         __extension__ (RUBY_CONST_ID_CACHE((ID), (str))) : \
      |                        ^~~~~~~~~~~~~~~~~~~~~~~~~~~~~~~~
/Library/Developer/CommandLineTools/SDKs/MacOSX.sdk/System/Library/Frameworks/Ruby.framework/Versions/2.6/usr/include/ruby-2.6.0/ruby/ruby.h:1816:5: note: expanded from macro 'RUBY_CONST_ID_CACHE'
 1816 |     }
      |     ^
Type.c:412:5: note: ')' token is here
  412 |     A(INT8, SCHAR);
      |     ^~~~~~~~~~~~~~
Type.c:403:49: note: expanded from macro 'A'
  403 |         VALUE t = rb_const_get(rbffi_TypeClass, rb_intern(#old_type)); \
      |                                                 ^~~~~~~~~~~~~~~~~~~~
/Library/Developer/CommandLineTools/SDKs/MacOSX.sdk/System/Library/Frameworks/Ruby.framework/Versions/2.6/usr/include/ruby-2.6.0/ruby/ruby.h:1826:56: note: expanded from macro 'rb_intern'
 1826 |         __extension__ (RUBY_CONST_ID_CACHE((ID), (str))) : \
      |                                                        ^
Type.c:412:5: warning: '(' and '{' tokens introducing statement expression appear in different macro expansion contexts [-Wcompound-token-split-by-macro]
  412 |     A(INT8, SCHAR);
      |     ^~~~~~~~~~~~~~
Type.c:404:39: note: expanded from macro 'A'
  404 |         rb_const_set(rbffi_TypeClass, rb_intern(#new_type), t); \
      |                                       ^~~~~~~~~~~~~~~~~~~~
/Library/Developer/CommandLineTools/SDKs/MacOSX.sdk/System/Library/Frameworks/Ruby.framework/Versions/2.6/usr/include/ruby-2.6.0/ruby/ruby.h:1826:23: note: expanded from macro 'rb_intern'
 1826 |         __extension__ (RUBY_CONST_ID_CACHE((ID), (str))) : \
      |                       ^
Type.c:412:5: note: '{' token is here
  412 |     A(INT8, SCHAR);
      |     ^~~~~~~~~~~~~~
Type.c:404:39: note: expanded from macro 'A'
  404 |         rb_const_set(rbffi_TypeClass, rb_intern(#new_type), t); \
      |                                       ^~~~~~~~~~~~~~~~~~~~
/Library/Developer/CommandLineTools/SDKs/MacOSX.sdk/System/Library/Frameworks/Ruby.framework/Versions/2.6/usr/include/ruby-2.6.0/ruby/ruby.h:1826:24: note: expanded from macro 'rb_intern'
 1826 |         __extension__ (RUBY_CONST_ID_CACHE((ID), (str))) : \
      |                        ^~~~~~~~~~~~~~~~~~~~~~~~~~~~~~~~
/Library/Developer/CommandLineTools/SDKs/MacOSX.sdk/System/Library/Frameworks/Ruby.framework/Versions/2.6/usr/include/ruby-2.6.0/ruby/ruby.h:1811:5: note: expanded from macro 'RUBY_CONST_ID_CACHE'
 1811 |     {                                                   \
      |     ^
Type.c:412:5: warning: '}' and ')' tokens terminating statement expression appear in different macro expansion contexts [-Wcompound-token-split-by-macro]
  412 |     A(INT8, SCHAR);
      |     ^~~~~~~~~~~~~~
Type.c:404:39: note: expanded from macro 'A'
  404 |         rb_const_set(rbffi_TypeClass, rb_intern(#new_type), t); \
      |                                       ^~~~~~~~~~~~~~~~~~~~
/Library/Developer/CommandLineTools/SDKs/MacOSX.sdk/System/Library/Frameworks/Ruby.framework/Versions/2.6/usr/include/ruby-2.6.0/ruby/ruby.h:1826:24: note: expanded from macro 'rb_intern'
 1826 |         __extension__ (RUBY_CONST_ID_CACHE((ID), (str))) : \
      |                        ^~~~~~~~~~~~~~~~~~~~~~~~~~~~~~~~
/Library/Developer/CommandLineTools/SDKs/MacOSX.sdk/System/Library/Frameworks/Ruby.framework/Versions/2.6/usr/include/ruby-2.6.0/ruby/ruby.h:1816:5: note: expanded from macro 'RUBY_CONST_ID_CACHE'
 1816 |     }
      |     ^
Type.c:412:5: note: ')' token is here
  412 |     A(INT8, SCHAR);
      |     ^~~~~~~~~~~~~~
Type.c:404:39: note: expanded from macro 'A'
  404 |         rb_const_set(rbffi_TypeClass, rb_intern(#new_type), t); \
      |                                       ^~~~~~~~~~~~~~~~~~~~
/Library/Developer/CommandLineTools/SDKs/MacOSX.sdk/System/Library/Frameworks/Ruby.framework/Versions/2.6/usr/include/ruby-2.6.0/ruby/ruby.h:1826:56: note: expanded from macro 'rb_intern'
 1826 |         __extension__ (RUBY_CONST_ID_CACHE((ID), (str))) : \
      |                                                        ^
Type.c:413:5: warning: '(' and '{' tokens introducing statement expression appear in different macro expansion contexts [-Wcompound-token-split-by-macro]
  413 |     A(INT8, CHAR);
      |     ^~~~~~~~~~~~~
Type.c:403:49: note: expanded from macro 'A'
  403 |         VALUE t = rb_const_get(rbffi_TypeClass, rb_intern(#old_type)); \
      |                                                 ^~~~~~~~~~~~~~~~~~~~
/Library/Developer/CommandLineTools/SDKs/MacOSX.sdk/System/Library/Frameworks/Ruby.framework/Versions/2.6/usr/include/ruby-2.6.0/ruby/ruby.h:1826:23: note: expanded from macro 'rb_intern'
 1826 |         __extension__ (RUBY_CONST_ID_CACHE((ID), (str))) : \
      |                       ^
Type.c:413:5: note: '{' token is here
  413 |     A(INT8, CHAR);
      |     ^~~~~~~~~~~~~
Type.c:403:49: note: expanded from macro 'A'
  403 |         VALUE t = rb_const_get(rbffi_TypeClass, rb_intern(#old_type)); \
      |                                                 ^~~~~~~~~~~~~~~~~~~~
/Library/Developer/CommandLineTools/SDKs/MacOSX.sdk/System/Library/Frameworks/Ruby.framework/Versions/2.6/usr/include/ruby-2.6.0/ruby/ruby.h:1826:24: note: expanded from macro 'rb_intern'
 1826 |         __extension__ (RUBY_CONST_ID_CACHE((ID), (str))) : \
      |                        ^~~~~~~~~~~~~~~~~~~~~~~~~~~~~~~~
/Library/Developer/CommandLineTools/SDKs/MacOSX.sdk/System/Library/Frameworks/Ruby.framework/Versions/2.6/usr/include/ruby-2.6.0/ruby/ruby.h:1811:5: note: expanded from macro 'RUBY_CONST_ID_CACHE'
 1811 |     {                                                   \
      |     ^
Type.c:413:5: warning: '}' and ')' tokens terminating statement expression appear in different macro expansion contexts [-Wcompound-token-split-by-macro]
  413 |     A(INT8, CHAR);
      |     ^~~~~~~~~~~~~
Type.c:403:49: note: expanded from macro 'A'
  403 |         VALUE t = rb_const_get(rbffi_TypeClass, rb_intern(#old_type)); \
      |                                                 ^~~~~~~~~~~~~~~~~~~~
/Library/Developer/CommandLineTools/SDKs/MacOSX.sdk/System/Library/Frameworks/Ruby.framework/Versions/2.6/usr/include/ruby-2.6.0/ruby/ruby.h:1826:24: note: expanded from macro 'rb_intern'
 1826 |         __extension__ (RUBY_CONST_ID_CACHE((ID), (str))) : \
      |                        ^~~~~~~~~~~~~~~~~~~~~~~~~~~~~~~~
/Library/Developer/CommandLineTools/SDKs/MacOSX.sdk/System/Library/Frameworks/Ruby.framework/Versions/2.6/usr/include/ruby-2.6.0/ruby/ruby.h:1816:5: note: expanded from macro 'RUBY_CONST_ID_CACHE'
 1816 |     }
      |     ^
Type.c:413:5: note: ')' token is here
  413 |     A(INT8, CHAR);
      |     ^~~~~~~~~~~~~
Type.c:403:49: note: expanded from macro 'A'
  403 |         VALUE t = rb_const_get(rbffi_TypeClass, rb_intern(#old_type)); \
      |                                                 ^~~~~~~~~~~~~~~~~~~~
/Library/Developer/CommandLineTools/SDKs/MacOSX.sdk/System/Library/Frameworks/Ruby.framework/Versions/2.6/usr/include/ruby-2.6.0/ruby/ruby.h:1826:56: note: expanded from macro 'rb_intern'
 1826 |         __extension__ (RUBY_CONST_ID_CACHE((ID), (str))) : \
      |                                                        ^
Type.c:413:5: warning: '(' and '{' tokens introducing statement expression appear in different macro expansion contexts [-Wcompound-token-split-by-macro]
  413 |     A(INT8, CHAR);
      |     ^~~~~~~~~~~~~
Type.c:404:39: note: expanded from macro 'A'
  404 |         rb_const_set(rbffi_TypeClass, rb_intern(#new_type), t); \
      |                                       ^~~~~~~~~~~~~~~~~~~~
/Library/Developer/CommandLineTools/SDKs/MacOSX.sdk/System/Library/Frameworks/Ruby.framework/Versions/2.6/usr/include/ruby-2.6.0/ruby/ruby.h:1826:23: note: expanded from macro 'rb_intern'
 1826 |         __extension__ (RUBY_CONST_ID_CACHE((ID), (str))) : \
      |                       ^
Type.c:413:5: note: '{' token is here
  413 |     A(INT8, CHAR);
      |     ^~~~~~~~~~~~~
Type.c:404:39: note: expanded from macro 'A'
  404 |         rb_const_set(rbffi_TypeClass, rb_intern(#new_type), t); \
      |                                       ^~~~~~~~~~~~~~~~~~~~
/Library/Developer/CommandLineTools/SDKs/MacOSX.sdk/System/Library/Frameworks/Ruby.framework/Versions/2.6/usr/include/ruby-2.6.0/ruby/ruby.h:1826:24: note: expanded from macro 'rb_intern'
 1826 |         __extension__ (RUBY_CONST_ID_CACHE((ID), (str))) : \
      |                        ^~~~~~~~~~~~~~~~~~~~~~~~~~~~~~~~
/Library/Developer/CommandLineTools/SDKs/MacOSX.sdk/System/Library/Frameworks/Ruby.framework/Versions/2.6/usr/include/ruby-2.6.0/ruby/ruby.h:1811:5: note: expanded from macro 'RUBY_CONST_ID_CACHE'
 1811 |     {                                                   \
      |     ^
Type.c:413:5: warning: '}' and ')' tokens terminating statement expression appear in different macro expansion contexts [-Wcompound-token-split-by-macro]
  413 |     A(INT8, CHAR);
      |     ^~~~~~~~~~~~~
Type.c:404:39: note: expanded from macro 'A'
  404 |         rb_const_set(rbffi_TypeClass, rb_intern(#new_type), t); \
      |                                       ^~~~~~~~~~~~~~~~~~~~
/Library/Developer/CommandLineTools/SDKs/MacOSX.sdk/System/Library/Frameworks/Ruby.framework/Versions/2.6/usr/include/ruby-2.6.0/ruby/ruby.h:1826:24: note: expanded from macro 'rb_intern'
 1826 |         __extension__ (RUBY_CONST_ID_CACHE((ID), (str))) : \
      |                        ^~~~~~~~~~~~~~~~~~~~~~~~~~~~~~~~
/Library/Developer/CommandLineTools/SDKs/MacOSX.sdk/System/Library/Frameworks/Ruby.framework/Versions/2.6/usr/include/ruby-2.6.0/ruby/ruby.h:1816:5: note: expanded from macro 'RUBY_CONST_ID_CACHE'
 1816 |     }
      |     ^
Type.c:413:5: note: ')' token is here
  413 |     A(INT8, CHAR);
      |     ^~~~~~~~~~~~~
Type.c:404:39: note: expanded from macro 'A'
  404 |         rb_const_set(rbffi_TypeClass, rb_intern(#new_type), t); \
      |                                       ^~~~~~~~~~~~~~~~~~~~
/Library/Developer/CommandLineTools/SDKs/MacOSX.sdk/System/Library/Frameworks/Ruby.framework/Versions/2.6/usr/include/ruby-2.6.0/ruby/ruby.h:1826:56: note: expanded from macro 'rb_intern'
 1826 |         __extension__ (RUBY_CONST_ID_CACHE((ID), (str))) : \
      |                                                        ^
Type.c:415:5: warning: '(' and '{' tokens introducing statement expression appear in different macro expansion contexts [-Wcompound-token-split-by-macro]
  415 |     A(UINT8, UCHAR);
      |     ^~~~~~~~~~~~~~~
Type.c:403:49: note: expanded from macro 'A'
  403 |         VALUE t = rb_const_get(rbffi_TypeClass, rb_intern(#old_type)); \
      |                                                 ^~~~~~~~~~~~~~~~~~~~
/Library/Developer/CommandLineTools/SDKs/MacOSX.sdk/System/Library/Frameworks/Ruby.framework/Versions/2.6/usr/include/ruby-2.6.0/ruby/ruby.h:1826:23: note: expanded from macro 'rb_intern'
 1826 |         __extension__ (RUBY_CONST_ID_CACHE((ID), (str))) : \
      |                       ^
Type.c:415:5: note: '{' token is here
  415 |     A(UINT8, UCHAR);
      |     ^~~~~~~~~~~~~~~
Type.c:403:49: note: expanded from macro 'A'
  403 |         VALUE t = rb_const_get(rbffi_TypeClass, rb_intern(#old_type)); \
      |                                                 ^~~~~~~~~~~~~~~~~~~~
/Library/Developer/CommandLineTools/SDKs/MacOSX.sdk/System/Library/Frameworks/Ruby.framework/Versions/2.6/usr/include/ruby-2.6.0/ruby/ruby.h:1826:24: note: expanded from macro 'rb_intern'
 1826 |         __extension__ (RUBY_CONST_ID_CACHE((ID), (str))) : \
      |                        ^~~~~~~~~~~~~~~~~~~~~~~~~~~~~~~~
/Library/Developer/CommandLineTools/SDKs/MacOSX.sdk/System/Library/Frameworks/Ruby.framework/Versions/2.6/usr/include/ruby-2.6.0/ruby/ruby.h:1811:5: note: expanded from macro 'RUBY_CONST_ID_CACHE'
 1811 |     {                                                   \
      |     ^
Type.c:415:5: warning: '}' and ')' tokens terminating statement expression appear in different macro expansion contexts [-Wcompound-token-split-by-macro]
  415 |     A(UINT8, UCHAR);
      |     ^~~~~~~~~~~~~~~
Type.c:403:49: note: expanded from macro 'A'
  403 |         VALUE t = rb_const_get(rbffi_TypeClass, rb_intern(#old_type)); \
      |                                                 ^~~~~~~~~~~~~~~~~~~~
/Library/Developer/CommandLineTools/SDKs/MacOSX.sdk/System/Library/Frameworks/Ruby.framework/Versions/2.6/usr/include/ruby-2.6.0/ruby/ruby.h:1826:24: note: expanded from macro 'rb_intern'
 1826 |         __extension__ (RUBY_CONST_ID_CACHE((ID), (str))) : \
      |                        ^~~~~~~~~~~~~~~~~~~~~~~~~~~~~~~~
/Library/Developer/CommandLineTools/SDKs/MacOSX.sdk/System/Library/Frameworks/Ruby.framework/Versions/2.6/usr/include/ruby-2.6.0/ruby/ruby.h:1816:5: note: expanded from macro 'RUBY_CONST_ID_CACHE'
 1816 |     }
      |     ^
Type.c:415:5: note: ')' token is here
  415 |     A(UINT8, UCHAR);
      |     ^~~~~~~~~~~~~~~
Type.c:403:49: note: expanded from macro 'A'
  403 |         VALUE t = rb_const_get(rbffi_TypeClass, rb_intern(#old_type)); \
      |                                                 ^~~~~~~~~~~~~~~~~~~~
/Library/Developer/CommandLineTools/SDKs/MacOSX.sdk/System/Library/Frameworks/Ruby.framework/Versions/2.6/usr/include/ruby-2.6.0/ruby/ruby.h:1826:56: note: expanded from macro 'rb_intern'
 1826 |         __extension__ (RUBY_CONST_ID_CACHE((ID), (str))) : \
      |                                                        ^
Type.c:415:5: warning: '(' and '{' tokens introducing statement expression appear in different macro expansion contexts [-Wcompound-token-split-by-macro]
  415 |     A(UINT8, UCHAR);
      |     ^~~~~~~~~~~~~~~
Type.c:404:39: note: expanded from macro 'A'
  404 |         rb_const_set(rbffi_TypeClass, rb_intern(#new_type), t); \
      |                                       ^~~~~~~~~~~~~~~~~~~~
/Library/Developer/CommandLineTools/SDKs/MacOSX.sdk/System/Library/Frameworks/Ruby.framework/Versions/2.6/usr/include/ruby-2.6.0/ruby/ruby.h:1826:23: note: expanded from macro 'rb_intern'
 1826 |         __extension__ (RUBY_CONST_ID_CACHE((ID), (str))) : \
      |                       ^
Type.c:415:5: note: '{' token is here
  415 |     A(UINT8, UCHAR);
      |     ^~~~~~~~~~~~~~~
Type.c:404:39: note: expanded from macro 'A'
  404 |         rb_const_set(rbffi_TypeClass, rb_intern(#new_type), t); \
      |                                       ^~~~~~~~~~~~~~~~~~~~
/Library/Developer/CommandLineTools/SDKs/MacOSX.sdk/System/Library/Frameworks/Ruby.framework/Versions/2.6/usr/include/ruby-2.6.0/ruby/ruby.h:1826:24: note: expanded from macro 'rb_intern'
 1826 |         __extension__ (RUBY_CONST_ID_CACHE((ID), (str))) : \
      |                        ^~~~~~~~~~~~~~~~~~~~~~~~~~~~~~~~
/Library/Developer/CommandLineTools/SDKs/MacOSX.sdk/System/Library/Frameworks/Ruby.framework/Versions/2.6/usr/include/ruby-2.6.0/ruby/ruby.h:1811:5: note: expanded from macro 'RUBY_CONST_ID_CACHE'
 1811 |     {                                                   \
      |     ^
Type.c:415:5: warning: '}' and ')' tokens terminating statement expression appear in different macro expansion contexts [-Wcompound-token-split-by-macro]
  415 |     A(UINT8, UCHAR);
      |     ^~~~~~~~~~~~~~~
Type.c:404:39: note: expanded from macro 'A'
  404 |         rb_const_set(rbffi_TypeClass, rb_intern(#new_type), t); \
      |                                       ^~~~~~~~~~~~~~~~~~~~
/Library/Developer/CommandLineTools/SDKs/MacOSX.sdk/System/Library/Frameworks/Ruby.framework/Versions/2.6/usr/include/ruby-2.6.0/ruby/ruby.h:1826:24: note: expanded from macro 'rb_intern'
 1826 |         __extension__ (RUBY_CONST_ID_CACHE((ID), (str))) : \
      |                        ^~~~~~~~~~~~~~~~~~~~~~~~~~~~~~~~
/Library/Developer/CommandLineTools/SDKs/MacOSX.sdk/System/Library/Frameworks/Ruby.framework/Versions/2.6/usr/include/ruby-2.6.0/ruby/ruby.h:1816:5: note: expanded from macro 'RUBY_CONST_ID_CACHE'
 1816 |     }
      |     ^
Type.c:415:5: note: ')' token is here
  415 |     A(UINT8, UCHAR);
      |     ^~~~~~~~~~~~~~~
Type.c:404:39: note: expanded from macro 'A'
  404 |         rb_const_set(rbffi_TypeClass, rb_intern(#new_type), t); \
      |                                       ^~~~~~~~~~~~~~~~~~~~
/Library/Developer/CommandLineTools/SDKs/MacOSX.sdk/System/Library/Frameworks/Ruby.framework/Versions/2.6/usr/include/ruby-2.6.0/ruby/ruby.h:1826:56: note: expanded from macro 'rb_intern'
 1826 |         __extension__ (RUBY_CONST_ID_CACHE((ID), (str))) : \
      |                                                        ^
Type.c:418:5: warning: '(' and '{' tokens introducing statement expression appear in different macro expansion contexts [-Wcompound-token-split-by-macro]
  418 |     A(INT16, SHORT);
      |     ^~~~~~~~~~~~~~~
Type.c:403:49: note: expanded from macro 'A'
  403 |         VALUE t = rb_const_get(rbffi_TypeClass, rb_intern(#old_type)); \
      |                                                 ^~~~~~~~~~~~~~~~~~~~
/Library/Developer/CommandLineTools/SDKs/MacOSX.sdk/System/Library/Frameworks/Ruby.framework/Versions/2.6/usr/include/ruby-2.6.0/ruby/ruby.h:1826:23: note: expanded from macro 'rb_intern'
 1826 |         __extension__ (RUBY_CONST_ID_CACHE((ID), (str))) : \
      |                       ^
Type.c:418:5: note: '{' token is here
  418 |     A(INT16, SHORT);
      |     ^~~~~~~~~~~~~~~
Type.c:403:49: note: expanded from macro 'A'
  403 |         VALUE t = rb_const_get(rbffi_TypeClass, rb_intern(#old_type)); \
      |                                                 ^~~~~~~~~~~~~~~~~~~~
/Library/Developer/CommandLineTools/SDKs/MacOSX.sdk/System/Library/Frameworks/Ruby.framework/Versions/2.6/usr/include/ruby-2.6.0/ruby/ruby.h:1826:24: note: expanded from macro 'rb_intern'
 1826 |         __extension__ (RUBY_CONST_ID_CACHE((ID), (str))) : \
      |                        ^~~~~~~~~~~~~~~~~~~~~~~~~~~~~~~~
/Library/Developer/CommandLineTools/SDKs/MacOSX.sdk/System/Library/Frameworks/Ruby.framework/Versions/2.6/usr/include/ruby-2.6.0/ruby/ruby.h:1811:5: note: expanded from macro 'RUBY_CONST_ID_CACHE'
 1811 |     {                                                   \
      |     ^
Type.c:418:5: warning: '}' and ')' tokens terminating statement expression appear in different macro expansion contexts [-Wcompound-token-split-by-macro]
  418 |     A(INT16, SHORT);
      |     ^~~~~~~~~~~~~~~
Type.c:403:49: note: expanded from macro 'A'
  403 |         VALUE t = rb_const_get(rbffi_TypeClass, rb_intern(#old_type)); \
      |                                                 ^~~~~~~~~~~~~~~~~~~~
/Library/Developer/CommandLineTools/SDKs/MacOSX.sdk/System/Library/Frameworks/Ruby.framework/Versions/2.6/usr/include/ruby-2.6.0/ruby/ruby.h:1826:24: note: expanded from macro 'rb_intern'
 1826 |         __extension__ (RUBY_CONST_ID_CACHE((ID), (str))) : \
      |                        ^~~~~~~~~~~~~~~~~~~~~~~~~~~~~~~~
/Library/Developer/CommandLineTools/SDKs/MacOSX.sdk/System/Library/Frameworks/Ruby.framework/Versions/2.6/usr/include/ruby-2.6.0/ruby/ruby.h:1816:5: note: expanded from macro 'RUBY_CONST_ID_CACHE'
 1816 |     }
      |     ^
Type.c:418:5: note: ')' token is here
  418 |     A(INT16, SHORT);
      |     ^~~~~~~~~~~~~~~
Type.c:403:49: note: expanded from macro 'A'
  403 |         VALUE t = rb_const_get(rbffi_TypeClass, rb_intern(#old_type)); \
      |                                                 ^~~~~~~~~~~~~~~~~~~~
/Library/Developer/CommandLineTools/SDKs/MacOSX.sdk/System/Library/Frameworks/Ruby.framework/Versions/2.6/usr/include/ruby-2.6.0/ruby/ruby.h:1826:56: note: expanded from macro 'rb_intern'
 1826 |         __extension__ (RUBY_CONST_ID_CACHE((ID), (str))) : \
      |                                                        ^
Type.c:418:5: warning: '(' and '{' tokens introducing statement expression appear in different macro expansion contexts [-Wcompound-token-split-by-macro]
  418 |     A(INT16, SHORT);
      |     ^~~~~~~~~~~~~~~
Type.c:404:39: note: expanded from macro 'A'
  404 |         rb_const_set(rbffi_TypeClass, rb_intern(#new_type), t); \
      |                                       ^~~~~~~~~~~~~~~~~~~~
/Library/Developer/CommandLineTools/SDKs/MacOSX.sdk/System/Library/Frameworks/Ruby.framework/Versions/2.6/usr/include/ruby-2.6.0/ruby/ruby.h:1826:23: note: expanded from macro 'rb_intern'
 1826 |         __extension__ (RUBY_CONST_ID_CACHE((ID), (str))) : \
      |                       ^
Type.c:418:5: note: '{' token is here
  418 |     A(INT16, SHORT);
      |     ^~~~~~~~~~~~~~~
Type.c:404:39: note: expanded from macro 'A'
  404 |         rb_const_set(rbffi_TypeClass, rb_intern(#new_type), t); \
      |                                       ^~~~~~~~~~~~~~~~~~~~
/Library/Developer/CommandLineTools/SDKs/MacOSX.sdk/System/Library/Frameworks/Ruby.framework/Versions/2.6/usr/include/ruby-2.6.0/ruby/ruby.h:1826:24: note: expanded from macro 'rb_intern'
 1826 |         __extension__ (RUBY_CONST_ID_CACHE((ID), (str))) : \
      |                        ^~~~~~~~~~~~~~~~~~~~~~~~~~~~~~~~
/Library/Developer/CommandLineTools/SDKs/MacOSX.sdk/System/Library/Frameworks/Ruby.framework/Versions/2.6/usr/include/ruby-2.6.0/ruby/ruby.h:1811:5: note: expanded from macro 'RUBY_CONST_ID_CACHE'
 1811 |     {                                                   \
      |     ^
Type.c:418:5: warning: '}' and ')' tokens terminating statement expression appear in different macro expansion contexts [-Wcompound-token-split-by-macro]
  418 |     A(INT16, SHORT);
      |     ^~~~~~~~~~~~~~~
Type.c:404:39: note: expanded from macro 'A'
  404 |         rb_const_set(rbffi_TypeClass, rb_intern(#new_type), t); \
      |                                       ^~~~~~~~~~~~~~~~~~~~
/Library/Developer/CommandLineTools/SDKs/MacOSX.sdk/System/Library/Frameworks/Ruby.framework/Versions/2.6/usr/include/ruby-2.6.0/ruby/ruby.h:1826:24: note: expanded from macro 'rb_intern'
 1826 |         __extension__ (RUBY_CONST_ID_CACHE((ID), (str))) : \
      |                        ^~~~~~~~~~~~~~~~~~~~~~~~~~~~~~~~
/Library/Developer/CommandLineTools/SDKs/MacOSX.sdk/System/Library/Frameworks/Ruby.framework/Versions/2.6/usr/include/ruby-2.6.0/ruby/ruby.h:1816:5: note: expanded from macro 'RUBY_CONST_ID_CACHE'
 1816 |     }
      |     ^
Type.c:418:5: note: ')' token is here
  418 |     A(INT16, SHORT);
      |     ^~~~~~~~~~~~~~~
Type.c:404:39: note: expanded from macro 'A'
  404 |         rb_const_set(rbffi_TypeClass, rb_intern(#new_type), t); \
      |                                       ^~~~~~~~~~~~~~~~~~~~
/Library/Developer/CommandLineTools/SDKs/MacOSX.sdk/System/Library/Frameworks/Ruby.framework/Versions/2.6/usr/include/ruby-2.6.0/ruby/ruby.h:1826:56: note: expanded from macro 'rb_intern'
 1826 |         __extension__ (RUBY_CONST_ID_CACHE((ID), (str))) : \
      |                                                        ^
Type.c:419:5: warning: '(' and '{' tokens introducing statement expression appear in different macro expansion contexts [-Wcompound-token-split-by-macro]
  419 |     A(INT16, SSHORT);
      |     ^~~~~~~~~~~~~~~~
Type.c:403:49: note: expanded from macro 'A'
  403 |         VALUE t = rb_const_get(rbffi_TypeClass, rb_intern(#old_type)); \
      |                                                 ^~~~~~~~~~~~~~~~~~~~
/Library/Developer/CommandLineTools/SDKs/MacOSX.sdk/System/Library/Frameworks/Ruby.framework/Versions/2.6/usr/include/ruby-2.6.0/ruby/ruby.h:1826:23: note: expanded from macro 'rb_intern'
 1826 |         __extension__ (RUBY_CONST_ID_CACHE((ID), (str))) : \
      |                       ^
Type.c:419:5: note: '{' token is here
  419 |     A(INT16, SSHORT);
      |     ^~~~~~~~~~~~~~~~
Type.c:403:49: note: expanded from macro 'A'
  403 |         VALUE t = rb_const_get(rbffi_TypeClass, rb_intern(#old_type)); \
      |                                                 ^~~~~~~~~~~~~~~~~~~~
/Library/Developer/CommandLineTools/SDKs/MacOSX.sdk/System/Library/Frameworks/Ruby.framework/Versions/2.6/usr/include/ruby-2.6.0/ruby/ruby.h:1826:24: note: expanded from macro 'rb_intern'
 1826 |         __extension__ (RUBY_CONST_ID_CACHE((ID), (str))) : \
      |                        ^~~~~~~~~~~~~~~~~~~~~~~~~~~~~~~~
/Library/Developer/CommandLineTools/SDKs/MacOSX.sdk/System/Library/Frameworks/Ruby.framework/Versions/2.6/usr/include/ruby-2.6.0/ruby/ruby.h:1811:5: note: expanded from macro 'RUBY_CONST_ID_CACHE'
 1811 |     {                                                   \
      |     ^
Type.c:419:5: warning: '}' and ')' tokens terminating statement expression appear in different macro expansion contexts [-Wcompound-token-split-by-macro]
  419 |     A(INT16, SSHORT);
      |     ^~~~~~~~~~~~~~~~
Type.c:403:49: note: expanded from macro 'A'
  403 |         VALUE t = rb_const_get(rbffi_TypeClass, rb_intern(#old_type)); \
      |                                                 ^~~~~~~~~~~~~~~~~~~~
/Library/Developer/CommandLineTools/SDKs/MacOSX.sdk/System/Library/Frameworks/Ruby.framework/Versions/2.6/usr/include/ruby-2.6.0/ruby/ruby.h:1826:24: note: expanded from macro 'rb_intern'
 1826 |         __extension__ (RUBY_CONST_ID_CACHE((ID), (str))) : \
      |                        ^~~~~~~~~~~~~~~~~~~~~~~~~~~~~~~~
/Library/Developer/CommandLineTools/SDKs/MacOSX.sdk/System/Library/Frameworks/Ruby.framework/Versions/2.6/usr/include/ruby-2.6.0/ruby/ruby.h:1816:5: note: expanded from macro 'RUBY_CONST_ID_CACHE'
 1816 |     }
      |     ^
Type.c:419:5: note: ')' token is here
  419 |     A(INT16, SSHORT);
      |     ^~~~~~~~~~~~~~~~
Type.c:403:49: note: expanded from macro 'A'
  403 |         VALUE t = rb_const_get(rbffi_TypeClass, rb_intern(#old_type)); \
      |                                                 ^~~~~~~~~~~~~~~~~~~~
/Library/Developer/CommandLineTools/SDKs/MacOSX.sdk/System/Library/Frameworks/Ruby.framework/Versions/2.6/usr/include/ruby-2.6.0/ruby/ruby.h:1826:56: note: expanded from macro 'rb_intern'
 1826 |         __extension__ (RUBY_CONST_ID_CACHE((ID), (str))) : \
      |                                                        ^
Type.c:419:5: warning: '(' and '{' tokens introducing statement expression appear in different macro expansion contexts [-Wcompound-token-split-by-macro]
  419 |     A(INT16, SSHORT);
      |     ^~~~~~~~~~~~~~~~
Type.c:404:39: note: expanded from macro 'A'
  404 |         rb_const_set(rbffi_TypeClass, rb_intern(#new_type), t); \
      |                                       ^~~~~~~~~~~~~~~~~~~~
/Library/Developer/CommandLineTools/SDKs/MacOSX.sdk/System/Library/Frameworks/Ruby.framework/Versions/2.6/usr/include/ruby-2.6.0/ruby/ruby.h:1826:23: note: expanded from macro 'rb_intern'
 1826 |         __extension__ (RUBY_CONST_ID_CACHE((ID), (str))) : \
      |                       ^
Type.c:419:5: note: '{' token is here
  419 |     A(INT16, SSHORT);
      |     ^~~~~~~~~~~~~~~~
Type.c:404:39: note: expanded from macro 'A'
  404 |         rb_const_set(rbffi_TypeClass, rb_intern(#new_type), t); \
      |                                       ^~~~~~~~~~~~~~~~~~~~
/Library/Developer/CommandLineTools/SDKs/MacOSX.sdk/System/Library/Frameworks/Ruby.framework/Versions/2.6/usr/include/ruby-2.6.0/ruby/ruby.h:1826:24: note: expanded from macro 'rb_intern'
 1826 |         __extension__ (RUBY_CONST_ID_CACHE((ID), (str))) : \
      |                        ^~~~~~~~~~~~~~~~~~~~~~~~~~~~~~~~
/Library/Developer/CommandLineTools/SDKs/MacOSX.sdk/System/Library/Frameworks/Ruby.framework/Versions/2.6/usr/include/ruby-2.6.0/ruby/ruby.h:1811:5: note: expanded from macro 'RUBY_CONST_ID_CACHE'
 1811 |     {                                                   \
      |     ^
Type.c:419:5: warning: '}' and ')' tokens terminating statement expression appear in different macro expansion contexts [-Wcompound-token-split-by-macro]
  419 |     A(INT16, SSHORT);
      |     ^~~~~~~~~~~~~~~~
Type.c:404:39: note: expanded from macro 'A'
  404 |         rb_const_set(rbffi_TypeClass, rb_intern(#new_type), t); \
      |                                       ^~~~~~~~~~~~~~~~~~~~
/Library/Developer/CommandLineTools/SDKs/MacOSX.sdk/System/Library/Frameworks/Ruby.framework/Versions/2.6/usr/include/ruby-2.6.0/ruby/ruby.h:1826:24: note: expanded from macro 'rb_intern'
 1826 |         __extension__ (RUBY_CONST_ID_CACHE((ID), (str))) : \
      |                        ^~~~~~~~~~~~~~~~~~~~~~~~~~~~~~~~
/Library/Developer/CommandLineTools/SDKs/MacOSX.sdk/System/Library/Frameworks/Ruby.framework/Versions/2.6/usr/include/ruby-2.6.0/ruby/ruby.h:1816:5: note: expanded from macro 'RUBY_CONST_ID_CACHE'
 1816 |     }
      |     ^
Type.c:419:5: note: ')' token is here
  419 |     A(INT16, SSHORT);
      |     ^~~~~~~~~~~~~~~~
Type.c:404:39: note: expanded from macro 'A'
  404 |         rb_const_set(rbffi_TypeClass, rb_intern(#new_type), t); \
      |                                       ^~~~~~~~~~~~~~~~~~~~
/Library/Developer/CommandLineTools/SDKs/MacOSX.sdk/System/Library/Frameworks/Ruby.framework/Versions/2.6/usr/include/ruby-2.6.0/ruby/ruby.h:1826:56: note: expanded from macro 'rb_intern'
 1826 |         __extension__ (RUBY_CONST_ID_CACHE((ID), (str))) : \
      |                                                        ^
Type.c:421:5: warning: '(' and '{' tokens introducing statement expression appear in different macro expansion contexts [-Wcompound-token-split-by-macro]
  421 |     A(UINT16, USHORT);
      |     ^~~~~~~~~~~~~~~~~
Type.c:403:49: note: expanded from macro 'A'
  403 |         VALUE t = rb_const_get(rbffi_TypeClass, rb_intern(#old_type)); \
      |                                                 ^~~~~~~~~~~~~~~~~~~~
/Library/Developer/CommandLineTools/SDKs/MacOSX.sdk/System/Library/Frameworks/Ruby.framework/Versions/2.6/usr/include/ruby-2.6.0/ruby/ruby.h:1826:23: note: expanded from macro 'rb_intern'
 1826 |         __extension__ (RUBY_CONST_ID_CACHE((ID), (str))) : \
      |                       ^
Type.c:421:5: note: '{' token is here
  421 |     A(UINT16, USHORT);
      |     ^~~~~~~~~~~~~~~~~
Type.c:403:49: note: expanded from macro 'A'
  403 |         VALUE t = rb_const_get(rbffi_TypeClass, rb_intern(#old_type)); \
      |                                                 ^~~~~~~~~~~~~~~~~~~~
/Library/Developer/CommandLineTools/SDKs/MacOSX.sdk/System/Library/Frameworks/Ruby.framework/Versions/2.6/usr/include/ruby-2.6.0/ruby/ruby.h:1826:24: note: expanded from macro 'rb_intern'
 1826 |         __extension__ (RUBY_CONST_ID_CACHE((ID), (str))) : \
      |                        ^~~~~~~~~~~~~~~~~~~~~~~~~~~~~~~~
/Library/Developer/CommandLineTools/SDKs/MacOSX.sdk/System/Library/Frameworks/Ruby.framework/Versions/2.6/usr/include/ruby-2.6.0/ruby/ruby.h:1811:5: note: expanded from macro 'RUBY_CONST_ID_CACHE'
 1811 |     {                                                   \
      |     ^
Type.c:421:5: warning: '}' and ')' tokens terminating statement expression appear in different macro expansion contexts [-Wcompound-token-split-by-macro]
  421 |     A(UINT16, USHORT);
      |     ^~~~~~~~~~~~~~~~~
Type.c:403:49: note: expanded from macro 'A'
  403 |         VALUE t = rb_const_get(rbffi_TypeClass, rb_intern(#old_type)); \
      |                                                 ^~~~~~~~~~~~~~~~~~~~
/Library/Developer/CommandLineTools/SDKs/MacOSX.sdk/System/Library/Frameworks/Ruby.framework/Versions/2.6/usr/include/ruby-2.6.0/ruby/ruby.h:1826:24: note: expanded from macro 'rb_intern'
 1826 |         __extension__ (RUBY_CONST_ID_CACHE((ID), (str))) : \
      |                        ^~~~~~~~~~~~~~~~~~~~~~~~~~~~~~~~
/Library/Developer/CommandLineTools/SDKs/MacOSX.sdk/System/Library/Frameworks/Ruby.framework/Versions/2.6/usr/include/ruby-2.6.0/ruby/ruby.h:1816:5: note: expanded from macro 'RUBY_CONST_ID_CACHE'
 1816 |     }
      |     ^
Type.c:421:5: note: ')' token is here
  421 |     A(UINT16, USHORT);
      |     ^~~~~~~~~~~~~~~~~
Type.c:403:49: note: expanded from macro 'A'
  403 |         VALUE t = rb_const_get(rbffi_TypeClass, rb_intern(#old_type)); \
      |                                                 ^~~~~~~~~~~~~~~~~~~~
/Library/Developer/CommandLineTools/SDKs/MacOSX.sdk/System/Library/Frameworks/Ruby.framework/Versions/2.6/usr/include/ruby-2.6.0/ruby/ruby.h:1826:56: note: expanded from macro 'rb_intern'
 1826 |         __extension__ (RUBY_CONST_ID_CACHE((ID), (str))) : \
      |                                                        ^
Type.c:421:5: warning: '(' and '{' tokens introducing statement expression appear in different macro expansion contexts [-Wcompound-token-split-by-macro]
  421 |     A(UINT16, USHORT);
      |     ^~~~~~~~~~~~~~~~~
Type.c:404:39: note: expanded from macro 'A'
  404 |         rb_const_set(rbffi_TypeClass, rb_intern(#new_type), t); \
      |                                       ^~~~~~~~~~~~~~~~~~~~
/Library/Developer/CommandLineTools/SDKs/MacOSX.sdk/System/Library/Frameworks/Ruby.framework/Versions/2.6/usr/include/ruby-2.6.0/ruby/ruby.h:1826:23: note: expanded from macro 'rb_intern'
 1826 |         __extension__ (RUBY_CONST_ID_CACHE((ID), (str))) : \
      |                       ^
Type.c:421:5: note: '{' token is here
  421 |     A(UINT16, USHORT);
      |     ^~~~~~~~~~~~~~~~~
Type.c:404:39: note: expanded from macro 'A'
  404 |         rb_const_set(rbffi_TypeClass, rb_intern(#new_type), t); \
      |                                       ^~~~~~~~~~~~~~~~~~~~
/Library/Developer/CommandLineTools/SDKs/MacOSX.sdk/System/Library/Frameworks/Ruby.framework/Versions/2.6/usr/include/ruby-2.6.0/ruby/ruby.h:1826:24: note: expanded from macro 'rb_intern'
 1826 |         __extension__ (RUBY_CONST_ID_CACHE((ID), (str))) : \
      |                        ^~~~~~~~~~~~~~~~~~~~~~~~~~~~~~~~
/Library/Developer/CommandLineTools/SDKs/MacOSX.sdk/System/Library/Frameworks/Ruby.framework/Versions/2.6/usr/include/ruby-2.6.0/ruby/ruby.h:1811:5: note: expanded from macro 'RUBY_CONST_ID_CACHE'
 1811 |     {                                                   \
      |     ^
Type.c:421:5: warning: '}' and ')' tokens terminating statement expression appear in different macro expansion contexts [-Wcompound-token-split-by-macro]
  421 |     A(UINT16, USHORT);
      |     ^~~~~~~~~~~~~~~~~
Type.c:404:39: note: expanded from macro 'A'
  404 |         rb_const_set(rbffi_TypeClass, rb_intern(#new_type), t); \
      |                                       ^~~~~~~~~~~~~~~~~~~~
/Library/Developer/CommandLineTools/SDKs/MacOSX.sdk/System/Library/Frameworks/Ruby.framework/Versions/2.6/usr/include/ruby-2.6.0/ruby/ruby.h:1826:24: note: expanded from macro 'rb_intern'
 1826 |         __extension__ (RUBY_CONST_ID_CACHE((ID), (str))) : \
      |                        ^~~~~~~~~~~~~~~~~~~~~~~~~~~~~~~~
/Library/Developer/CommandLineTools/SDKs/MacOSX.sdk/System/Library/Frameworks/Ruby.framework/Versions/2.6/usr/include/ruby-2.6.0/ruby/ruby.h:1816:5: note: expanded from macro 'RUBY_CONST_ID_CACHE'
 1816 |     }
      |     ^
Type.c:421:5: note: ')' token is here
  421 |     A(UINT16, USHORT);
      |     ^~~~~~~~~~~~~~~~~
Type.c:404:39: note: expanded from macro 'A'
  404 |         rb_const_set(rbffi_TypeClass, rb_intern(#new_type), t); \
      |                                       ^~~~~~~~~~~~~~~~~~~~
/Library/Developer/CommandLineTools/SDKs/MacOSX.sdk/System/Library/Frameworks/Ruby.framework/Versions/2.6/usr/include/ruby-2.6.0/ruby/ruby.h:1826:56: note: expanded from macro 'rb_intern'
 1826 |         __extension__ (RUBY_CONST_ID_CACHE((ID), (str))) : \
      |                                                        ^
Type.c:423:5: warning: '(' and '{' tokens introducing statement expression appear in different macro expansion contexts [-Wcompound-token-split-by-macro]
  423 |     A(INT32, INT);
      |     ^~~~~~~~~~~~~
Type.c:403:49: note: expanded from macro 'A'
  403 |         VALUE t = rb_const_get(rbffi_TypeClass, rb_intern(#old_type)); \
      |                                                 ^~~~~~~~~~~~~~~~~~~~
/Library/Developer/CommandLineTools/SDKs/MacOSX.sdk/System/Library/Frameworks/Ruby.framework/Versions/2.6/usr/include/ruby-2.6.0/ruby/ruby.h:1826:23: note: expanded from macro 'rb_intern'
 1826 |         __extension__ (RUBY_CONST_ID_CACHE((ID), (str))) : \
      |                       ^
Type.c:423:5: note: '{' token is here
  423 |     A(INT32, INT);
      |     ^~~~~~~~~~~~~
Type.c:403:49: note: expanded from macro 'A'
  403 |         VALUE t = rb_const_get(rbffi_TypeClass, rb_intern(#old_type)); \
      |                                                 ^~~~~~~~~~~~~~~~~~~~
/Library/Developer/CommandLineTools/SDKs/MacOSX.sdk/System/Library/Frameworks/Ruby.framework/Versions/2.6/usr/include/ruby-2.6.0/ruby/ruby.h:1826:24: note: expanded from macro 'rb_intern'
 1826 |         __extension__ (RUBY_CONST_ID_CACHE((ID), (str))) : \
      |                        ^~~~~~~~~~~~~~~~~~~~~~~~~~~~~~~~
/Library/Developer/CommandLineTools/SDKs/MacOSX.sdk/System/Library/Frameworks/Ruby.framework/Versions/2.6/usr/include/ruby-2.6.0/ruby/ruby.h:1811:5: note: expanded from macro 'RUBY_CONST_ID_CACHE'
 1811 |     {                                                   \
      |     ^
Type.c:423:5: warning: '}' and ')' tokens terminating statement expression appear in different macro expansion contexts [-Wcompound-token-split-by-macro]
  423 |     A(INT32, INT);
      |     ^~~~~~~~~~~~~
Type.c:403:49: note: expanded from macro 'A'
  403 |         VALUE t = rb_const_get(rbffi_TypeClass, rb_intern(#old_type)); \
      |                                                 ^~~~~~~~~~~~~~~~~~~~
/Library/Developer/CommandLineTools/SDKs/MacOSX.sdk/System/Library/Frameworks/Ruby.framework/Versions/2.6/usr/include/ruby-2.6.0/ruby/ruby.h:1826:24: note: expanded from macro 'rb_intern'
 1826 |         __extension__ (RUBY_CONST_ID_CACHE((ID), (str))) : \
      |                        ^~~~~~~~~~~~~~~~~~~~~~~~~~~~~~~~
/Library/Developer/CommandLineTools/SDKs/MacOSX.sdk/System/Library/Frameworks/Ruby.framework/Versions/2.6/usr/include/ruby-2.6.0/ruby/ruby.h:1816:5: note: expanded from macro 'RUBY_CONST_ID_CACHE'
 1816 |     }
      |     ^
Type.c:423:5: note: ')' token is here
  423 |     A(INT32, INT);
      |     ^~~~~~~~~~~~~
Type.c:403:49: note: expanded from macro 'A'
  403 |         VALUE t = rb_const_get(rbffi_TypeClass, rb_intern(#old_type)); \
      |                                                 ^~~~~~~~~~~~~~~~~~~~
/Library/Developer/CommandLineTools/SDKs/MacOSX.sdk/System/Library/Frameworks/Ruby.framework/Versions/2.6/usr/include/ruby-2.6.0/ruby/ruby.h:1826:56: note: expanded from macro 'rb_intern'
 1826 |         __extension__ (RUBY_CONST_ID_CACHE((ID), (str))) : \
      |                                                        ^
Type.c:423:5: warning: '(' and '{' tokens introducing statement expression appear in different macro expansion contexts [-Wcompound-token-split-by-macro]
  423 |     A(INT32, INT);
      |     ^~~~~~~~~~~~~
Type.c:404:39: note: expanded from macro 'A'
  404 |         rb_const_set(rbffi_TypeClass, rb_intern(#new_type), t); \
      |                                       ^~~~~~~~~~~~~~~~~~~~
/Library/Developer/CommandLineTools/SDKs/MacOSX.sdk/System/Library/Frameworks/Ruby.framework/Versions/2.6/usr/include/ruby-2.6.0/ruby/ruby.h:1826:23: note: expanded from macro 'rb_intern'
 1826 |         __extension__ (RUBY_CONST_ID_CACHE((ID), (str))) : \
      |                       ^
Type.c:423:5: note: '{' token is here
  423 |     A(INT32, INT);
      |     ^~~~~~~~~~~~~
Type.c:404:39: note: expanded from macro 'A'
  404 |         rb_const_set(rbffi_TypeClass, rb_intern(#new_type), t); \
      |                                       ^~~~~~~~~~~~~~~~~~~~
/Library/Developer/CommandLineTools/SDKs/MacOSX.sdk/System/Library/Frameworks/Ruby.framework/Versions/2.6/usr/include/ruby-2.6.0/ruby/ruby.h:1826:24: note: expanded from macro 'rb_intern'
 1826 |         __extension__ (RUBY_CONST_ID_CACHE((ID), (str))) : \
      |                        ^~~~~~~~~~~~~~~~~~~~~~~~~~~~~~~~
/Library/Developer/CommandLineTools/SDKs/MacOSX.sdk/System/Library/Frameworks/Ruby.framework/Versions/2.6/usr/include/ruby-2.6.0/ruby/ruby.h:1811:5: note: expanded from macro 'RUBY_CONST_ID_CACHE'
 1811 |     {                                                   \
      |     ^
Type.c:423:5: warning: '}' and ')' tokens terminating statement expression appear in different macro expansion contexts [-Wcompound-token-split-by-macro]
  423 |     A(INT32, INT);
      |     ^~~~~~~~~~~~~
Type.c:404:39: note: expanded from macro 'A'
  404 |         rb_const_set(rbffi_TypeClass, rb_intern(#new_type), t); \
      |                                       ^~~~~~~~~~~~~~~~~~~~
/Library/Developer/CommandLineTools/SDKs/MacOSX.sdk/System/Library/Frameworks/Ruby.framework/Versions/2.6/usr/include/ruby-2.6.0/ruby/ruby.h:1826:24: note: expanded from macro 'rb_intern'
 1826 |         __extension__ (RUBY_CONST_ID_CACHE((ID), (str))) : \
      |                        ^~~~~~~~~~~~~~~~~~~~~~~~~~~~~~~~
/Library/Developer/CommandLineTools/SDKs/MacOSX.sdk/System/Library/Frameworks/Ruby.framework/Versions/2.6/usr/include/ruby-2.6.0/ruby/ruby.h:1816:5: note: expanded from macro 'RUBY_CONST_ID_CACHE'
 1816 |     }
      |     ^
Type.c:423:5: note: ')' token is here
  423 |     A(INT32, INT);
      |     ^~~~~~~~~~~~~
Type.c:404:39: note: expanded from macro 'A'
  404 |         rb_const_set(rbffi_TypeClass, rb_intern(#new_type), t); \
      |                                       ^~~~~~~~~~~~~~~~~~~~
/Library/Developer/CommandLineTools/SDKs/MacOSX.sdk/System/Library/Frameworks/Ruby.framework/Versions/2.6/usr/include/ruby-2.6.0/ruby/ruby.h:1826:56: note: expanded from macro 'rb_intern'
 1826 |         __extension__ (RUBY_CONST_ID_CACHE((ID), (str))) : \
      |                                                        ^
Type.c:424:5: warning: '(' and '{' tokens introducing statement expression appear in different macro expansion contexts [-Wcompound-token-split-by-macro]
  424 |     A(INT32, SINT);
      |     ^~~~~~~~~~~~~~
Type.c:403:49: note: expanded from macro 'A'
  403 |         VALUE t = rb_const_get(rbffi_TypeClass, rb_intern(#old_type)); \
      |                                                 ^~~~~~~~~~~~~~~~~~~~
/Library/Developer/CommandLineTools/SDKs/MacOSX.sdk/System/Library/Frameworks/Ruby.framework/Versions/2.6/usr/include/ruby-2.6.0/ruby/ruby.h:1826:23: note: expanded from macro 'rb_intern'
 1826 |         __extension__ (RUBY_CONST_ID_CACHE((ID), (str))) : \
      |                       ^
Type.c:424:5: note: '{' token is here
  424 |     A(INT32, SINT);
      |     ^~~~~~~~~~~~~~
Type.c:403:49: note: expanded from macro 'A'
  403 |         VALUE t = rb_const_get(rbffi_TypeClass, rb_intern(#old_type)); \
      |                                                 ^~~~~~~~~~~~~~~~~~~~
/Library/Developer/CommandLineTools/SDKs/MacOSX.sdk/System/Library/Frameworks/Ruby.framework/Versions/2.6/usr/include/ruby-2.6.0/ruby/ruby.h:1826:24: note: expanded from macro 'rb_intern'
 1826 |         __extension__ (RUBY_CONST_ID_CACHE((ID), (str))) : \
      |                        ^~~~~~~~~~~~~~~~~~~~~~~~~~~~~~~~
/Library/Developer/CommandLineTools/SDKs/MacOSX.sdk/System/Library/Frameworks/Ruby.framework/Versions/2.6/usr/include/ruby-2.6.0/ruby/ruby.h:1811:5: note: expanded from macro 'RUBY_CONST_ID_CACHE'
 1811 |     {                                                   \
      |     ^
Type.c:424:5: warning: '}' and ')' tokens terminating statement expression appear in different macro expansion contexts [-Wcompound-token-split-by-macro]
  424 |     A(INT32, SINT);
      |     ^~~~~~~~~~~~~~
Type.c:403:49: note: expanded from macro 'A'
  403 |         VALUE t = rb_const_get(rbffi_TypeClass, rb_intern(#old_type)); \
      |                                                 ^~~~~~~~~~~~~~~~~~~~
/Library/Developer/CommandLineTools/SDKs/MacOSX.sdk/System/Library/Frameworks/Ruby.framework/Versions/2.6/usr/include/ruby-2.6.0/ruby/ruby.h:1826:24: note: expanded from macro 'rb_intern'
 1826 |         __extension__ (RUBY_CONST_ID_CACHE((ID), (str))) : \
      |                        ^~~~~~~~~~~~~~~~~~~~~~~~~~~~~~~~
/Library/Developer/CommandLineTools/SDKs/MacOSX.sdk/System/Library/Frameworks/Ruby.framework/Versions/2.6/usr/include/ruby-2.6.0/ruby/ruby.h:1816:5: note: expanded from macro 'RUBY_CONST_ID_CACHE'
 1816 |     }
      |     ^
Type.c:424:5: note: ')' token is here
  424 |     A(INT32, SINT);
      |     ^~~~~~~~~~~~~~
Type.c:403:49: note: expanded from macro 'A'
  403 |         VALUE t = rb_const_get(rbffi_TypeClass, rb_intern(#old_type)); \
      |                                                 ^~~~~~~~~~~~~~~~~~~~
/Library/Developer/CommandLineTools/SDKs/MacOSX.sdk/System/Library/Frameworks/Ruby.framework/Versions/2.6/usr/include/ruby-2.6.0/ruby/ruby.h:1826:56: note: expanded from macro 'rb_intern'
 1826 |         __extension__ (RUBY_CONST_ID_CACHE((ID), (str))) : \
      |                                                        ^
Type.c:424:5: warning: '(' and '{' tokens introducing statement expression appear in different macro expansion contexts [-Wcompound-token-split-by-macro]
  424 |     A(INT32, SINT);
      |     ^~~~~~~~~~~~~~
Type.c:404:39: note: expanded from macro 'A'
  404 |         rb_const_set(rbffi_TypeClass, rb_intern(#new_type), t); \
      |                                       ^~~~~~~~~~~~~~~~~~~~
/Library/Developer/CommandLineTools/SDKs/MacOSX.sdk/System/Library/Frameworks/Ruby.framework/Versions/2.6/usr/include/ruby-2.6.0/ruby/ruby.h:1826:23: note: expanded from macro 'rb_intern'
 1826 |         __extension__ (RUBY_CONST_ID_CACHE((ID), (str))) : \
      |                       ^
Type.c:424:5: note: '{' token is here
  424 |     A(INT32, SINT);
      |     ^~~~~~~~~~~~~~
Type.c:404:39: note: expanded from macro 'A'
  404 |         rb_const_set(rbffi_TypeClass, rb_intern(#new_type), t); \
      |                                       ^~~~~~~~~~~~~~~~~~~~
/Library/Developer/CommandLineTools/SDKs/MacOSX.sdk/System/Library/Frameworks/Ruby.framework/Versions/2.6/usr/include/ruby-2.6.0/ruby/ruby.h:1826:24: note: expanded from macro 'rb_intern'
 1826 |         __extension__ (RUBY_CONST_ID_CACHE((ID), (str))) : \
      |                        ^~~~~~~~~~~~~~~~~~~~~~~~~~~~~~~~
/Library/Developer/CommandLineTools/SDKs/MacOSX.sdk/System/Library/Frameworks/Ruby.framework/Versions/2.6/usr/include/ruby-2.6.0/ruby/ruby.h:1811:5: note: expanded from macro 'RUBY_CONST_ID_CACHE'
 1811 |     {                                                   \
      |     ^
Type.c:424:5: warning: '}' and ')' tokens terminating statement expression appear in different macro expansion contexts [-Wcompound-token-split-by-macro]
  424 |     A(INT32, SINT);
      |     ^~~~~~~~~~~~~~
Type.c:404:39: note: expanded from macro 'A'
  404 |         rb_const_set(rbffi_TypeClass, rb_intern(#new_type), t); \
      |                                       ^~~~~~~~~~~~~~~~~~~~
/Library/Developer/CommandLineTools/SDKs/MacOSX.sdk/System/Library/Frameworks/Ruby.framework/Versions/2.6/usr/include/ruby-2.6.0/ruby/ruby.h:1826:24: note: expanded from macro 'rb_intern'
 1826 |         __extension__ (RUBY_CONST_ID_CACHE((ID), (str))) : \
      |                        ^~~~~~~~~~~~~~~~~~~~~~~~~~~~~~~~
/Library/Developer/CommandLineTools/SDKs/MacOSX.sdk/System/Library/Frameworks/Ruby.framework/Versions/2.6/usr/include/ruby-2.6.0/ruby/ruby.h:1816:5: note: expanded from macro 'RUBY_CONST_ID_CACHE'
 1816 |     }
      |     ^
Type.c:424:5: note: ')' token is here
  424 |     A(INT32, SINT);
      |     ^~~~~~~~~~~~~~
Type.c:404:39: note: expanded from macro 'A'
  404 |         rb_const_set(rbffi_TypeClass, rb_intern(#new_type), t); \
      |                                       ^~~~~~~~~~~~~~~~~~~~
/Library/Developer/CommandLineTools/SDKs/MacOSX.sdk/System/Library/Frameworks/Ruby.framework/Versions/2.6/usr/include/ruby-2.6.0/ruby/ruby.h:1826:56: note: expanded from macro 'rb_intern'
 1826 |         __extension__ (RUBY_CONST_ID_CACHE((ID), (str))) : \
      |                                                        ^
Type.c:426:5: warning: '(' and '{' tokens introducing statement expression appear in different macro expansion contexts [-Wcompound-token-split-by-macro]
  426 |     A(UINT32, UINT);
      |     ^~~~~~~~~~~~~~~
Type.c:403:49: note: expanded from macro 'A'
  403 |         VALUE t = rb_const_get(rbffi_TypeClass, rb_intern(#old_type)); \
      |                                                 ^~~~~~~~~~~~~~~~~~~~
/Library/Developer/CommandLineTools/SDKs/MacOSX.sdk/System/Library/Frameworks/Ruby.framework/Versions/2.6/usr/include/ruby-2.6.0/ruby/ruby.h:1826:23: note: expanded from macro 'rb_intern'
 1826 |         __extension__ (RUBY_CONST_ID_CACHE((ID), (str))) : \
      |                       ^
Type.c:426:5: note: '{' token is here
  426 |     A(UINT32, UINT);
      |     ^~~~~~~~~~~~~~~
Type.c:403:49: note: expanded from macro 'A'
  403 |         VALUE t = rb_const_get(rbffi_TypeClass, rb_intern(#old_type)); \
      |                                                 ^~~~~~~~~~~~~~~~~~~~
/Library/Developer/CommandLineTools/SDKs/MacOSX.sdk/System/Library/Frameworks/Ruby.framework/Versions/2.6/usr/include/ruby-2.6.0/ruby/ruby.h:1826:24: note: expanded from macro 'rb_intern'
 1826 |         __extension__ (RUBY_CONST_ID_CACHE((ID), (str))) : \
      |                        ^~~~~~~~~~~~~~~~~~~~~~~~~~~~~~~~
/Library/Developer/CommandLineTools/SDKs/MacOSX.sdk/System/Library/Frameworks/Ruby.framework/Versions/2.6/usr/include/ruby-2.6.0/ruby/ruby.h:1811:5: note: expanded from macro 'RUBY_CONST_ID_CACHE'
 1811 |     {                                                   \
      |     ^
Type.c:426:5: warning: '}' and ')' tokens terminating statement expression appear in different macro expansion contexts [-Wcompound-token-split-by-macro]
  426 |     A(UINT32, UINT);
      |     ^~~~~~~~~~~~~~~
Type.c:403:49: note: expanded from macro 'A'
  403 |         VALUE t = rb_const_get(rbffi_TypeClass, rb_intern(#old_type)); \
      |                                                 ^~~~~~~~~~~~~~~~~~~~
/Library/Developer/CommandLineTools/SDKs/MacOSX.sdk/System/Library/Frameworks/Ruby.framework/Versions/2.6/usr/include/ruby-2.6.0/ruby/ruby.h:1826:24: note: expanded from macro 'rb_intern'
 1826 |         __extension__ (RUBY_CONST_ID_CACHE((ID), (str))) : \
      |                        ^~~~~~~~~~~~~~~~~~~~~~~~~~~~~~~~
/Library/Developer/CommandLineTools/SDKs/MacOSX.sdk/System/Library/Frameworks/Ruby.framework/Versions/2.6/usr/include/ruby-2.6.0/ruby/ruby.h:1816:5: note: expanded from macro 'RUBY_CONST_ID_CACHE'
 1816 |     }
      |     ^
Type.c:426:5: note: ')' token is here
  426 |     A(UINT32, UINT);
      |     ^~~~~~~~~~~~~~~
Type.c:403:49: note: expanded from macro 'A'
  403 |         VALUE t = rb_const_get(rbffi_TypeClass, rb_intern(#old_type)); \
      |                                                 ^~~~~~~~~~~~~~~~~~~~
/Library/Developer/CommandLineTools/SDKs/MacOSX.sdk/System/Library/Frameworks/Ruby.framework/Versions/2.6/usr/include/ruby-2.6.0/ruby/ruby.h:1826:56: note: expanded from macro 'rb_intern'
 1826 |         __extension__ (RUBY_CONST_ID_CACHE((ID), (str))) : \
      |                                                        ^
Type.c:426:5: warning: '(' and '{' tokens introducing statement expression appear in different macro expansion contexts [-Wcompound-token-split-by-macro]
  426 |     A(UINT32, UINT);
      |     ^~~~~~~~~~~~~~~
Type.c:404:39: note: expanded from macro 'A'
  404 |         rb_const_set(rbffi_TypeClass, rb_intern(#new_type), t); \
      |                                       ^~~~~~~~~~~~~~~~~~~~
/Library/Developer/CommandLineTools/SDKs/MacOSX.sdk/System/Library/Frameworks/Ruby.framework/Versions/2.6/usr/include/ruby-2.6.0/ruby/ruby.h:1826:23: note: expanded from macro 'rb_intern'
 1826 |         __extension__ (RUBY_CONST_ID_CACHE((ID), (str))) : \
      |                       ^
Type.c:426:5: note: '{' token is here
  426 |     A(UINT32, UINT);
      |     ^~~~~~~~~~~~~~~
Type.c:404:39: note: expanded from macro 'A'
  404 |         rb_const_set(rbffi_TypeClass, rb_intern(#new_type), t); \
      |                                       ^~~~~~~~~~~~~~~~~~~~
/Library/Developer/CommandLineTools/SDKs/MacOSX.sdk/System/Library/Frameworks/Ruby.framework/Versions/2.6/usr/include/ruby-2.6.0/ruby/ruby.h:1826:24: note: expanded from macro 'rb_intern'
 1826 |         __extension__ (RUBY_CONST_ID_CACHE((ID), (str))) : \
      |                        ^~~~~~~~~~~~~~~~~~~~~~~~~~~~~~~~
/Library/Developer/CommandLineTools/SDKs/MacOSX.sdk/System/Library/Frameworks/Ruby.framework/Versions/2.6/usr/include/ruby-2.6.0/ruby/ruby.h:1811:5: note: expanded from macro 'RUBY_CONST_ID_CACHE'
 1811 |     {                                                   \
      |     ^
Type.c:426:5: warning: '}' and ')' tokens terminating statement expression appear in different macro expansion contexts [-Wcompound-token-split-by-macro]
  426 |     A(UINT32, UINT);
      |     ^~~~~~~~~~~~~~~
Type.c:404:39: note: expanded from macro 'A'
  404 |         rb_const_set(rbffi_TypeClass, rb_intern(#new_type), t); \
      |                                       ^~~~~~~~~~~~~~~~~~~~
/Library/Developer/CommandLineTools/SDKs/MacOSX.sdk/System/Library/Frameworks/Ruby.framework/Versions/2.6/usr/include/ruby-2.6.0/ruby/ruby.h:1826:24: note: expanded from macro 'rb_intern'
 1826 |         __extension__ (RUBY_CONST_ID_CACHE((ID), (str))) : \
      |                        ^~~~~~~~~~~~~~~~~~~~~~~~~~~~~~~~
/Library/Developer/CommandLineTools/SDKs/MacOSX.sdk/System/Library/Frameworks/Ruby.framework/Versions/2.6/usr/include/ruby-2.6.0/ruby/ruby.h:1816:5: note: expanded from macro 'RUBY_CONST_ID_CACHE'
 1816 |     }
      |     ^
Type.c:426:5: note: ')' token is here
  426 |     A(UINT32, UINT);
      |     ^~~~~~~~~~~~~~~
Type.c:404:39: note: expanded from macro 'A'
  404 |         rb_const_set(rbffi_TypeClass, rb_intern(#new_type), t); \
      |                                       ^~~~~~~~~~~~~~~~~~~~
/Library/Developer/CommandLineTools/SDKs/MacOSX.sdk/System/Library/Frameworks/Ruby.framework/Versions/2.6/usr/include/ruby-2.6.0/ruby/ruby.h:1826:56: note: expanded from macro 'rb_intern'
 1826 |         __extension__ (RUBY_CONST_ID_CACHE((ID), (str))) : \
      |                                                        ^
Type.c:428:5: warning: '(' and '{' tokens introducing statement expression appear in different macro expansion contexts [-Wcompound-token-split-by-macro]
  428 |     A(INT64, LONG_LONG);
      |     ^~~~~~~~~~~~~~~~~~~
Type.c:403:49: note: expanded from macro 'A'
  403 |         VALUE t = rb_const_get(rbffi_TypeClass, rb_intern(#old_type)); \
      |                                                 ^~~~~~~~~~~~~~~~~~~~
/Library/Developer/CommandLineTools/SDKs/MacOSX.sdk/System/Library/Frameworks/Ruby.framework/Versions/2.6/usr/include/ruby-2.6.0/ruby/ruby.h:1826:23: note: expanded from macro 'rb_intern'
 1826 |         __extension__ (RUBY_CONST_ID_CACHE((ID), (str))) : \
      |                       ^
Type.c:428:5: note: '{' token is here
  428 |     A(INT64, LONG_LONG);
      |     ^~~~~~~~~~~~~~~~~~~
Type.c:403:49: note: expanded from macro 'A'
  403 |         VALUE t = rb_const_get(rbffi_TypeClass, rb_intern(#old_type)); \
      |                                                 ^~~~~~~~~~~~~~~~~~~~
/Library/Developer/CommandLineTools/SDKs/MacOSX.sdk/System/Library/Frameworks/Ruby.framework/Versions/2.6/usr/include/ruby-2.6.0/ruby/ruby.h:1826:24: note: expanded from macro 'rb_intern'
 1826 |         __extension__ (RUBY_CONST_ID_CACHE((ID), (str))) : \
      |                        ^~~~~~~~~~~~~~~~~~~~~~~~~~~~~~~~
/Library/Developer/CommandLineTools/SDKs/MacOSX.sdk/System/Library/Frameworks/Ruby.framework/Versions/2.6/usr/include/ruby-2.6.0/ruby/ruby.h:1811:5: note: expanded from macro 'RUBY_CONST_ID_CACHE'
 1811 |     {                                                   \
      |     ^
Type.c:428:5: warning: '}' and ')' tokens terminating statement expression appear in different macro expansion contexts [-Wcompound-token-split-by-macro]
  428 |     A(INT64, LONG_LONG);
      |     ^~~~~~~~~~~~~~~~~~~
Type.c:403:49: note: expanded from macro 'A'
  403 |         VALUE t = rb_const_get(rbffi_TypeClass, rb_intern(#old_type)); \
      |                                                 ^~~~~~~~~~~~~~~~~~~~
/Library/Developer/CommandLineTools/SDKs/MacOSX.sdk/System/Library/Frameworks/Ruby.framework/Versions/2.6/usr/include/ruby-2.6.0/ruby/ruby.h:1826:24: note: expanded from macro 'rb_intern'
 1826 |         __extension__ (RUBY_CONST_ID_CACHE((ID), (str))) : \
      |                        ^~~~~~~~~~~~~~~~~~~~~~~~~~~~~~~~
/Library/Developer/CommandLineTools/SDKs/MacOSX.sdk/System/Library/Frameworks/Ruby.framework/Versions/2.6/usr/include/ruby-2.6.0/ruby/ruby.h:1816:5: note: expanded from macro 'RUBY_CONST_ID_CACHE'
 1816 |     }
      |     ^
Type.c:428:5: note: ')' token is here
  428 |     A(INT64, LONG_LONG);
      |     ^~~~~~~~~~~~~~~~~~~
Type.c:403:49: note: expanded from macro 'A'
  403 |         VALUE t = rb_const_get(rbffi_TypeClass, rb_intern(#old_type)); \
      |                                                 ^~~~~~~~~~~~~~~~~~~~
/Library/Developer/CommandLineTools/SDKs/MacOSX.sdk/System/Library/Frameworks/Ruby.framework/Versions/2.6/usr/include/ruby-2.6.0/ruby/ruby.h:1826:56: note: expanded from macro 'rb_intern'
 1826 |         __extension__ (RUBY_CONST_ID_CACHE((ID), (str))) : \
      |                                                        ^
Type.c:428:5: warning: '(' and '{' tokens introducing statement expression appear in different macro expansion contexts [-Wcompound-token-split-by-macro]
  428 |     A(INT64, LONG_LONG);
      |     ^~~~~~~~~~~~~~~~~~~
Type.c:404:39: note: expanded from macro 'A'
  404 |         rb_const_set(rbffi_TypeClass, rb_intern(#new_type), t); \
      |                                       ^~~~~~~~~~~~~~~~~~~~
/Library/Developer/CommandLineTools/SDKs/MacOSX.sdk/System/Library/Frameworks/Ruby.framework/Versions/2.6/usr/include/ruby-2.6.0/ruby/ruby.h:1826:23: note: expanded from macro 'rb_intern'
 1826 |         __extension__ (RUBY_CONST_ID_CACHE((ID), (str))) : \
      |                       ^
Type.c:428:5: note: '{' token is here
  428 |     A(INT64, LONG_LONG);
      |     ^~~~~~~~~~~~~~~~~~~
Type.c:404:39: note: expanded from macro 'A'
  404 |         rb_const_set(rbffi_TypeClass, rb_intern(#new_type), t); \
      |                                       ^~~~~~~~~~~~~~~~~~~~
/Library/Developer/CommandLineTools/SDKs/MacOSX.sdk/System/Library/Frameworks/Ruby.framework/Versions/2.6/usr/include/ruby-2.6.0/ruby/ruby.h:1826:24: note: expanded from macro 'rb_intern'
 1826 |         __extension__ (RUBY_CONST_ID_CACHE((ID), (str))) : \
      |                        ^~~~~~~~~~~~~~~~~~~~~~~~~~~~~~~~
/Library/Developer/CommandLineTools/SDKs/MacOSX.sdk/System/Library/Frameworks/Ruby.framework/Versions/2.6/usr/include/ruby-2.6.0/ruby/ruby.h:1811:5: note: expanded from macro 'RUBY_CONST_ID_CACHE'
 1811 |     {                                                   \
      |     ^
Type.c:428:5: warning: '}' and ')' tokens terminating statement expression appear in different macro expansion contexts [-Wcompound-token-split-by-macro]
  428 |     A(INT64, LONG_LONG);
      |     ^~~~~~~~~~~~~~~~~~~
Type.c:404:39: note: expanded from macro 'A'
  404 |         rb_const_set(rbffi_TypeClass, rb_intern(#new_type), t); \
      |                                       ^~~~~~~~~~~~~~~~~~~~
/Library/Developer/CommandLineTools/SDKs/MacOSX.sdk/System/Library/Frameworks/Ruby.framework/Versions/2.6/usr/include/ruby-2.6.0/ruby/ruby.h:1826:24: note: expanded from macro 'rb_intern'
 1826 |         __extension__ (RUBY_CONST_ID_CACHE((ID), (str))) : \
      |                        ^~~~~~~~~~~~~~~~~~~~~~~~~~~~~~~~
/Library/Developer/CommandLineTools/SDKs/MacOSX.sdk/System/Library/Frameworks/Ruby.framework/Versions/2.6/usr/include/ruby-2.6.0/ruby/ruby.h:1816:5: note: expanded from macro 'RUBY_CONST_ID_CACHE'
 1816 |     }
      |     ^
Type.c:428:5: note: ')' token is here
  428 |     A(INT64, LONG_LONG);
      |     ^~~~~~~~~~~~~~~~~~~
Type.c:404:39: note: expanded from macro 'A'
  404 |         rb_const_set(rbffi_TypeClass, rb_intern(#new_type), t); \
      |                                       ^~~~~~~~~~~~~~~~~~~~
/Library/Developer/CommandLineTools/SDKs/MacOSX.sdk/System/Library/Frameworks/Ruby.framework/Versions/2.6/usr/include/ruby-2.6.0/ruby/ruby.h:1826:56: note: expanded from macro 'rb_intern'
 1826 |         __extension__ (RUBY_CONST_ID_CACHE((ID), (str))) : \
      |                                                        ^
Type.c:429:5: warning: '(' and '{' tokens introducing statement expression appear in different macro expansion contexts [-Wcompound-token-split-by-macro]
  429 |     A(INT64, SLONG_LONG);
      |     ^~~~~~~~~~~~~~~~~~~~
Type.c:403:49: note: expanded from macro 'A'
  403 |         VALUE t = rb_const_get(rbffi_TypeClass, rb_intern(#old_type)); \
      |                                                 ^~~~~~~~~~~~~~~~~~~~
/Library/Developer/CommandLineTools/SDKs/MacOSX.sdk/System/Library/Frameworks/Ruby.framework/Versions/2.6/usr/include/ruby-2.6.0/ruby/ruby.h:1826:23: note: expanded from macro 'rb_intern'
 1826 |         __extension__ (RUBY_CONST_ID_CACHE((ID), (str))) : \
      |                       ^
Type.c:429:5: note: '{' token is here
  429 |     A(INT64, SLONG_LONG);
      |     ^~~~~~~~~~~~~~~~~~~~
Type.c:403:49: note: expanded from macro 'A'
  403 |         VALUE t = rb_const_get(rbffi_TypeClass, rb_intern(#old_type)); \
      |                                                 ^~~~~~~~~~~~~~~~~~~~
/Library/Developer/CommandLineTools/SDKs/MacOSX.sdk/System/Library/Frameworks/Ruby.framework/Versions/2.6/usr/include/ruby-2.6.0/ruby/ruby.h:1826:24: note: expanded from macro 'rb_intern'
 1826 |         __extension__ (RUBY_CONST_ID_CACHE((ID), (str))) : \
      |                        ^~~~~~~~~~~~~~~~~~~~~~~~~~~~~~~~
/Library/Developer/CommandLineTools/SDKs/MacOSX.sdk/System/Library/Frameworks/Ruby.framework/Versions/2.6/usr/include/ruby-2.6.0/ruby/ruby.h:1811:5: note: expanded from macro 'RUBY_CONST_ID_CACHE'
 1811 |     {                                                   \
      |     ^
Type.c:429:5: warning: '}' and ')' tokens terminating statement expression appear in different macro expansion contexts [-Wcompound-token-split-by-macro]
  429 |     A(INT64, SLONG_LONG);
      |     ^~~~~~~~~~~~~~~~~~~~
Type.c:403:49: note: expanded from macro 'A'
  403 |         VALUE t = rb_const_get(rbffi_TypeClass, rb_intern(#old_type)); \
      |                                                 ^~~~~~~~~~~~~~~~~~~~
/Library/Developer/CommandLineTools/SDKs/MacOSX.sdk/System/Library/Frameworks/Ruby.framework/Versions/2.6/usr/include/ruby-2.6.0/ruby/ruby.h:1826:24: note: expanded from macro 'rb_intern'
 1826 |         __extension__ (RUBY_CONST_ID_CACHE((ID), (str))) : \
      |                        ^~~~~~~~~~~~~~~~~~~~~~~~~~~~~~~~
/Library/Developer/CommandLineTools/SDKs/MacOSX.sdk/System/Library/Frameworks/Ruby.framework/Versions/2.6/usr/include/ruby-2.6.0/ruby/ruby.h:1816:5: note: expanded from macro 'RUBY_CONST_ID_CACHE'
 1816 |     }
      |     ^
Type.c:429:5: note: ')' token is here
  429 |     A(INT64, SLONG_LONG);
      |     ^~~~~~~~~~~~~~~~~~~~
Type.c:403:49: note: expanded from macro 'A'
  403 |         VALUE t = rb_const_get(rbffi_TypeClass, rb_intern(#old_type)); \
      |                                                 ^~~~~~~~~~~~~~~~~~~~
/Library/Developer/CommandLineTools/SDKs/MacOSX.sdk/System/Library/Frameworks/Ruby.framework/Versions/2.6/usr/include/ruby-2.6.0/ruby/ruby.h:1826:56: note: expanded from macro 'rb_intern'
 1826 |         __extension__ (RUBY_CONST_ID_CACHE((ID), (str))) : \
      |                                                        ^
Type.c:429:5: warning: '(' and '{' tokens introducing statement expression appear in different macro expansion contexts [-Wcompound-token-split-by-macro]
  429 |     A(INT64, SLONG_LONG);
      |     ^~~~~~~~~~~~~~~~~~~~
Type.c:404:39: note: expanded from macro 'A'
  404 |         rb_const_set(rbffi_TypeClass, rb_intern(#new_type), t); \
      |                                       ^~~~~~~~~~~~~~~~~~~~
/Library/Developer/CommandLineTools/SDKs/MacOSX.sdk/System/Library/Frameworks/Ruby.framework/Versions/2.6/usr/include/ruby-2.6.0/ruby/ruby.h:1826:23: note: expanded from macro 'rb_intern'
 1826 |         __extension__ (RUBY_CONST_ID_CACHE((ID), (str))) : \
      |                       ^
Type.c:429:5: note: '{' token is here
  429 |     A(INT64, SLONG_LONG);
      |     ^~~~~~~~~~~~~~~~~~~~
Type.c:404:39: note: expanded from macro 'A'
  404 |         rb_const_set(rbffi_TypeClass, rb_intern(#new_type), t); \
      |                                       ^~~~~~~~~~~~~~~~~~~~
/Library/Developer/CommandLineTools/SDKs/MacOSX.sdk/System/Library/Frameworks/Ruby.framework/Versions/2.6/usr/include/ruby-2.6.0/ruby/ruby.h:1826:24: note: expanded from macro 'rb_intern'
 1826 |         __extension__ (RUBY_CONST_ID_CACHE((ID), (str))) : \
      |                        ^~~~~~~~~~~~~~~~~~~~~~~~~~~~~~~~
/Library/Developer/CommandLineTools/SDKs/MacOSX.sdk/System/Library/Frameworks/Ruby.framework/Versions/2.6/usr/include/ruby-2.6.0/ruby/ruby.h:1811:5: note: expanded from macro 'RUBY_CONST_ID_CACHE'
 1811 |     {                                                   \
      |     ^
Type.c:429:5: warning: '}' and ')' tokens terminating statement expression appear in different macro expansion contexts [-Wcompound-token-split-by-macro]
  429 |     A(INT64, SLONG_LONG);
      |     ^~~~~~~~~~~~~~~~~~~~
Type.c:404:39: note: expanded from macro 'A'
  404 |         rb_const_set(rbffi_TypeClass, rb_intern(#new_type), t); \
      |                                       ^~~~~~~~~~~~~~~~~~~~
/Library/Developer/CommandLineTools/SDKs/MacOSX.sdk/System/Library/Frameworks/Ruby.framework/Versions/2.6/usr/include/ruby-2.6.0/ruby/ruby.h:1826:24: note: expanded from macro 'rb_intern'
 1826 |         __extension__ (RUBY_CONST_ID_CACHE((ID), (str))) : \
      |                        ^~~~~~~~~~~~~~~~~~~~~~~~~~~~~~~~
/Library/Developer/CommandLineTools/SDKs/MacOSX.sdk/System/Library/Frameworks/Ruby.framework/Versions/2.6/usr/include/ruby-2.6.0/ruby/ruby.h:1816:5: note: expanded from macro 'RUBY_CONST_ID_CACHE'
 1816 |     }
      |     ^
Type.c:429:5: note: ')' token is here
  429 |     A(INT64, SLONG_LONG);
      |     ^~~~~~~~~~~~~~~~~~~~
Type.c:404:39: note: expanded from macro 'A'
  404 |         rb_const_set(rbffi_TypeClass, rb_intern(#new_type), t); \
      |                                       ^~~~~~~~~~~~~~~~~~~~
/Library/Developer/CommandLineTools/SDKs/MacOSX.sdk/System/Library/Frameworks/Ruby.framework/Versions/2.6/usr/include/ruby-2.6.0/ruby/ruby.h:1826:56: note: expanded from macro 'rb_intern'
 1826 |         __extension__ (RUBY_CONST_ID_CACHE((ID), (str))) : \
      |                                                        ^
Type.c:431:5: warning: '(' and '{' tokens introducing statement expression appear in different macro expansion contexts [-Wcompound-token-split-by-macro]
  431 |     A(UINT64, ULONG_LONG);
      |     ^~~~~~~~~~~~~~~~~~~~~
Type.c:403:49: note: expanded from macro 'A'
  403 |         VALUE t = rb_const_get(rbffi_TypeClass, rb_intern(#old_type)); \
      |                                                 ^~~~~~~~~~~~~~~~~~~~
/Library/Developer/CommandLineTools/SDKs/MacOSX.sdk/System/Library/Frameworks/Ruby.framework/Versions/2.6/usr/include/ruby-2.6.0/ruby/ruby.h:1826:23: note: expanded from macro 'rb_intern'
 1826 |         __extension__ (RUBY_CONST_ID_CACHE((ID), (str))) : \
      |                       ^
Type.c:431:5: note: '{' token is here
  431 |     A(UINT64, ULONG_LONG);
      |     ^~~~~~~~~~~~~~~~~~~~~
Type.c:403:49: note: expanded from macro 'A'
  403 |         VALUE t = rb_const_get(rbffi_TypeClass, rb_intern(#old_type)); \
      |                                                 ^~~~~~~~~~~~~~~~~~~~
/Library/Developer/CommandLineTools/SDKs/MacOSX.sdk/System/Library/Frameworks/Ruby.framework/Versions/2.6/usr/include/ruby-2.6.0/ruby/ruby.h:1826:24: note: expanded from macro 'rb_intern'
 1826 |         __extension__ (RUBY_CONST_ID_CACHE((ID), (str))) : \
      |                        ^~~~~~~~~~~~~~~~~~~~~~~~~~~~~~~~
/Library/Developer/CommandLineTools/SDKs/MacOSX.sdk/System/Library/Frameworks/Ruby.framework/Versions/2.6/usr/include/ruby-2.6.0/ruby/ruby.h:1811:5: note: expanded from macro 'RUBY_CONST_ID_CACHE'
 1811 |     {                                                   \
      |     ^
Type.c:431:5: warning: '}' and ')' tokens terminating statement expression appear in different macro expansion contexts [-Wcompound-token-split-by-macro]
  431 |     A(UINT64, ULONG_LONG);
      |     ^~~~~~~~~~~~~~~~~~~~~
Type.c:403:49: note: expanded from macro 'A'
  403 |         VALUE t = rb_const_get(rbffi_TypeClass, rb_intern(#old_type)); \
      |                                                 ^~~~~~~~~~~~~~~~~~~~
/Library/Developer/CommandLineTools/SDKs/MacOSX.sdk/System/Library/Frameworks/Ruby.framework/Versions/2.6/usr/include/ruby-2.6.0/ruby/ruby.h:1826:24: note: expanded from macro 'rb_intern'
 1826 |         __extension__ (RUBY_CONST_ID_CACHE((ID), (str))) : \
      |                        ^~~~~~~~~~~~~~~~~~~~~~~~~~~~~~~~
/Library/Developer/CommandLineTools/SDKs/MacOSX.sdk/System/Library/Frameworks/Ruby.framework/Versions/2.6/usr/include/ruby-2.6.0/ruby/ruby.h:1816:5: note: expanded from macro 'RUBY_CONST_ID_CACHE'
 1816 |     }
      |     ^
Type.c:431:5: note: ')' token is here
  431 |     A(UINT64, ULONG_LONG);
      |     ^~~~~~~~~~~~~~~~~~~~~
Type.c:403:49: note: expanded from macro 'A'
  403 |         VALUE t = rb_const_get(rbffi_TypeClass, rb_intern(#old_type)); \
      |                                                 ^~~~~~~~~~~~~~~~~~~~
/Library/Developer/CommandLineTools/SDKs/MacOSX.sdk/System/Library/Frameworks/Ruby.framework/Versions/2.6/usr/include/ruby-2.6.0/ruby/ruby.h:1826:56: note: expanded from macro 'rb_intern'
 1826 |         __extension__ (RUBY_CONST_ID_CACHE((ID), (str))) : \
      |                                                        ^
Type.c:431:5: warning: '(' and '{' tokens introducing statement expression appear in different macro expansion contexts [-Wcompound-token-split-by-macro]
  431 |     A(UINT64, ULONG_LONG);
      |     ^~~~~~~~~~~~~~~~~~~~~
Type.c:404:39: note: expanded from macro 'A'
  404 |         rb_const_set(rbffi_TypeClass, rb_intern(#new_type), t); \
      |                                       ^~~~~~~~~~~~~~~~~~~~
/Library/Developer/CommandLineTools/SDKs/MacOSX.sdk/System/Library/Frameworks/Ruby.framework/Versions/2.6/usr/include/ruby-2.6.0/ruby/ruby.h:1826:23: note: expanded from macro 'rb_intern'
 1826 |         __extension__ (RUBY_CONST_ID_CACHE((ID), (str))) : \
      |                       ^
Type.c:431:5: note: '{' token is here
  431 |     A(UINT64, ULONG_LONG);
      |     ^~~~~~~~~~~~~~~~~~~~~
Type.c:404:39: note: expanded from macro 'A'
  404 |         rb_const_set(rbffi_TypeClass, rb_intern(#new_type), t); \
      |                                       ^~~~~~~~~~~~~~~~~~~~
/Library/Developer/CommandLineTools/SDKs/MacOSX.sdk/System/Library/Frameworks/Ruby.framework/Versions/2.6/usr/include/ruby-2.6.0/ruby/ruby.h:1826:24: note: expanded from macro 'rb_intern'
 1826 |         __extension__ (RUBY_CONST_ID_CACHE((ID), (str))) : \
      |                        ^~~~~~~~~~~~~~~~~~~~~~~~~~~~~~~~
/Library/Developer/CommandLineTools/SDKs/MacOSX.sdk/System/Library/Frameworks/Ruby.framework/Versions/2.6/usr/include/ruby-2.6.0/ruby/ruby.h:1811:5: note: expanded from macro 'RUBY_CONST_ID_CACHE'
 1811 |     {                                                   \
      |     ^
Type.c:431:5: warning: '}' and ')' tokens terminating statement expression appear in different macro expansion contexts [-Wcompound-token-split-by-macro]
  431 |     A(UINT64, ULONG_LONG);
      |     ^~~~~~~~~~~~~~~~~~~~~
Type.c:404:39: note: expanded from macro 'A'
  404 |         rb_const_set(rbffi_TypeClass, rb_intern(#new_type), t); \
      |                                       ^~~~~~~~~~~~~~~~~~~~
/Library/Developer/CommandLineTools/SDKs/MacOSX.sdk/System/Library/Frameworks/Ruby.framework/Versions/2.6/usr/include/ruby-2.6.0/ruby/ruby.h:1826:24: note: expanded from macro 'rb_intern'
 1826 |         __extension__ (RUBY_CONST_ID_CACHE((ID), (str))) : \
      |                        ^~~~~~~~~~~~~~~~~~~~~~~~~~~~~~~~
/Library/Developer/CommandLineTools/SDKs/MacOSX.sdk/System/Library/Frameworks/Ruby.framework/Versions/2.6/usr/include/ruby-2.6.0/ruby/ruby.h:1816:5: note: expanded from macro 'RUBY_CONST_ID_CACHE'
 1816 |     }
      |     ^
Type.c:431:5: note: ')' token is here
  431 |     A(UINT64, ULONG_LONG);
      |     ^~~~~~~~~~~~~~~~~~~~~
Type.c:404:39: note: expanded from macro 'A'
  404 |         rb_const_set(rbffi_TypeClass, rb_intern(#new_type), t); \
      |                                       ^~~~~~~~~~~~~~~~~~~~
/Library/Developer/CommandLineTools/SDKs/MacOSX.sdk/System/Library/Frameworks/Ruby.framework/Versions/2.6/usr/include/ruby-2.6.0/ruby/ruby.h:1826:56: note: expanded from macro 'rb_intern'
 1826 |         __extension__ (RUBY_CONST_ID_CACHE((ID), (str))) : \
      |                                                        ^
Type.c:433:5: warning: '(' and '{' tokens introducing statement expression appear in different macro expansion contexts [-Wcompound-token-split-by-macro]
  433 |     A(LONG, SLONG);
      |     ^~~~~~~~~~~~~~
Type.c:403:49: note: expanded from macro 'A'
  403 |         VALUE t = rb_const_get(rbffi_TypeClass, rb_intern(#old_type)); \
      |                                                 ^~~~~~~~~~~~~~~~~~~~
/Library/Developer/CommandLineTools/SDKs/MacOSX.sdk/System/Library/Frameworks/Ruby.framework/Versions/2.6/usr/include/ruby-2.6.0/ruby/ruby.h:1826:23: note: expanded from macro 'rb_intern'
 1826 |         __extension__ (RUBY_CONST_ID_CACHE((ID), (str))) : \
      |                       ^
Type.c:433:5: note: '{' token is here
  433 |     A(LONG, SLONG);
      |     ^~~~~~~~~~~~~~
Type.c:403:49: note: expanded from macro 'A'
  403 |         VALUE t = rb_const_get(rbffi_TypeClass, rb_intern(#old_type)); \
      |                                                 ^~~~~~~~~~~~~~~~~~~~
/Library/Developer/CommandLineTools/SDKs/MacOSX.sdk/System/Library/Frameworks/Ruby.framework/Versions/2.6/usr/include/ruby-2.6.0/ruby/ruby.h:1826:24: note: expanded from macro 'rb_intern'
 1826 |         __extension__ (RUBY_CONST_ID_CACHE((ID), (str))) : \
      |                        ^~~~~~~~~~~~~~~~~~~~~~~~~~~~~~~~
/Library/Developer/CommandLineTools/SDKs/MacOSX.sdk/System/Library/Frameworks/Ruby.framework/Versions/2.6/usr/include/ruby-2.6.0/ruby/ruby.h:1811:5: note: expanded from macro 'RUBY_CONST_ID_CACHE'
 1811 |     {                                                   \
      |     ^
Type.c:433:5: warning: '}' and ')' tokens terminating statement expression appear in different macro expansion contexts [-Wcompound-token-split-by-macro]
  433 |     A(LONG, SLONG);
      |     ^~~~~~~~~~~~~~
Type.c:403:49: note: expanded from macro 'A'
  403 |         VALUE t = rb_const_get(rbffi_TypeClass, rb_intern(#old_type)); \
      |                                                 ^~~~~~~~~~~~~~~~~~~~
/Library/Developer/CommandLineTools/SDKs/MacOSX.sdk/System/Library/Frameworks/Ruby.framework/Versions/2.6/usr/include/ruby-2.6.0/ruby/ruby.h:1826:24: note: expanded from macro 'rb_intern'
 1826 |         __extension__ (RUBY_CONST_ID_CACHE((ID), (str))) : \
      |                        ^~~~~~~~~~~~~~~~~~~~~~~~~~~~~~~~
/Library/Developer/CommandLineTools/SDKs/MacOSX.sdk/System/Library/Frameworks/Ruby.framework/Versions/2.6/usr/include/ruby-2.6.0/ruby/ruby.h:1816:5: note: expanded from macro 'RUBY_CONST_ID_CACHE'
 1816 |     }
      |     ^
Type.c:433:5: note: ')' token is here
  433 |     A(LONG, SLONG);
      |     ^~~~~~~~~~~~~~
Type.c:403:49: note: expanded from macro 'A'
  403 |         VALUE t = rb_const_get(rbffi_TypeClass, rb_intern(#old_type)); \
      |                                                 ^~~~~~~~~~~~~~~~~~~~
/Library/Developer/CommandLineTools/SDKs/MacOSX.sdk/System/Library/Frameworks/Ruby.framework/Versions/2.6/usr/include/ruby-2.6.0/ruby/ruby.h:1826:56: note: expanded from macro 'rb_intern'
 1826 |         __extension__ (RUBY_CONST_ID_CACHE((ID), (str))) : \
      |                                                        ^
Type.c:433:5: warning: '(' and '{' tokens introducing statement expression appear in different macro expansion contexts [-Wcompound-token-split-by-macro]
  433 |     A(LONG, SLONG);
      |     ^~~~~~~~~~~~~~
Type.c:404:39: note: expanded from macro 'A'
  404 |         rb_const_set(rbffi_TypeClass, rb_intern(#new_type), t); \
      |                                       ^~~~~~~~~~~~~~~~~~~~
/Library/Developer/CommandLineTools/SDKs/MacOSX.sdk/System/Library/Frameworks/Ruby.framework/Versions/2.6/usr/include/ruby-2.6.0/ruby/ruby.h:1826:23: note: expanded from macro 'rb_intern'
 1826 |         __extension__ (RUBY_CONST_ID_CACHE((ID), (str))) : \
      |                       ^
Type.c:433:5: note: '{' token is here
  433 |     A(LONG, SLONG);
      |     ^~~~~~~~~~~~~~
Type.c:404:39: note: expanded from macro 'A'
  404 |         rb_const_set(rbffi_TypeClass, rb_intern(#new_type), t); \
      |                                       ^~~~~~~~~~~~~~~~~~~~
/Library/Developer/CommandLineTools/SDKs/MacOSX.sdk/System/Library/Frameworks/Ruby.framework/Versions/2.6/usr/include/ruby-2.6.0/ruby/ruby.h:1826:24: note: expanded from macro 'rb_intern'
 1826 |         __extension__ (RUBY_CONST_ID_CACHE((ID), (str))) : \
      |                        ^~~~~~~~~~~~~~~~~~~~~~~~~~~~~~~~
/Library/Developer/CommandLineTools/SDKs/MacOSX.sdk/System/Library/Frameworks/Ruby.framework/Versions/2.6/usr/include/ruby-2.6.0/ruby/ruby.h:1811:5: note: expanded from macro 'RUBY_CONST_ID_CACHE'
 1811 |     {                                                   \
      |     ^
Type.c:433:5: warning: '}' and ')' tokens terminating statement expression appear in different macro expansion contexts [-Wcompound-token-split-by-macro]
  433 |     A(LONG, SLONG);
      |     ^~~~~~~~~~~~~~
Type.c:404:39: note: expanded from macro 'A'
  404 |         rb_const_set(rbffi_TypeClass, rb_intern(#new_type), t); \
      |                                       ^~~~~~~~~~~~~~~~~~~~
/Library/Developer/CommandLineTools/SDKs/MacOSX.sdk/System/Library/Frameworks/Ruby.framework/Versions/2.6/usr/include/ruby-2.6.0/ruby/ruby.h:1826:24: note: expanded from macro 'rb_intern'
 1826 |         __extension__ (RUBY_CONST_ID_CACHE((ID), (str))) : \
      |                        ^~~~~~~~~~~~~~~~~~~~~~~~~~~~~~~~
/Library/Developer/CommandLineTools/SDKs/MacOSX.sdk/System/Library/Frameworks/Ruby.framework/Versions/2.6/usr/include/ruby-2.6.0/ruby/ruby.h:1816:5: note: expanded from macro 'RUBY_CONST_ID_CACHE'
 1816 |     }
      |     ^
Type.c:433:5: note: ')' token is here
  433 |     A(LONG, SLONG);
      |     ^~~~~~~~~~~~~~
Type.c:404:39: note: expanded from macro 'A'
  404 |         rb_const_set(rbffi_TypeClass, rb_intern(#new_type), t); \
      |                                       ^~~~~~~~~~~~~~~~~~~~
/Library/Developer/CommandLineTools/SDKs/MacOSX.sdk/System/Library/Frameworks/Ruby.framework/Versions/2.6/usr/include/ruby-2.6.0/ruby/ruby.h:1826:56: note: expanded from macro 'rb_intern'
 1826 |         __extension__ (RUBY_CONST_ID_CACHE((ID), (str))) : \
      |                                                        ^
Type.c:436:5: warning: '(' and '{' tokens introducing statement expression appear in different macro expansion contexts [-Wcompound-token-split-by-macro]
  436 |     A(FLOAT32, FLOAT);
      |     ^~~~~~~~~~~~~~~~~
Type.c:403:49: note: expanded from macro 'A'
  403 |         VALUE t = rb_const_get(rbffi_TypeClass, rb_intern(#old_type)); \
      |                                                 ^~~~~~~~~~~~~~~~~~~~
/Library/Developer/CommandLineTools/SDKs/MacOSX.sdk/System/Library/Frameworks/Ruby.framework/Versions/2.6/usr/include/ruby-2.6.0/ruby/ruby.h:1826:23: note: expanded from macro 'rb_intern'
 1826 |         __extension__ (RUBY_CONST_ID_CACHE((ID), (str))) : \
      |                       ^
Type.c:436:5: note: '{' token is here
  436 |     A(FLOAT32, FLOAT);
      |     ^~~~~~~~~~~~~~~~~
Type.c:403:49: note: expanded from macro 'A'
  403 |         VALUE t = rb_const_get(rbffi_TypeClass, rb_intern(#old_type)); \
      |                                                 ^~~~~~~~~~~~~~~~~~~~
/Library/Developer/CommandLineTools/SDKs/MacOSX.sdk/System/Library/Frameworks/Ruby.framework/Versions/2.6/usr/include/ruby-2.6.0/ruby/ruby.h:1826:24: note: expanded from macro 'rb_intern'
 1826 |         __extension__ (RUBY_CONST_ID_CACHE((ID), (str))) : \
      |                        ^~~~~~~~~~~~~~~~~~~~~~~~~~~~~~~~
/Library/Developer/CommandLineTools/SDKs/MacOSX.sdk/System/Library/Frameworks/Ruby.framework/Versions/2.6/usr/include/ruby-2.6.0/ruby/ruby.h:1811:5: note: expanded from macro 'RUBY_CONST_ID_CACHE'
 1811 |     {                                                   \
      |     ^
Type.c:436:5: warning: '}' and ')' tokens terminating statement expression appear in different macro expansion contexts [-Wcompound-token-split-by-macro]
  436 |     A(FLOAT32, FLOAT);
      |     ^~~~~~~~~~~~~~~~~
Type.c:403:49: note: expanded from macro 'A'
  403 |         VALUE t = rb_const_get(rbffi_TypeClass, rb_intern(#old_type)); \
      |                                                 ^~~~~~~~~~~~~~~~~~~~
/Library/Developer/CommandLineTools/SDKs/MacOSX.sdk/System/Library/Frameworks/Ruby.framework/Versions/2.6/usr/include/ruby-2.6.0/ruby/ruby.h:1826:24: note: expanded from macro 'rb_intern'
 1826 |         __extension__ (RUBY_CONST_ID_CACHE((ID), (str))) : \
      |                        ^~~~~~~~~~~~~~~~~~~~~~~~~~~~~~~~
/Library/Developer/CommandLineTools/SDKs/MacOSX.sdk/System/Library/Frameworks/Ruby.framework/Versions/2.6/usr/include/ruby-2.6.0/ruby/ruby.h:1816:5: note: expanded from macro 'RUBY_CONST_ID_CACHE'
 1816 |     }
      |     ^
Type.c:436:5: note: ')' token is here
  436 |     A(FLOAT32, FLOAT);
      |     ^~~~~~~~~~~~~~~~~
Type.c:403:49: note: expanded from macro 'A'
  403 |         VALUE t = rb_const_get(rbffi_TypeClass, rb_intern(#old_type)); \
      |                                                 ^~~~~~~~~~~~~~~~~~~~
/Library/Developer/CommandLineTools/SDKs/MacOSX.sdk/System/Library/Frameworks/Ruby.framework/Versions/2.6/usr/include/ruby-2.6.0/ruby/ruby.h:1826:56: note: expanded from macro 'rb_intern'
 1826 |         __extension__ (RUBY_CONST_ID_CACHE((ID), (str))) : \
      |                                                        ^
Type.c:436:5: warning: '(' and '{' tokens introducing statement expression appear in different macro expansion contexts [-Wcompound-token-split-by-macro]
  436 |     A(FLOAT32, FLOAT);
      |     ^~~~~~~~~~~~~~~~~
Type.c:404:39: note: expanded from macro 'A'
  404 |         rb_const_set(rbffi_TypeClass, rb_intern(#new_type), t); \
      |                                       ^~~~~~~~~~~~~~~~~~~~
/Library/Developer/CommandLineTools/SDKs/MacOSX.sdk/System/Library/Frameworks/Ruby.framework/Versions/2.6/usr/include/ruby-2.6.0/ruby/ruby.h:1826:23: note: expanded from macro 'rb_intern'
 1826 |         __extension__ (RUBY_CONST_ID_CACHE((ID), (str))) : \
      |                       ^
Type.c:436:5: note: '{' token is here
  436 |     A(FLOAT32, FLOAT);
      |     ^~~~~~~~~~~~~~~~~
Type.c:404:39: note: expanded from macro 'A'
  404 |         rb_const_set(rbffi_TypeClass, rb_intern(#new_type), t); \
      |                                       ^~~~~~~~~~~~~~~~~~~~
/Library/Developer/CommandLineTools/SDKs/MacOSX.sdk/System/Library/Frameworks/Ruby.framework/Versions/2.6/usr/include/ruby-2.6.0/ruby/ruby.h:1826:24: note: expanded from macro 'rb_intern'
 1826 |         __extension__ (RUBY_CONST_ID_CACHE((ID), (str))) : \
      |                        ^~~~~~~~~~~~~~~~~~~~~~~~~~~~~~~~
/Library/Developer/CommandLineTools/SDKs/MacOSX.sdk/System/Library/Frameworks/Ruby.framework/Versions/2.6/usr/include/ruby-2.6.0/ruby/ruby.h:1811:5: note: expanded from macro 'RUBY_CONST_ID_CACHE'
 1811 |     {                                                   \
      |     ^
Type.c:436:5: warning: '}' and ')' tokens terminating statement expression appear in different macro expansion contexts [-Wcompound-token-split-by-macro]
  436 |     A(FLOAT32, FLOAT);
      |     ^~~~~~~~~~~~~~~~~
Type.c:404:39: note: expanded from macro 'A'
  404 |         rb_const_set(rbffi_TypeClass, rb_intern(#new_type), t); \
      |                                       ^~~~~~~~~~~~~~~~~~~~
/Library/Developer/CommandLineTools/SDKs/MacOSX.sdk/System/Library/Frameworks/Ruby.framework/Versions/2.6/usr/include/ruby-2.6.0/ruby/ruby.h:1826:24: note: expanded from macro 'rb_intern'
 1826 |         __extension__ (RUBY_CONST_ID_CACHE((ID), (str))) : \
      |                        ^~~~~~~~~~~~~~~~~~~~~~~~~~~~~~~~
/Library/Developer/CommandLineTools/SDKs/MacOSX.sdk/System/Library/Frameworks/Ruby.framework/Versions/2.6/usr/include/ruby-2.6.0/ruby/ruby.h:1816:5: note: expanded from macro 'RUBY_CONST_ID_CACHE'
 1816 |     }
      |     ^
Type.c:436:5: note: ')' token is here
  436 |     A(FLOAT32, FLOAT);
      |     ^~~~~~~~~~~~~~~~~
Type.c:404:39: note: expanded from macro 'A'
  404 |         rb_const_set(rbffi_TypeClass, rb_intern(#new_type), t); \
      |                                       ^~~~~~~~~~~~~~~~~~~~
/Library/Developer/CommandLineTools/SDKs/MacOSX.sdk/System/Library/Frameworks/Ruby.framework/Versions/2.6/usr/include/ruby-2.6.0/ruby/ruby.h:1826:56: note: expanded from macro 'rb_intern'
 1826 |         __extension__ (RUBY_CONST_ID_CACHE((ID), (str))) : \
      |                                                        ^
Type.c:438:5: warning: '(' and '{' tokens introducing statement expression appear in different macro expansion contexts [-Wcompound-token-split-by-macro]
  438 |     A(FLOAT64, DOUBLE);
      |     ^~~~~~~~~~~~~~~~~~
Type.c:403:49: note: expanded from macro 'A'
  403 |         VALUE t = rb_const_get(rbffi_TypeClass, rb_intern(#old_type)); \
      |                                                 ^~~~~~~~~~~~~~~~~~~~
/Library/Developer/CommandLineTools/SDKs/MacOSX.sdk/System/Library/Frameworks/Ruby.framework/Versions/2.6/usr/include/ruby-2.6.0/ruby/ruby.h:1826:23: note: expanded from macro 'rb_intern'
 1826 |         __extension__ (RUBY_CONST_ID_CACHE((ID), (str))) : \
      |                       ^
Type.c:438:5: note: '{' token is here
  438 |     A(FLOAT64, DOUBLE);
      |     ^~~~~~~~~~~~~~~~~~
Type.c:403:49: note: expanded from macro 'A'
  403 |         VALUE t = rb_const_get(rbffi_TypeClass, rb_intern(#old_type)); \
      |                                                 ^~~~~~~~~~~~~~~~~~~~
/Library/Developer/CommandLineTools/SDKs/MacOSX.sdk/System/Library/Frameworks/Ruby.framework/Versions/2.6/usr/include/ruby-2.6.0/ruby/ruby.h:1826:24: note: expanded from macro 'rb_intern'
 1826 |         __extension__ (RUBY_CONST_ID_CACHE((ID), (str))) : \
      |                        ^~~~~~~~~~~~~~~~~~~~~~~~~~~~~~~~
/Library/Developer/CommandLineTools/SDKs/MacOSX.sdk/System/Library/Frameworks/Ruby.framework/Versions/2.6/usr/include/ruby-2.6.0/ruby/ruby.h:1811:5: note: expanded from macro 'RUBY_CONST_ID_CACHE'
 1811 |     {                                                   \
      |     ^
Type.c:438:5: warning: '}' and ')' tokens terminating statement expression appear in different macro expansion contexts [-Wcompound-token-split-by-macro]
  438 |     A(FLOAT64, DOUBLE);
      |     ^~~~~~~~~~~~~~~~~~
Type.c:403:49: note: expanded from macro 'A'
  403 |         VALUE t = rb_const_get(rbffi_TypeClass, rb_intern(#old_type)); \
      |                                                 ^~~~~~~~~~~~~~~~~~~~
/Library/Developer/CommandLineTools/SDKs/MacOSX.sdk/System/Library/Frameworks/Ruby.framework/Versions/2.6/usr/include/ruby-2.6.0/ruby/ruby.h:1826:24: note: expanded from macro 'rb_intern'
 1826 |         __extension__ (RUBY_CONST_ID_CACHE((ID), (str))) : \
      |                        ^~~~~~~~~~~~~~~~~~~~~~~~~~~~~~~~
/Library/Developer/CommandLineTools/SDKs/MacOSX.sdk/System/Library/Frameworks/Ruby.framework/Versions/2.6/usr/include/ruby-2.6.0/ruby/ruby.h:1816:5: note: expanded from macro 'RUBY_CONST_ID_CACHE'
 1816 |     }
      |     ^
Type.c:438:5: note: ')' token is here
  438 |     A(FLOAT64, DOUBLE);
      |     ^~~~~~~~~~~~~~~~~~
Type.c:403:49: note: expanded from macro 'A'
  403 |         VALUE t = rb_const_get(rbffi_TypeClass, rb_intern(#old_type)); \
      |                                                 ^~~~~~~~~~~~~~~~~~~~
/Library/Developer/CommandLineTools/SDKs/MacOSX.sdk/System/Library/Frameworks/Ruby.framework/Versions/2.6/usr/include/ruby-2.6.0/ruby/ruby.h:1826:56: note: expanded from macro 'rb_intern'
 1826 |         __extension__ (RUBY_CONST_ID_CACHE((ID), (str))) : \
      |                                                        ^
Type.c:438:5: warning: '(' and '{' tokens introducing statement expression appear in different macro expansion contexts [-Wcompound-token-split-by-macro]
  438 |     A(FLOAT64, DOUBLE);
      |     ^~~~~~~~~~~~~~~~~~
Type.c:404:39: note: expanded from macro 'A'
  404 |         rb_const_set(rbffi_TypeClass, rb_intern(#new_type), t); \
      |                                       ^~~~~~~~~~~~~~~~~~~~
/Library/Developer/CommandLineTools/SDKs/MacOSX.sdk/System/Library/Frameworks/Ruby.framework/Versions/2.6/usr/include/ruby-2.6.0/ruby/ruby.h:1826:23: note: expanded from macro 'rb_intern'
 1826 |         __extension__ (RUBY_CONST_ID_CACHE((ID), (str))) : \
      |                       ^
Type.c:438:5: note: '{' token is here
  438 |     A(FLOAT64, DOUBLE);
      |     ^~~~~~~~~~~~~~~~~~
Type.c:404:39: note: expanded from macro 'A'
  404 |         rb_const_set(rbffi_TypeClass, rb_intern(#new_type), t); \
      |                                       ^~~~~~~~~~~~~~~~~~~~
/Library/Developer/CommandLineTools/SDKs/MacOSX.sdk/System/Library/Frameworks/Ruby.framework/Versions/2.6/usr/include/ruby-2.6.0/ruby/ruby.h:1826:24: note: expanded from macro 'rb_intern'
 1826 |         __extension__ (RUBY_CONST_ID_CACHE((ID), (str))) : \
      |                        ^~~~~~~~~~~~~~~~~~~~~~~~~~~~~~~~
/Library/Developer/CommandLineTools/SDKs/MacOSX.sdk/System/Library/Frameworks/Ruby.framework/Versions/2.6/usr/include/ruby-2.6.0/ruby/ruby.h:1811:5: note: expanded from macro 'RUBY_CONST_ID_CACHE'
 1811 |     {                                                   \
      |     ^
Type.c:438:5: warning: '}' and ')' tokens terminating statement expression appear in different macro expansion contexts [-Wcompound-token-split-by-macro]
  438 |     A(FLOAT64, DOUBLE);
      |     ^~~~~~~~~~~~~~~~~~
Type.c:404:39: note: expanded from macro 'A'
  404 |         rb_const_set(rbffi_TypeClass, rb_intern(#new_type), t); \
      |                                       ^~~~~~~~~~~~~~~~~~~~
/Library/Developer/CommandLineTools/SDKs/MacOSX.sdk/System/Library/Frameworks/Ruby.framework/Versions/2.6/usr/include/ruby-2.6.0/ruby/ruby.h:1826:24: note: expanded from macro 'rb_intern'
 1826 |         __extension__ (RUBY_CONST_ID_CACHE((ID), (str))) : \
      |                        ^~~~~~~~~~~~~~~~~~~~~~~~~~~~~~~~
/Library/Developer/CommandLineTools/SDKs/MacOSX.sdk/System/Library/Frameworks/Ruby.framework/Versions/2.6/usr/include/ruby-2.6.0/ruby/ruby.h:1816:5: note: expanded from macro 'RUBY_CONST_ID_CACHE'
 1816 |     }
      |     ^
Type.c:438:5: note: ')' token is here
  438 |     A(FLOAT64, DOUBLE);
      |     ^~~~~~~~~~~~~~~~~~
Type.c:404:39: note: expanded from macro 'A'
  404 |         rb_const_set(rbffi_TypeClass, rb_intern(#new_type), t); \
      |                                       ^~~~~~~~~~~~~~~~~~~~
/Library/Developer/CommandLineTools/SDKs/MacOSX.sdk/System/Library/Frameworks/Ruby.framework/Versions/2.6/usr/include/ruby-2.6.0/ruby/ruby.h:1826:56: note: expanded from macro 'rb_intern'
 1826 |         __extension__ (RUBY_CONST_ID_CACHE((ID), (str))) : \
      |                                                        ^
64 warnings generated.
compiling Types.c
Types.c:141:22: warning: '(' and '{' tokens introducing statement expression appear in different macro expansion contexts [-Wcompound-token-split-by-macro]
  141 |     id_from_native = rb_intern("from_native");
      |                      ^~~~~~~~~~~~~~~~~~~~~~~~
/Library/Developer/CommandLineTools/SDKs/MacOSX.sdk/System/Library/Frameworks/Ruby.framework/Versions/2.6/usr/include/ruby-2.6.0/ruby/ruby.h:1826:23: note: expanded from macro 'rb_intern'
 1826 |         __extension__ (RUBY_CONST_ID_CACHE((ID), (str))) : \
      |                       ^
Types.c:141:22: note: '{' token is here
  141 |     id_from_native = rb_intern("from_native");
      |                      ^~~~~~~~~~~~~~~~~~~~~~~~
/Library/Developer/CommandLineTools/SDKs/MacOSX.sdk/System/Library/Frameworks/Ruby.framework/Versions/2.6/usr/include/ruby-2.6.0/ruby/ruby.h:1826:24: note: expanded from macro 'rb_intern'
 1826 |         __extension__ (RUBY_CONST_ID_CACHE((ID), (str))) : \
      |                        ^~~~~~~~~~~~~~~~~~~~~~~~~~~~~~~~
/Library/Developer/CommandLineTools/SDKs/MacOSX.sdk/System/Library/Frameworks/Ruby.framework/Versions/2.6/usr/include/ruby-2.6.0/ruby/ruby.h:1811:5: note: expanded from macro 'RUBY_CONST_ID_CACHE'
 1811 |     {                                                   \
      |     ^
Types.c:141:22: warning: '}' and ')' tokens terminating statement expression appear in different macro expansion contexts [-Wcompound-token-split-by-macro]
  141 |     id_from_native = rb_intern("from_native");
      |                      ^~~~~~~~~~~~~~~~~~~~~~~~
/Library/Developer/CommandLineTools/SDKs/MacOSX.sdk/System/Library/Frameworks/Ruby.framework/Versions/2.6/usr/include/ruby-2.6.0/ruby/ruby.h:1826:24: note: expanded from macro 'rb_intern'
 1826 |         __extension__ (RUBY_CONST_ID_CACHE((ID), (str))) : \
      |                        ^~~~~~~~~~~~~~~~~~~~~~~~~~~~~~~~
/Library/Developer/CommandLineTools/SDKs/MacOSX.sdk/System/Library/Frameworks/Ruby.framework/Versions/2.6/usr/include/ruby-2.6.0/ruby/ruby.h:1816:5: note: expanded from macro 'RUBY_CONST_ID_CACHE'
 1816 |     }
      |     ^
Types.c:141:22: note: ')' token is here
  141 |     id_from_native = rb_intern("from_native");
      |                      ^~~~~~~~~~~~~~~~~~~~~~~~
/Library/Developer/CommandLineTools/SDKs/MacOSX.sdk/System/Library/Frameworks/Ruby.framework/Versions/2.6/usr/include/ruby-2.6.0/ruby/ruby.h:1826:56: note: expanded from macro 'rb_intern'
 1826 |         __extension__ (RUBY_CONST_ID_CACHE((ID), (str))) : \
      |                                                        ^
Types.c:142:21: warning: '(' and '{' tokens introducing statement expression appear in different macro expansion contexts [-Wcompound-token-split-by-macro]
  142 |     id_initialize = rb_intern("initialize");
      |                     ^~~~~~~~~~~~~~~~~~~~~~~
/Library/Developer/CommandLineTools/SDKs/MacOSX.sdk/System/Library/Frameworks/Ruby.framework/Versions/2.6/usr/include/ruby-2.6.0/ruby/ruby.h:1826:23: note: expanded from macro 'rb_intern'
 1826 |         __extension__ (RUBY_CONST_ID_CACHE((ID), (str))) : \
      |                       ^
Types.c:142:21: note: '{' token is here
  142 |     id_initialize = rb_intern("initialize");
      |                     ^~~~~~~~~~~~~~~~~~~~~~~
/Library/Developer/CommandLineTools/SDKs/MacOSX.sdk/System/Library/Frameworks/Ruby.framework/Versions/2.6/usr/include/ruby-2.6.0/ruby/ruby.h:1826:24: note: expanded from macro 'rb_intern'
 1826 |         __extension__ (RUBY_CONST_ID_CACHE((ID), (str))) : \
      |                        ^~~~~~~~~~~~~~~~~~~~~~~~~~~~~~~~
/Library/Developer/CommandLineTools/SDKs/MacOSX.sdk/System/Library/Frameworks/Ruby.framework/Versions/2.6/usr/include/ruby-2.6.0/ruby/ruby.h:1811:5: note: expanded from macro 'RUBY_CONST_ID_CACHE'
 1811 |     {                                                   \
      |     ^
Types.c:142:21: warning: '}' and ')' tokens terminating statement expression appear in different macro expansion contexts [-Wcompound-token-split-by-macro]
  142 |     id_initialize = rb_intern("initialize");
      |                     ^~~~~~~~~~~~~~~~~~~~~~~
/Library/Developer/CommandLineTools/SDKs/MacOSX.sdk/System/Library/Frameworks/Ruby.framework/Versions/2.6/usr/include/ruby-2.6.0/ruby/ruby.h:1826:24: note: expanded from macro 'rb_intern'
 1826 |         __extension__ (RUBY_CONST_ID_CACHE((ID), (str))) : \
      |                        ^~~~~~~~~~~~~~~~~~~~~~~~~~~~~~~~
/Library/Developer/CommandLineTools/SDKs/MacOSX.sdk/System/Library/Frameworks/Ruby.framework/Versions/2.6/usr/include/ruby-2.6.0/ruby/ruby.h:1816:5: note: expanded from macro 'RUBY_CONST_ID_CACHE'
 1816 |     }
      |     ^
Types.c:142:21: note: ')' token is here
  142 |     id_initialize = rb_intern("initialize");
      |                     ^~~~~~~~~~~~~~~~~~~~~~~
/Library/Developer/CommandLineTools/SDKs/MacOSX.sdk/System/Library/Frameworks/Ruby.framework/Versions/2.6/usr/include/ruby-2.6.0/ruby/ruby.h:1826:56: note: expanded from macro 'rb_intern'
 1826 |         __extension__ (RUBY_CONST_ID_CACHE((ID), (str))) : \
      |                                                        ^
4 warnings generated.
compiling Variadic.c
Variadic.c:142:47: warning: '(' and '{' tokens introducing statement expression appear in different macro expansion contexts [-Wcompound-token-split-by-macro]
  142 |     convention = rb_hash_aref(options, ID2SYM(rb_intern("convention")));
      |                                               ^~~~~~~~~~~~~~~~~~~~~~~
/Library/Developer/CommandLineTools/SDKs/MacOSX.sdk/System/Library/Frameworks/Ruby.framework/Versions/2.6/usr/include/ruby-2.6.0/ruby/ruby.h:1826:23: note: expanded from macro 'rb_intern'
 1826 |         __extension__ (RUBY_CONST_ID_CACHE((ID), (str))) : \
      |                       ^
/Library/Developer/CommandLineTools/SDKs/MacOSX.sdk/System/Library/Frameworks/Ruby.framework/Versions/2.6/usr/include/ruby-2.6.0/ruby/ruby.h:413:29: note: expanded from macro 'ID2SYM'
  413 | #define ID2SYM(x) RB_ID2SYM(x)
      |                             ^
/Library/Developer/CommandLineTools/SDKs/MacOSX.sdk/System/Library/Frameworks/Ruby.framework/Versions/2.6/usr/include/ruby-2.6.0/ruby/ruby.h:408:33: note: expanded from macro 'RB_ID2SYM'
  408 | #define RB_ID2SYM(x) (rb_id2sym(x))
      |                                 ^
Variadic.c:142:47: note: '{' token is here
  142 |     convention = rb_hash_aref(options, ID2SYM(rb_intern("convention")));
      |                                               ^~~~~~~~~~~~~~~~~~~~~~~
/Library/Developer/CommandLineTools/SDKs/MacOSX.sdk/System/Library/Frameworks/Ruby.framework/Versions/2.6/usr/include/ruby-2.6.0/ruby/ruby.h:1826:24: note: expanded from macro 'rb_intern'
 1826 |         __extension__ (RUBY_CONST_ID_CACHE((ID), (str))) : \
      |                        ^~~~~~~~~~~~~~~~~~~~~~~~~~~~~~~~
/Library/Developer/CommandLineTools/SDKs/MacOSX.sdk/System/Library/Frameworks/Ruby.framework/Versions/2.6/usr/include/ruby-2.6.0/ruby/ruby.h:1811:5: note: expanded from macro 'RUBY_CONST_ID_CACHE'
 1811 |     {                                                   \
      |     ^
/Library/Developer/CommandLineTools/SDKs/MacOSX.sdk/System/Library/Frameworks/Ruby.framework/Versions/2.6/usr/include/ruby-2.6.0/ruby/ruby.h:413:29: note: expanded from macro 'ID2SYM'
  413 | #define ID2SYM(x) RB_ID2SYM(x)
      |                             ^
/Library/Developer/CommandLineTools/SDKs/MacOSX.sdk/System/Library/Frameworks/Ruby.framework/Versions/2.6/usr/include/ruby-2.6.0/ruby/ruby.h:408:33: note: expanded from macro 'RB_ID2SYM'
  408 | #define RB_ID2SYM(x) (rb_id2sym(x))
      |                                 ^
Variadic.c:142:47: warning: '}' and ')' tokens terminating statement expression appear in different macro expansion contexts [-Wcompound-token-split-by-macro]
  142 |     convention = rb_hash_aref(options, ID2SYM(rb_intern("convention")));
      |                                               ^~~~~~~~~~~~~~~~~~~~~~~
/Library/Developer/CommandLineTools/SDKs/MacOSX.sdk/System/Library/Frameworks/Ruby.framework/Versions/2.6/usr/include/ruby-2.6.0/ruby/ruby.h:1826:24: note: expanded from macro 'rb_intern'
 1826 |         __extension__ (RUBY_CONST_ID_CACHE((ID), (str))) : \
      |                        ^~~~~~~~~~~~~~~~~~~~~~~~~~~~~~~~
/Library/Developer/CommandLineTools/SDKs/MacOSX.sdk/System/Library/Frameworks/Ruby.framework/Versions/2.6/usr/include/ruby-2.6.0/ruby/ruby.h:1816:5: note: expanded from macro 'RUBY_CONST_ID_CACHE'
 1816 |     }
      |     ^
/Library/Developer/CommandLineTools/SDKs/MacOSX.sdk/System/Library/Frameworks/Ruby.framework/Versions/2.6/usr/include/ruby-2.6.0/ruby/ruby.h:413:29: note: expanded from macro 'ID2SYM'
  413 | #define ID2SYM(x) RB_ID2SYM(x)
      |                             ^
/Library/Developer/CommandLineTools/SDKs/MacOSX.sdk/System/Library/Frameworks/Ruby.framework/Versions/2.6/usr/include/ruby-2.6.0/ruby/ruby.h:408:33: note: expanded from macro 'RB_ID2SYM'
  408 | #define RB_ID2SYM(x) (rb_id2sym(x))
      |                                 ^
Variadic.c:142:47: note: ')' token is here
  142 |     convention = rb_hash_aref(options, ID2SYM(rb_intern("convention")));
      |                                               ^~~~~~~~~~~~~~~~~~~~~~~
/Library/Developer/CommandLineTools/SDKs/MacOSX.sdk/System/Library/Frameworks/Ruby.framework/Versions/2.6/usr/include/ruby-2.6.0/ruby/ruby.h:1826:56: note: expanded from macro 'rb_intern'
 1826 |         __extension__ (RUBY_CONST_ID_CACHE((ID), (str))) : \
      |                                                        ^
/Library/Developer/CommandLineTools/SDKs/MacOSX.sdk/System/Library/Frameworks/Ruby.framework/Versions/2.6/usr/include/ruby-2.6.0/ruby/ruby.h:413:29: note: expanded from macro 'ID2SYM'
  413 | #define ID2SYM(x) RB_ID2SYM(x)
      |                             ^
/Library/Developer/CommandLineTools/SDKs/MacOSX.sdk/System/Library/Frameworks/Ruby.framework/Versions/2.6/usr/include/ruby-2.6.0/ruby/ruby.h:408:33: note: expanded from macro 'RB_ID2SYM'
  408 | #define RB_ID2SYM(x) (rb_id2sym(x))
      |                                 ^
Variadic.c:145:72: warning: '(' and '{' tokens introducing statement expression appear in different macro expansion contexts [-Wcompound-token-split-by-macro]
  145 |     RB_OBJ_WRITE(self, &invoker->rbEnums, rb_hash_aref(options, ID2SYM(rb_intern("enums"))));
      |                                                                        ^~~~~~~~~~~~~~~~~~
/Library/Developer/CommandLineTools/SDKs/MacOSX.sdk/System/Library/Frameworks/Ruby.framework/Versions/2.6/usr/include/ruby-2.6.0/ruby/ruby.h:1826:23: note: expanded from macro 'rb_intern'
 1826 |         __extension__ (RUBY_CONST_ID_CACHE((ID), (str))) : \
      |                       ^
/Library/Developer/CommandLineTools/SDKs/MacOSX.sdk/System/Library/Frameworks/Ruby.framework/Versions/2.6/usr/include/ruby-2.6.0/ruby/ruby.h:413:29: note: expanded from macro 'ID2SYM'
  413 | #define ID2SYM(x) RB_ID2SYM(x)
      |                             ^
/Library/Developer/CommandLineTools/SDKs/MacOSX.sdk/System/Library/Frameworks/Ruby.framework/Versions/2.6/usr/include/ruby-2.6.0/ruby/ruby.h:408:33: note: expanded from macro 'RB_ID2SYM'
  408 | #define RB_ID2SYM(x) (rb_id2sym(x))
      |                                 ^
/Library/Developer/CommandLineTools/SDKs/MacOSX.sdk/System/Library/Frameworks/Ruby.framework/Versions/2.6/usr/include/ruby-2.6.0/ruby/ruby.h:1493:90: note: expanded from macro 'RB_OBJ_WRITE'
 1493 | #define RB_OBJ_WRITE(a, slot, b)       rb_obj_write((VALUE)(a), (VALUE *)(slot), (VALUE)(b), __FILE__, __LINE__)
      |                                                                                          ^
Variadic.c:145:72: note: '{' token is here
  145 |     RB_OBJ_WRITE(self, &invoker->rbEnums, rb_hash_aref(options, ID2SYM(rb_intern("enums"))));
      |                                                                        ^~~~~~~~~~~~~~~~~~
/Library/Developer/CommandLineTools/SDKs/MacOSX.sdk/System/Library/Frameworks/Ruby.framework/Versions/2.6/usr/include/ruby-2.6.0/ruby/ruby.h:1826:24: note: expanded from macro 'rb_intern'
 1826 |         __extension__ (RUBY_CONST_ID_CACHE((ID), (str))) : \
      |                        ^~~~~~~~~~~~~~~~~~~~~~~~~~~~~~~~
/Library/Developer/CommandLineTools/SDKs/MacOSX.sdk/System/Library/Frameworks/Ruby.framework/Versions/2.6/usr/include/ruby-2.6.0/ruby/ruby.h:1811:5: note: expanded from macro 'RUBY_CONST_ID_CACHE'
 1811 |     {                                                   \
      |     ^
/Library/Developer/CommandLineTools/SDKs/MacOSX.sdk/System/Library/Frameworks/Ruby.framework/Versions/2.6/usr/include/ruby-2.6.0/ruby/ruby.h:413:29: note: expanded from macro 'ID2SYM'
  413 | #define ID2SYM(x) RB_ID2SYM(x)
      |                             ^
/Library/Developer/CommandLineTools/SDKs/MacOSX.sdk/System/Library/Frameworks/Ruby.framework/Versions/2.6/usr/include/ruby-2.6.0/ruby/ruby.h:408:33: note: expanded from macro 'RB_ID2SYM'
  408 | #define RB_ID2SYM(x) (rb_id2sym(x))
      |                                 ^
/Library/Developer/CommandLineTools/SDKs/MacOSX.sdk/System/Library/Frameworks/Ruby.framework/Versions/2.6/usr/include/ruby-2.6.0/ruby/ruby.h:1493:90: note: expanded from macro 'RB_OBJ_WRITE'
 1493 | #define RB_OBJ_WRITE(a, slot, b)       rb_obj_write((VALUE)(a), (VALUE *)(slot), (VALUE)(b), __FILE__, __LINE__)
      |                                                                                          ^
Variadic.c:145:72: warning: '}' and ')' tokens terminating statement expression appear in different macro expansion contexts [-Wcompound-token-split-by-macro]
  145 |     RB_OBJ_WRITE(self, &invoker->rbEnums, rb_hash_aref(options, ID2SYM(rb_intern("enums"))));
      |                                                                        ^~~~~~~~~~~~~~~~~~
/Library/Developer/CommandLineTools/SDKs/MacOSX.sdk/System/Library/Frameworks/Ruby.framework/Versions/2.6/usr/include/ruby-2.6.0/ruby/ruby.h:1826:24: note: expanded from macro 'rb_intern'
 1826 |         __extension__ (RUBY_CONST_ID_CACHE((ID), (str))) : \
      |                        ^~~~~~~~~~~~~~~~~~~~~~~~~~~~~~~~
/Library/Developer/CommandLineTools/SDKs/MacOSX.sdk/System/Library/Frameworks/Ruby.framework/Versions/2.6/usr/include/ruby-2.6.0/ruby/ruby.h:1816:5: note: expanded from macro 'RUBY_CONST_ID_CACHE'
 1816 |     }
      |     ^
/Library/Developer/CommandLineTools/SDKs/MacOSX.sdk/System/Library/Frameworks/Ruby.framework/Versions/2.6/usr/include/ruby-2.6.0/ruby/ruby.h:413:29: note: expanded from macro 'ID2SYM'
  413 | #define ID2SYM(x) RB_ID2SYM(x)
      |                             ^
/Library/Developer/CommandLineTools/SDKs/MacOSX.sdk/System/Library/Frameworks/Ruby.framework/Versions/2.6/usr/include/ruby-2.6.0/ruby/ruby.h:408:33: note: expanded from macro 'RB_ID2SYM'
  408 | #define RB_ID2SYM(x) (rb_id2sym(x))
      |                                 ^
/Library/Developer/CommandLineTools/SDKs/MacOSX.sdk/System/Library/Frameworks/Ruby.framework/Versions/2.6/usr/include/ruby-2.6.0/ruby/ruby.h:1493:90: note: expanded from macro 'RB_OBJ_WRITE'
 1493 | #define RB_OBJ_WRITE(a, slot, b)       rb_obj_write((VALUE)(a), (VALUE *)(slot), (VALUE)(b), __FILE__, __LINE__)
      |                                                                                          ^
Variadic.c:145:72: note: ')' token is here
  145 |     RB_OBJ_WRITE(self, &invoker->rbEnums, rb_hash_aref(options, ID2SYM(rb_intern("enums"))));
      |                                                                        ^~~~~~~~~~~~~~~~~~
/Library/Developer/CommandLineTools/SDKs/MacOSX.sdk/System/Library/Frameworks/Ruby.framework/Versions/2.6/usr/include/ruby-2.6.0/ruby/ruby.h:1826:56: note: expanded from macro 'rb_intern'
 1826 |         __extension__ (RUBY_CONST_ID_CACHE((ID), (str))) : \
      |                                                        ^
/Library/Developer/CommandLineTools/SDKs/MacOSX.sdk/System/Library/Frameworks/Ruby.framework/Versions/2.6/usr/include/ruby-2.6.0/ruby/ruby.h:413:29: note: expanded from macro 'ID2SYM'
  413 | #define ID2SYM(x) RB_ID2SYM(x)
      |                             ^
/Library/Developer/CommandLineTools/SDKs/MacOSX.sdk/System/Library/Frameworks/Ruby.framework/Versions/2.6/usr/include/ruby-2.6.0/ruby/ruby.h:408:33: note: expanded from macro 'RB_ID2SYM'
  408 | #define RB_ID2SYM(x) (rb_id2sym(x))
      |                                 ^
/Library/Developer/CommandLineTools/SDKs/MacOSX.sdk/System/Library/Frameworks/Ruby.framework/Versions/2.6/usr/include/ruby-2.6.0/ruby/ruby.h:1493:90: note: expanded from macro 'RB_OBJ_WRITE'
 1493 | #define RB_OBJ_WRITE(a, slot, b)       rb_obj_write((VALUE)(a), (VALUE *)(slot), (VALUE)(b), __FILE__, __LINE__)
      |                                                                                          ^
Variadic.c:148:60: warning: '(' and '{' tokens introducing statement expression appear in different macro expansion contexts [-Wcompound-token-split-by-macro]
  148 |     invoker->blocking = RTEST(rb_hash_aref(options, ID2SYM(rb_intern("blocking"))));
      |                                                            ^~~~~~~~~~~~~~~~~~~~~
/Library/Developer/CommandLineTools/SDKs/MacOSX.sdk/System/Library/Frameworks/Ruby.framework/Versions/2.6/usr/include/ruby-2.6.0/ruby/ruby.h:1826:23: note: expanded from macro 'rb_intern'
 1826 |         __extension__ (RUBY_CONST_ID_CACHE((ID), (str))) : \
      |                       ^
/Library/Developer/CommandLineTools/SDKs/MacOSX.sdk/System/Library/Frameworks/Ruby.framework/Versions/2.6/usr/include/ruby-2.6.0/ruby/ruby.h:413:29: note: expanded from macro 'ID2SYM'
  413 | #define ID2SYM(x) RB_ID2SYM(x)
      |                             ^
/Library/Developer/CommandLineTools/SDKs/MacOSX.sdk/System/Library/Frameworks/Ruby.framework/Versions/2.6/usr/include/ruby-2.6.0/ruby/ruby.h:408:33: note: expanded from macro 'RB_ID2SYM'
  408 | #define RB_ID2SYM(x) (rb_id2sym(x))
      |                                 ^
/Library/Developer/CommandLineTools/SDKs/MacOSX.sdk/System/Library/Frameworks/Ruby.framework/Versions/2.6/usr/include/ruby-2.6.0/ruby/ruby.h:480:26: note: expanded from macro 'RTEST'
  480 | #define RTEST(v) RB_TEST(v)
      |                          ^
/Library/Developer/CommandLineTools/SDKs/MacOSX.sdk/System/Library/Frameworks/Ruby.framework/Versions/2.6/usr/include/ruby-2.6.0/ruby/ruby.h:478:31: note: expanded from macro 'RB_TEST'
  478 | #define RB_TEST(v) !(((VALUE)(v) & (VALUE)~RUBY_Qnil) == 0)
      |                               ^
Variadic.c:148:60: note: '{' token is here
  148 |     invoker->blocking = RTEST(rb_hash_aref(options, ID2SYM(rb_intern("blocking"))));
      |                                                            ^~~~~~~~~~~~~~~~~~~~~
/Library/Developer/CommandLineTools/SDKs/MacOSX.sdk/System/Library/Frameworks/Ruby.framework/Versions/2.6/usr/include/ruby-2.6.0/ruby/ruby.h:1826:24: note: expanded from macro 'rb_intern'
 1826 |         __extension__ (RUBY_CONST_ID_CACHE((ID), (str))) : \
      |                        ^~~~~~~~~~~~~~~~~~~~~~~~~~~~~~~~
/Library/Developer/CommandLineTools/SDKs/MacOSX.sdk/System/Library/Frameworks/Ruby.framework/Versions/2.6/usr/include/ruby-2.6.0/ruby/ruby.h:1811:5: note: expanded from macro 'RUBY_CONST_ID_CACHE'
 1811 |     {                                                   \
      |     ^
/Library/Developer/CommandLineTools/SDKs/MacOSX.sdk/System/Library/Frameworks/Ruby.framework/Versions/2.6/usr/include/ruby-2.6.0/ruby/ruby.h:413:29: note: expanded from macro 'ID2SYM'
  413 | #define ID2SYM(x) RB_ID2SYM(x)
      |                             ^
/Library/Developer/CommandLineTools/SDKs/MacOSX.sdk/System/Library/Frameworks/Ruby.framework/Versions/2.6/usr/include/ruby-2.6.0/ruby/ruby.h:408:33: note: expanded from macro 'RB_ID2SYM'
  408 | #define RB_ID2SYM(x) (rb_id2sym(x))
      |                                 ^
/Library/Developer/CommandLineTools/SDKs/MacOSX.sdk/System/Library/Frameworks/Ruby.framework/Versions/2.6/usr/include/ruby-2.6.0/ruby/ruby.h:480:26: note: expanded from macro 'RTEST'
  480 | #define RTEST(v) RB_TEST(v)
      |                          ^
/Library/Developer/CommandLineTools/SDKs/MacOSX.sdk/System/Library/Frameworks/Ruby.framework/Versions/2.6/usr/include/ruby-2.6.0/ruby/ruby.h:478:31: note: expanded from macro 'RB_TEST'
  478 | #define RB_TEST(v) !(((VALUE)(v) & (VALUE)~RUBY_Qnil) == 0)
      |                               ^
Variadic.c:148:60: warning: '}' and ')' tokens terminating statement expression appear in different macro expansion contexts [-Wcompound-token-split-by-macro]
  148 |     invoker->blocking = RTEST(rb_hash_aref(options, ID2SYM(rb_intern("blocking"))));
      |                                                            ^~~~~~~~~~~~~~~~~~~~~
/Library/Developer/CommandLineTools/SDKs/MacOSX.sdk/System/Library/Frameworks/Ruby.framework/Versions/2.6/usr/include/ruby-2.6.0/ruby/ruby.h:1826:24: note: expanded from macro 'rb_intern'
 1826 |         __extension__ (RUBY_CONST_ID_CACHE((ID), (str))) : \
      |                        ^~~~~~~~~~~~~~~~~~~~~~~~~~~~~~~~
/Library/Developer/CommandLineTools/SDKs/MacOSX.sdk/System/Library/Frameworks/Ruby.framework/Versions/2.6/usr/include/ruby-2.6.0/ruby/ruby.h:1816:5: note: expanded from macro 'RUBY_CONST_ID_CACHE'
 1816 |     }
      |     ^
/Library/Developer/CommandLineTools/SDKs/MacOSX.sdk/System/Library/Frameworks/Ruby.framework/Versions/2.6/usr/include/ruby-2.6.0/ruby/ruby.h:413:29: note: expanded from macro 'ID2SYM'
  413 | #define ID2SYM(x) RB_ID2SYM(x)
      |                             ^
/Library/Developer/CommandLineTools/SDKs/MacOSX.sdk/System/Library/Frameworks/Ruby.framework/Versions/2.6/usr/include/ruby-2.6.0/ruby/ruby.h:408:33: note: expanded from macro 'RB_ID2SYM'
  408 | #define RB_ID2SYM(x) (rb_id2sym(x))
      |                                 ^
/Library/Developer/CommandLineTools/SDKs/MacOSX.sdk/System/Library/Frameworks/Ruby.framework/Versions/2.6/usr/include/ruby-2.6.0/ruby/ruby.h:480:26: note: expanded from macro 'RTEST'
  480 | #define RTEST(v) RB_TEST(v)
      |                          ^
/Library/Developer/CommandLineTools/SDKs/MacOSX.sdk/System/Library/Frameworks/Ruby.framework/Versions/2.6/usr/include/ruby-2.6.0/ruby/ruby.h:478:31: note: expanded from macro 'RB_TEST'
  478 | #define RB_TEST(v) !(((VALUE)(v) & (VALUE)~RUBY_Qnil) == 0)
      |                               ^
Variadic.c:148:60: note: ')' token is here
  148 |     invoker->blocking = RTEST(rb_hash_aref(options, ID2SYM(rb_intern("blocking"))));
      |                                                            ^~~~~~~~~~~~~~~~~~~~~
/Library/Developer/CommandLineTools/SDKs/MacOSX.sdk/System/Library/Frameworks/Ruby.framework/Versions/2.6/usr/include/ruby-2.6.0/ruby/ruby.h:1826:56: note: expanded from macro 'rb_intern'
 1826 |         __extension__ (RUBY_CONST_ID_CACHE((ID), (str))) : \
      |                                                        ^
/Library/Developer/CommandLineTools/SDKs/MacOSX.sdk/System/Library/Frameworks/Ruby.framework/Versions/2.6/usr/include/ruby-2.6.0/ruby/ruby.h:413:29: note: expanded from macro 'ID2SYM'
  413 | #define ID2SYM(x) RB_ID2SYM(x)
      |                             ^
/Library/Developer/CommandLineTools/SDKs/MacOSX.sdk/System/Library/Frameworks/Ruby.framework/Versions/2.6/usr/include/ruby-2.6.0/ruby/ruby.h:408:33: note: expanded from macro 'RB_ID2SYM'
  408 | #define RB_ID2SYM(x) (rb_id2sym(x))
      |                                 ^
/Library/Developer/CommandLineTools/SDKs/MacOSX.sdk/System/Library/Frameworks/Ruby.framework/Versions/2.6/usr/include/ruby-2.6.0/ruby/ruby.h:480:26: note: expanded from macro 'RTEST'
  480 | #define RTEST(v) RB_TEST(v)
      |                          ^
/Library/Developer/CommandLineTools/SDKs/MacOSX.sdk/System/Library/Frameworks/Ruby.framework/Versions/2.6/usr/include/ruby-2.6.0/ruby/ruby.h:478:31: note: expanded from macro 'RB_TEST'
  478 | #define RB_TEST(v) !(((VALUE)(v) & (VALUE)~RUBY_Qnil) == 0)
      |                               ^
Variadic.c:160:52: warning: '(' and '{' tokens introducing statement expression appear in different macro expansion contexts [-Wcompound-token-split-by-macro]
  160 |         VALUE typeName = rb_funcall2(rbReturnType, rb_intern("inspect"), 0, NULL);
      |                                                    ^~~~~~~~~~~~~~~~~~~~
/Library/Developer/CommandLineTools/SDKs/MacOSX.sdk/System/Library/Frameworks/Ruby.framework/Versions/2.6/usr/include/ruby-2.6.0/ruby/ruby.h:1826:23: note: expanded from macro 'rb_intern'
 1826 |         __extension__ (RUBY_CONST_ID_CACHE((ID), (str))) : \
      |                       ^
Variadic.c:160:52: note: '{' token is here
  160 |         VALUE typeName = rb_funcall2(rbReturnType, rb_intern("inspect"), 0, NULL);
      |                                                    ^~~~~~~~~~~~~~~~~~~~
/Library/Developer/CommandLineTools/SDKs/MacOSX.sdk/System/Library/Frameworks/Ruby.framework/Versions/2.6/usr/include/ruby-2.6.0/ruby/ruby.h:1826:24: note: expanded from macro 'rb_intern'
 1826 |         __extension__ (RUBY_CONST_ID_CACHE((ID), (str))) : \
      |                        ^~~~~~~~~~~~~~~~~~~~~~~~~~~~~~~~
/Library/Developer/CommandLineTools/SDKs/MacOSX.sdk/System/Library/Frameworks/Ruby.framework/Versions/2.6/usr/include/ruby-2.6.0/ruby/ruby.h:1811:5: note: expanded from macro 'RUBY_CONST_ID_CACHE'
 1811 |     {                                                   \
      |     ^
Variadic.c:160:52: warning: '}' and ')' tokens terminating statement expression appear in different macro expansion contexts [-Wcompound-token-split-by-macro]
  160 |         VALUE typeName = rb_funcall2(rbReturnType, rb_intern("inspect"), 0, NULL);
      |                                                    ^~~~~~~~~~~~~~~~~~~~
/Library/Developer/CommandLineTools/SDKs/MacOSX.sdk/System/Library/Frameworks/Ruby.framework/Versions/2.6/usr/include/ruby-2.6.0/ruby/ruby.h:1826:24: note: expanded from macro 'rb_intern'
 1826 |         __extension__ (RUBY_CONST_ID_CACHE((ID), (str))) : \
      |                        ^~~~~~~~~~~~~~~~~~~~~~~~~~~~~~~~
/Library/Developer/CommandLineTools/SDKs/MacOSX.sdk/System/Library/Frameworks/Ruby.framework/Versions/2.6/usr/include/ruby-2.6.0/ruby/ruby.h:1816:5: note: expanded from macro 'RUBY_CONST_ID_CACHE'
 1816 |     }
      |     ^
Variadic.c:160:52: note: ')' token is here
  160 |         VALUE typeName = rb_funcall2(rbReturnType, rb_intern("inspect"), 0, NULL);
      |                                                    ^~~~~~~~~~~~~~~~~~~~
/Library/Developer/CommandLineTools/SDKs/MacOSX.sdk/System/Library/Frameworks/Ruby.framework/Versions/2.6/usr/include/ruby-2.6.0/ruby/ruby.h:1826:56: note: expanded from macro 'rb_intern'
 1826 |         __extension__ (RUBY_CONST_ID_CACHE((ID), (str))) : \
      |                                                        ^
Variadic.c:175:49: warning: '(' and '{' tokens introducing statement expression appear in different macro expansion contexts [-Wcompound-token-split-by-macro]
  175 |             VALUE typeName = rb_funcall2(entry, rb_intern("inspect"), 0, NULL);
      |                                                 ^~~~~~~~~~~~~~~~~~~~
/Library/Developer/CommandLineTools/SDKs/MacOSX.sdk/System/Library/Frameworks/Ruby.framework/Versions/2.6/usr/include/ruby-2.6.0/ruby/ruby.h:1826:23: note: expanded from macro 'rb_intern'
 1826 |         __extension__ (RUBY_CONST_ID_CACHE((ID), (str))) : \
      |                       ^
Variadic.c:175:49: note: '{' token is here
  175 |             VALUE typeName = rb_funcall2(entry, rb_intern("inspect"), 0, NULL);
      |                                                 ^~~~~~~~~~~~~~~~~~~~
/Library/Developer/CommandLineTools/SDKs/MacOSX.sdk/System/Library/Frameworks/Ruby.framework/Versions/2.6/usr/include/ruby-2.6.0/ruby/ruby.h:1826:24: note: expanded from macro 'rb_intern'
 1826 |         __extension__ (RUBY_CONST_ID_CACHE((ID), (str))) : \
      |                        ^~~~~~~~~~~~~~~~~~~~~~~~~~~~~~~~
/Library/Developer/CommandLineTools/SDKs/MacOSX.sdk/System/Library/Frameworks/Ruby.framework/Versions/2.6/usr/include/ruby-2.6.0/ruby/ruby.h:1811:5: note: expanded from macro 'RUBY_CONST_ID_CACHE'
 1811 |     {                                                   \
      |     ^
Variadic.c:175:49: warning: '}' and ')' tokens terminating statement expression appear in different macro expansion contexts [-Wcompound-token-split-by-macro]
  175 |             VALUE typeName = rb_funcall2(entry, rb_intern("inspect"), 0, NULL);
      |                                                 ^~~~~~~~~~~~~~~~~~~~
/Library/Developer/CommandLineTools/SDKs/MacOSX.sdk/System/Library/Frameworks/Ruby.framework/Versions/2.6/usr/include/ruby-2.6.0/ruby/ruby.h:1826:24: note: expanded from macro 'rb_intern'
 1826 |         __extension__ (RUBY_CONST_ID_CACHE((ID), (str))) : \
      |                        ^~~~~~~~~~~~~~~~~~~~~~~~~~~~~~~~
/Library/Developer/CommandLineTools/SDKs/MacOSX.sdk/System/Library/Frameworks/Ruby.framework/Versions/2.6/usr/include/ruby-2.6.0/ruby/ruby.h:1816:5: note: expanded from macro 'RUBY_CONST_ID_CACHE'
 1816 |     }
      |     ^
Variadic.c:175:49: note: ')' token is here
  175 |             VALUE typeName = rb_funcall2(entry, rb_intern("inspect"), 0, NULL);
      |                                                 ^~~~~~~~~~~~~~~~~~~~
/Library/Developer/CommandLineTools/SDKs/MacOSX.sdk/System/Library/Frameworks/Ruby.framework/Versions/2.6/usr/include/ruby-2.6.0/ruby/ruby.h:1826:56: note: expanded from macro 'rb_intern'
 1826 |         __extension__ (RUBY_CONST_ID_CACHE((ID), (str))) : \
      |                                                        ^
Variadic.c:187:63: warning: '(' and '{' tokens introducing statement expression appear in different macro expansion contexts [-Wcompound-token-split-by-macro]
  187 |     rb_iv_set(self, "@type_map", rb_hash_aref(options, ID2SYM(rb_intern("type_map"))));
      |                                                               ^~~~~~~~~~~~~~~~~~~~~
/Library/Developer/CommandLineTools/SDKs/MacOSX.sdk/System/Library/Frameworks/Ruby.framework/Versions/2.6/usr/include/ruby-2.6.0/ruby/ruby.h:1826:23: note: expanded from macro 'rb_intern'
 1826 |         __extension__ (RUBY_CONST_ID_CACHE((ID), (str))) : \
      |                       ^
/Library/Developer/CommandLineTools/SDKs/MacOSX.sdk/System/Library/Frameworks/Ruby.framework/Versions/2.6/usr/include/ruby-2.6.0/ruby/ruby.h:413:29: note: expanded from macro 'ID2SYM'
  413 | #define ID2SYM(x) RB_ID2SYM(x)
      |                             ^
/Library/Developer/CommandLineTools/SDKs/MacOSX.sdk/System/Library/Frameworks/Ruby.framework/Versions/2.6/usr/include/ruby-2.6.0/ruby/ruby.h:408:33: note: expanded from macro 'RB_ID2SYM'
  408 | #define RB_ID2SYM(x) (rb_id2sym(x))
      |                                 ^
Variadic.c:187:63: note: '{' token is here
  187 |     rb_iv_set(self, "@type_map", rb_hash_aref(options, ID2SYM(rb_intern("type_map"))));
      |                                                               ^~~~~~~~~~~~~~~~~~~~~
/Library/Developer/CommandLineTools/SDKs/MacOSX.sdk/System/Library/Frameworks/Ruby.framework/Versions/2.6/usr/include/ruby-2.6.0/ruby/ruby.h:1826:24: note: expanded from macro 'rb_intern'
 1826 |         __extension__ (RUBY_CONST_ID_CACHE((ID), (str))) : \
      |                        ^~~~~~~~~~~~~~~~~~~~~~~~~~~~~~~~
/Library/Developer/CommandLineTools/SDKs/MacOSX.sdk/System/Library/Frameworks/Ruby.framework/Versions/2.6/usr/include/ruby-2.6.0/ruby/ruby.h:1811:5: note: expanded from macro 'RUBY_CONST_ID_CACHE'
 1811 |     {                                                   \
      |     ^
/Library/Developer/CommandLineTools/SDKs/MacOSX.sdk/System/Library/Frameworks/Ruby.framework/Versions/2.6/usr/include/ruby-2.6.0/ruby/ruby.h:413:29: note: expanded from macro 'ID2SYM'
  413 | #define ID2SYM(x) RB_ID2SYM(x)
      |                             ^
/Library/Developer/CommandLineTools/SDKs/MacOSX.sdk/System/Library/Frameworks/Ruby.framework/Versions/2.6/usr/include/ruby-2.6.0/ruby/ruby.h:408:33: note: expanded from macro 'RB_ID2SYM'
  408 | #define RB_ID2SYM(x) (rb_id2sym(x))
      |                                 ^
Variadic.c:187:63: warning: '}' and ')' tokens terminating statement expression appear in different macro expansion contexts [-Wcompound-token-split-by-macro]
  187 |     rb_iv_set(self, "@type_map", rb_hash_aref(options, ID2SYM(rb_intern("type_map"))));
      |                                                               ^~~~~~~~~~~~~~~~~~~~~
/Library/Developer/CommandLineTools/SDKs/MacOSX.sdk/System/Library/Frameworks/Ruby.framework/Versions/2.6/usr/include/ruby-2.6.0/ruby/ruby.h:1826:24: note: expanded from macro 'rb_intern'
 1826 |         __extension__ (RUBY_CONST_ID_CACHE((ID), (str))) : \
      |                        ^~~~~~~~~~~~~~~~~~~~~~~~~~~~~~~~
/Library/Developer/CommandLineTools/SDKs/MacOSX.sdk/System/Library/Frameworks/Ruby.framework/Versions/2.6/usr/include/ruby-2.6.0/ruby/ruby.h:1816:5: note: expanded from macro 'RUBY_CONST_ID_CACHE'
 1816 |     }
      |     ^
/Library/Developer/CommandLineTools/SDKs/MacOSX.sdk/System/Library/Frameworks/Ruby.framework/Versions/2.6/usr/include/ruby-2.6.0/ruby/ruby.h:413:29: note: expanded from macro 'ID2SYM'
  413 | #define ID2SYM(x) RB_ID2SYM(x)
      |                             ^
/Library/Developer/CommandLineTools/SDKs/MacOSX.sdk/System/Library/Frameworks/Ruby.framework/Versions/2.6/usr/include/ruby-2.6.0/ruby/ruby.h:408:33: note: expanded from macro 'RB_ID2SYM'
  408 | #define RB_ID2SYM(x) (rb_id2sym(x))
      |                                 ^
Variadic.c:187:63: note: ')' token is here
  187 |     rb_iv_set(self, "@type_map", rb_hash_aref(options, ID2SYM(rb_intern("type_map"))));
      |                                                               ^~~~~~~~~~~~~~~~~~~~~
/Library/Developer/CommandLineTools/SDKs/MacOSX.sdk/System/Library/Frameworks/Ruby.framework/Versions/2.6/usr/include/ruby-2.6.0/ruby/ruby.h:1826:56: note: expanded from macro 'rb_intern'
 1826 |         __extension__ (RUBY_CONST_ID_CACHE((ID), (str))) : \
      |                                                        ^
/Library/Developer/CommandLineTools/SDKs/MacOSX.sdk/System/Library/Frameworks/Ruby.framework/Versions/2.6/usr/include/ruby-2.6.0/ruby/ruby.h:413:29: note: expanded from macro 'ID2SYM'
  413 | #define ID2SYM(x) RB_ID2SYM(x)
      |                             ^
/Library/Developer/CommandLineTools/SDKs/MacOSX.sdk/System/Library/Frameworks/Ruby.framework/Versions/2.6/usr/include/ruby-2.6.0/ruby/ruby.h:408:33: note: expanded from macro 'RB_ID2SYM'
  408 | #define RB_ID2SYM(x) (rb_id2sym(x))
      |                                 ^
Variadic.c:235:56: warning: '(' and '{' tokens introducing statement expression appear in different macro expansion contexts [-Wcompound-token-split-by-macro]
  235 |                 rbType = rb_const_get(rbffi_TypeClass, rb_intern("INT32"));
      |                                                        ^~~~~~~~~~~~~~~~~~
/Library/Developer/CommandLineTools/SDKs/MacOSX.sdk/System/Library/Frameworks/Ruby.framework/Versions/2.6/usr/include/ruby-2.6.0/ruby/ruby.h:1826:23: note: expanded from macro 'rb_intern'
 1826 |         __extension__ (RUBY_CONST_ID_CACHE((ID), (str))) : \
      |                       ^
Variadic.c:235:56: note: '{' token is here
  235 |                 rbType = rb_const_get(rbffi_TypeClass, rb_intern("INT32"));
      |                                                        ^~~~~~~~~~~~~~~~~~
/Library/Developer/CommandLineTools/SDKs/MacOSX.sdk/System/Library/Frameworks/Ruby.framework/Versions/2.6/usr/include/ruby-2.6.0/ruby/ruby.h:1826:24: note: expanded from macro 'rb_intern'
 1826 |         __extension__ (RUBY_CONST_ID_CACHE((ID), (str))) : \
      |                        ^~~~~~~~~~~~~~~~~~~~~~~~~~~~~~~~
/Library/Developer/CommandLineTools/SDKs/MacOSX.sdk/System/Library/Frameworks/Ruby.framework/Versions/2.6/usr/include/ruby-2.6.0/ruby/ruby.h:1811:5: note: expanded from macro 'RUBY_CONST_ID_CACHE'
 1811 |     {                                                   \
      |     ^
Variadic.c:235:56: warning: '}' and ')' tokens terminating statement expression appear in different macro expansion contexts [-Wcompound-token-split-by-macro]
  235 |                 rbType = rb_const_get(rbffi_TypeClass, rb_intern("INT32"));
      |                                                        ^~~~~~~~~~~~~~~~~~
/Library/Developer/CommandLineTools/SDKs/MacOSX.sdk/System/Library/Frameworks/Ruby.framework/Versions/2.6/usr/include/ruby-2.6.0/ruby/ruby.h:1826:24: note: expanded from macro 'rb_intern'
 1826 |         __extension__ (RUBY_CONST_ID_CACHE((ID), (str))) : \
      |                        ^~~~~~~~~~~~~~~~~~~~~~~~~~~~~~~~
/Library/Developer/CommandLineTools/SDKs/MacOSX.sdk/System/Library/Frameworks/Ruby.framework/Versions/2.6/usr/include/ruby-2.6.0/ruby/ruby.h:1816:5: note: expanded from macro 'RUBY_CONST_ID_CACHE'
 1816 |     }
      |     ^
Variadic.c:235:56: note: ')' token is here
  235 |                 rbType = rb_const_get(rbffi_TypeClass, rb_intern("INT32"));
      |                                                        ^~~~~~~~~~~~~~~~~~
/Library/Developer/CommandLineTools/SDKs/MacOSX.sdk/System/Library/Frameworks/Ruby.framework/Versions/2.6/usr/include/ruby-2.6.0/ruby/ruby.h:1826:56: note: expanded from macro 'rb_intern'
 1826 |         __extension__ (RUBY_CONST_ID_CACHE((ID), (str))) : \
      |                                                        ^
Variadic.c:241:56: warning: '(' and '{' tokens introducing statement expression appear in different macro expansion contexts [-Wcompound-token-split-by-macro]
  241 |                 rbType = rb_const_get(rbffi_TypeClass, rb_intern("UINT32"));
      |                                                        ^~~~~~~~~~~~~~~~~~~
/Library/Developer/CommandLineTools/SDKs/MacOSX.sdk/System/Library/Frameworks/Ruby.framework/Versions/2.6/usr/include/ruby-2.6.0/ruby/ruby.h:1826:23: note: expanded from macro 'rb_intern'
 1826 |         __extension__ (RUBY_CONST_ID_CACHE((ID), (str))) : \
      |                       ^
Variadic.c:241:56: note: '{' token is here
  241 |                 rbType = rb_const_get(rbffi_TypeClass, rb_intern("UINT32"));
      |                                                        ^~~~~~~~~~~~~~~~~~~
/Library/Developer/CommandLineTools/SDKs/MacOSX.sdk/System/Library/Frameworks/Ruby.framework/Versions/2.6/usr/include/ruby-2.6.0/ruby/ruby.h:1826:24: note: expanded from macro 'rb_intern'
 1826 |         __extension__ (RUBY_CONST_ID_CACHE((ID), (str))) : \
      |                        ^~~~~~~~~~~~~~~~~~~~~~~~~~~~~~~~
/Library/Developer/CommandLineTools/SDKs/MacOSX.sdk/System/Library/Frameworks/Ruby.framework/Versions/2.6/usr/include/ruby-2.6.0/ruby/ruby.h:1811:5: note: expanded from macro 'RUBY_CONST_ID_CACHE'
 1811 |     {                                                   \
      |     ^
Variadic.c:241:56: warning: '}' and ')' tokens terminating statement expression appear in different macro expansion contexts [-Wcompound-token-split-by-macro]
  241 |                 rbType = rb_const_get(rbffi_TypeClass, rb_intern("UINT32"));
      |                                                        ^~~~~~~~~~~~~~~~~~~
/Library/Developer/CommandLineTools/SDKs/MacOSX.sdk/System/Library/Frameworks/Ruby.framework/Versions/2.6/usr/include/ruby-2.6.0/ruby/ruby.h:1826:24: note: expanded from macro 'rb_intern'
 1826 |         __extension__ (RUBY_CONST_ID_CACHE((ID), (str))) : \
      |                        ^~~~~~~~~~~~~~~~~~~~~~~~~~~~~~~~
/Library/Developer/CommandLineTools/SDKs/MacOSX.sdk/System/Library/Frameworks/Ruby.framework/Versions/2.6/usr/include/ruby-2.6.0/ruby/ruby.h:1816:5: note: expanded from macro 'RUBY_CONST_ID_CACHE'
 1816 |     }
      |     ^
Variadic.c:241:56: note: ')' token is here
  241 |                 rbType = rb_const_get(rbffi_TypeClass, rb_intern("UINT32"));
      |                                                        ^~~~~~~~~~~~~~~~~~~
/Library/Developer/CommandLineTools/SDKs/MacOSX.sdk/System/Library/Frameworks/Ruby.framework/Versions/2.6/usr/include/ruby-2.6.0/ruby/ruby.h:1826:56: note: expanded from macro 'rb_intern'
 1826 |         __extension__ (RUBY_CONST_ID_CACHE((ID), (str))) : \
      |                                                        ^
Variadic.c:246:56: warning: '(' and '{' tokens introducing statement expression appear in different macro expansion contexts [-Wcompound-token-split-by-macro]
  246 |                 rbType = rb_const_get(rbffi_TypeClass, rb_intern("DOUBLE"));
      |                                                        ^~~~~~~~~~~~~~~~~~~
/Library/Developer/CommandLineTools/SDKs/MacOSX.sdk/System/Library/Frameworks/Ruby.framework/Versions/2.6/usr/include/ruby-2.6.0/ruby/ruby.h:1826:23: note: expanded from macro 'rb_intern'
 1826 |         __extension__ (RUBY_CONST_ID_CACHE((ID), (str))) : \
      |                       ^
Variadic.c:246:56: note: '{' token is here
  246 |                 rbType = rb_const_get(rbffi_TypeClass, rb_intern("DOUBLE"));
      |                                                        ^~~~~~~~~~~~~~~~~~~
/Library/Developer/CommandLineTools/SDKs/MacOSX.sdk/System/Library/Frameworks/Ruby.framework/Versions/2.6/usr/include/ruby-2.6.0/ruby/ruby.h:1826:24: note: expanded from macro 'rb_intern'
 1826 |         __extension__ (RUBY_CONST_ID_CACHE((ID), (str))) : \
      |                        ^~~~~~~~~~~~~~~~~~~~~~~~~~~~~~~~
/Library/Developer/CommandLineTools/SDKs/MacOSX.sdk/System/Library/Frameworks/Ruby.framework/Versions/2.6/usr/include/ruby-2.6.0/ruby/ruby.h:1811:5: note: expanded from macro 'RUBY_CONST_ID_CACHE'
 1811 |     {                                                   \
      |     ^
Variadic.c:246:56: warning: '}' and ')' tokens terminating statement expression appear in different macro expansion contexts [-Wcompound-token-split-by-macro]
  246 |                 rbType = rb_const_get(rbffi_TypeClass, rb_intern("DOUBLE"));
      |                                                        ^~~~~~~~~~~~~~~~~~~
/Library/Developer/CommandLineTools/SDKs/MacOSX.sdk/System/Library/Frameworks/Ruby.framework/Versions/2.6/usr/include/ruby-2.6.0/ruby/ruby.h:1826:24: note: expanded from macro 'rb_intern'
 1826 |         __extension__ (RUBY_CONST_ID_CACHE((ID), (str))) : \
      |                        ^~~~~~~~~~~~~~~~~~~~~~~~~~~~~~~~
/Library/Developer/CommandLineTools/SDKs/MacOSX.sdk/System/Library/Frameworks/Ruby.framework/Versions/2.6/usr/include/ruby-2.6.0/ruby/ruby.h:1816:5: note: expanded from macro 'RUBY_CONST_ID_CACHE'
 1816 |     }
      |     ^
Variadic.c:246:56: note: ')' token is here
  246 |                 rbType = rb_const_get(rbffi_TypeClass, rb_intern("DOUBLE"));
      |                                                        ^~~~~~~~~~~~~~~~~~~
/Library/Developer/CommandLineTools/SDKs/MacOSX.sdk/System/Library/Frameworks/Ruby.framework/Versions/2.6/usr/include/ruby-2.6.0/ruby/ruby.h:1826:56: note: expanded from macro 'rb_intern'
 1826 |         __extension__ (RUBY_CONST_ID_CACHE((ID), (str))) : \
      |                                                        ^
Variadic.c:252:58: warning: '(' and '{' tokens introducing statement expression appear in different macro expansion contexts [-Wcompound-token-split-by-macro]
  252 |                     VALUE typeName = rb_funcall2(rbType, rb_intern("inspect"), 0, NULL);
      |                                                          ^~~~~~~~~~~~~~~~~~~~
/Library/Developer/CommandLineTools/SDKs/MacOSX.sdk/System/Library/Frameworks/Ruby.framework/Versions/2.6/usr/include/ruby-2.6.0/ruby/ruby.h:1826:23: note: expanded from macro 'rb_intern'
 1826 |         __extension__ (RUBY_CONST_ID_CACHE((ID), (str))) : \
      |                       ^
Variadic.c:252:58: note: '{' token is here
  252 |                     VALUE typeName = rb_funcall2(rbType, rb_intern("inspect"), 0, NULL);
      |                                                          ^~~~~~~~~~~~~~~~~~~~
/Library/Developer/CommandLineTools/SDKs/MacOSX.sdk/System/Library/Frameworks/Ruby.framework/Versions/2.6/usr/include/ruby-2.6.0/ruby/ruby.h:1826:24: note: expanded from macro 'rb_intern'
 1826 |         __extension__ (RUBY_CONST_ID_CACHE((ID), (str))) : \
      |                        ^~~~~~~~~~~~~~~~~~~~~~~~~~~~~~~~
/Library/Developer/CommandLineTools/SDKs/MacOSX.sdk/System/Library/Frameworks/Ruby.framework/Versions/2.6/usr/include/ruby-2.6.0/ruby/ruby.h:1811:5: note: expanded from macro 'RUBY_CONST_ID_CACHE'
 1811 |     {                                                   \
      |     ^
Variadic.c:252:58: warning: '}' and ')' tokens terminating statement expression appear in different macro expansion contexts [-Wcompound-token-split-by-macro]
  252 |                     VALUE typeName = rb_funcall2(rbType, rb_intern("inspect"), 0, NULL);
      |                                                          ^~~~~~~~~~~~~~~~~~~~
/Library/Developer/CommandLineTools/SDKs/MacOSX.sdk/System/Library/Frameworks/Ruby.framework/Versions/2.6/usr/include/ruby-2.6.0/ruby/ruby.h:1826:24: note: expanded from macro 'rb_intern'
 1826 |         __extension__ (RUBY_CONST_ID_CACHE((ID), (str))) : \
      |                        ^~~~~~~~~~~~~~~~~~~~~~~~~~~~~~~~
/Library/Developer/CommandLineTools/SDKs/MacOSX.sdk/System/Library/Frameworks/Ruby.framework/Versions/2.6/usr/include/ruby-2.6.0/ruby/ruby.h:1816:5: note: expanded from macro 'RUBY_CONST_ID_CACHE'
 1816 |     }
      |     ^
Variadic.c:252:58: note: ')' token is here
  252 |                     VALUE typeName = rb_funcall2(rbType, rb_intern("inspect"), 0, NULL);
      |                                                          ^~~~~~~~~~~~~~~~~~~~
/Library/Developer/CommandLineTools/SDKs/MacOSX.sdk/System/Library/Frameworks/Ruby.framework/Versions/2.6/usr/include/ruby-2.6.0/ruby/ruby.h:1826:56: note: expanded from macro 'rb_intern'
 1826 |         __extension__ (RUBY_CONST_ID_CACHE((ID), (str))) : \
      |                                                        ^
20 warnings generated.
compiling ffi.c
linking shared-object ffi_c.bundle
ld: warning: search path '/AppleInternal/Library/BuildRoots/4~B6shugC-pBw2FFwMVaDEXpw0Mr2FHeLtgpupfQ8/Applications/Xcode.app/Contents/Developer/Platforms/MacOSX.platform/Developer/SDKs/MacOSX26.0.Internal.sdk/usr/local/lib' not found
/usr/bin/install -c -m 0755 ffi_c.bundle ./.gem.20260127-29680-1ley3vl
